Business_Date,Day_of_Week,Day_Type,Mode,Train_Number,Line_Name,Group,Direction,Origin_Station,Destination_Station,Station_Name,Station_Latitude,Station_Longitude,Station_Chainage,Stop_Sequence_Number,Arrival_Time_Scheduled,Departure_Time_Scheduled,Passenger_Boardings,Passenger_Alightings,Passenger_Arrival_Load,Passenger_Departure_Load
2023-07-10,Monday,Normal Weekday,Metro,6200,Werribee,Northern & Cross-City,U,Laverton,Flinders Street,Laverton,-37.86369404,144.7726167,21005,1,05:37:00,05:37:00,10,0,0,10
2023-07-10,Monday,Normal Weekday,Metro,6200,Werribee,Northern & Cross-City,U,Laverton,Flinders Street,Westona,-37.86516348,144.8134936,18533,2,05:40:40,05:41:00,0,0,10,10
2023-07-10,Monday,Normal Weekday,Metro,6200,Werribee,Northern & Cross-City,U,Laverton,Flinders Street,Altona,-37.8671476,144.8296447,17148,3,05:42:40,05:43:00,0,0,10,10
2023-07-10,Monday,Normal Weekday,Metro,6200,Werribee,Northern & Cross-City,U,Laverton,Flinders Street,Seaholme,-37.86784231,144.8409577,16127,4,05:44:40,05:45:00,0,0,10,10
2023-07-10,Monday,Normal Weekday,Metro,6200,Werribee,Northern & Cross-City,U,Laverton,Flinders Street,Newport,-37.84271757,144.8835999,10555,5,05:52:40,05:53:00,0,0,10,10
2023-07-10,Monday,Normal Weekday,Metro,6200,Werribee,Northern & Cross-City,U,Laverton,Flinders Street,Spotswood,-37.83063888,144.8859335,9220,6,05:54:40,05:55:00,0,0,10,20
2023-07-10,Monday,Normal Weekday,Metro,6200,Werribee,Northern & Cross-City,U,Laverton,Flinders Street,Yarraville,-37.81585044,144.8899337,7542,7,05:56:40,05:57:00,0,0,20,20
2023-07-10,Monday,Normal Weekday,Metro,6200,Werribee,Northern & Cross-City,U,Laverton,Flinders Street,Seddon,-37.80900514,144.8956716,6618,8,05:58:40,05:59:00,0,0,20,20
2023-07-10,Monday,Normal Weekday,Metro,6200,Werribee,Northern & Cross-City,U,Laverton,Flinders Street,Footscray,-37.80108298,144.9031992,5623,9,06:00:40,06:01:00,20,0,20,40
2023-07-10,Monday,Normal Weekday,Metro,6200,Werribee,Northern & Cross-City,U,Laverton,Flinders Street,South Kensington,-37.79953087,144.925469,3492,10,06:03:40,06:04:00,0,0,40,40
2023-07-10,Monday,Normal Weekday,Metro,6200,Werribee,Northern & Cross-City,U,Laverton,Flinders Street,North Melbourne,-37.80630984,144.9415102,1680,11,06:06:40,06:07:00,0,0,40,40
2023-07-10,Monday,Normal Weekday,Metro,6200,Werribee,Northern & Cross-City,U,Laverton,Flinders Street,Southern Cross,-37.81793643,144.9514112,0,12,06:09:40,06:10:00,0,20,40,20
2023-07-10,Monday,Normal Weekday,Metro,6200,Werribee,Northern & Cross-City,U,Laverton,Flinders Street,Flinders Street,-37.81830513,144.9669643,1232,13,06:14:00,06:14:00,0,20,20,0
2023-07-10,Monday,Normal Weekday,Metro,6201,Werribee,Northern & Cross-City,D,Flinders Street,Laverton,Flinders Street,-37.81830513,144.9669643,1232,1,04:49:00,04:49:00,0,0,0,0
2023-07-10,Monday,Normal Weekday,Metro,6201,Werribee,Northern & Cross-City,D,Flinders Street,Laverton,Southern Cross,-37.81793643,144.9514112,0,2,04:51:40,04:52:00,0,0,0,0
2023-07-10,Monday,Normal Weekday,Metro,6201,Werribee,Northern & Cross-City,D,Flinders Street,Laverton,North Melbourne,-37.80630984,144.9415102,1680,3,04:54:40,04:55:00,0,0,0,10
2023-07-10,Monday,Normal Weekday,Metro,6201,Werribee,Northern & Cross-City,D,Flinders Street,Laverton,South Kensington,-37.79953087,144.925469,3492,4,04:57:40,04:58:00,0,0,10,10
2023-07-10,Monday,Normal Weekday,Metro,6201,Werribee,Northern & Cross-City,D,Flinders Street,Laverton,Footscray,-37.80108298,144.9031992,5623,5,05:00:40,05:01:00,0,0,10,0
2023-07-10,Monday,Normal Weekday,Metro,6201,Werribee,Northern & Cross-City,D,Flinders Street,Laverton,Seddon,-37.80900514,144.8956716,6618,6,05:01:40,05:02:00,0,0,0,0
2023-07-10,Monday,Normal Weekday,Metro,6201,Werribee,Northern & Cross-City,D,Flinders Street,Laverton,Yarraville,-37.81585044,144.8899337,7542,7,05:03:40,05:04:00,0,0,0,0
2023-07-10,Monday,Normal Weekday,Metro,6201,Werribee,Northern & Cross-City,D,Flinders Street,Laverton,Spotswood,-37.83063888,144.8859335,9220,8,05:05:40,05:06:00,0,0,0,0
2023-07-10,Monday,Normal Weekday,Metro,6201,Werribee,Northern & Cross-City,D,Flinders Street,Laverton,Newport,-37.84271757,144.8835999,10555,9,05:08:40,05:09:00,0,0,0,0
2023-07-10,Monday,Normal Weekday,Metro,6201,Werribee,Northern & Cross-City,D,Flinders Street,Laverton,Seaholme,-37.86784231,144.8409577,16127,10,05:15:40,05:16:00,0,0,0,0
2023-07-10,Monday,Normal Weekday,Metro,6201,Werribee,Northern & Cross-City,D,Flinders Street,Laverton,Altona,-37.8671476,144.8296447,17148,11,05:17:40,05:18:00,0,0,0,0
2023-07-10,Monday,Normal Weekday,Metro,6201,Werribee,Northern & Cross-City,D,Flinders Street,Laverton,Westona,-37.86516348,144.8134936,18533,12,05:20:40,05:21:00,0,0,0,0
2023-07-10,Monday,Normal Weekday,Metro,6201,Werribee,Northern & Cross-City,D,Flinders Street,Laverton,Laverton,-37.86369404,144.7726167,21005,13,05:25:00,05:25:00,0,0,0,0
2023-07-10,Monday,Normal Weekday,Metro,6202,Werribee,Northern & Cross-City,U,Laverton,Flinders Street,Laverton,-37.86369404,144.7726167,21005,1,05:56:00,05:56:00,10,0,0,10
2023-07-10,Monday,Normal Weekday,Metro,6202,Werribee,Northern & Cross-City,U,Laverton,Flinders Street,Westona,-37.86516348,144.8134936,18533,2,05:59:40,06:00:00,10,0,10,20
2023-07-10,Monday,Normal Weekday,Metro,6202,Werribee,Northern & Cross-City,U,Laverton,Flinders Street,Altona,-37.8671476,144.8296447,17148,3,06:01:40,06:02:00,10,0,20,20
2023-07-10,Monday,Normal Weekday,Metro,6202,Werribee,Northern & Cross-City,U,Laverton,Flinders Street,Seaholme,-37.86784231,144.8409577,16127,4,06:03:40,06:04:00,0,0,20,30
2023-07-10,Monday,Normal Weekday,Metro,6202,Werribee,Northern & Cross-City,U,Laverton,Flinders Street,Newport,-37.84271757,144.8835999,10555,5,06:12:40,06:13:00,20,0,30,50
2023-07-10,Monday,Normal Weekday,Metro,6202,Werribee,Northern & Cross-City,U,Laverton,Flinders Street,Spotswood,-37.83063888,144.8859335,9220,6,06:14:40,06:15:00,0,0,50,50
2023-07-10,Monday,Normal Weekday,Metro,6202,Werribee,Northern & Cross-City,U,Laverton,Flinders Street,Yarraville,-37.81585044,144.8899337,7542,7,06:16:40,06:17:00,10,0,50,60
2023-07-10,Monday,Normal Weekday,Metro,6202,Werribee,Northern & Cross-City,U,Laverton,Flinders Street,Seddon,-37.80900514,144.8956716,6618,8,06:18:40,06:19:00,0,0,60,60
2023-07-10,Monday,Normal Weekday,Metro,6202,Werribee,Northern & Cross-City,U,Laverton,Flinders Street,Footscray,-37.80108298,144.9031992,5623,9,06:20:40,06:21:00,30,0,60,90
2023-07-10,Monday,Normal Weekday,Metro,6202,Werribee,Northern & Cross-City,U,Laverton,Flinders Street,South Kensington,-37.79953087,144.925469,3492,10,06:23:40,06:24:00,0,0,90,90
2023-07-10,Monday,Normal Weekday,Metro,6202,Werribee,Northern & Cross-City,U,Laverton,Flinders Street,North Melbourne,-37.80630984,144.9415102,1680,11,06:26:40,06:27:00,10,10,90,90
2023-07-10,Monday,Normal Weekday,Metro,6202,Werribee,Northern & Cross-City,U,Laverton,Flinders Street,Southern Cross,-37.81793643,144.9514112,0,12,06:30:40,06:31:00,20,40,90,70
2023-07-10,Monday,Normal Weekday,Metro,6202,Werribee,Northern & Cross-City,U,Laverton,Flinders Street,Flinders Street,-37.81830513,144.9669643,1232,13,06:35:00,06:35:00,0,70,70,0
2023-07-10,Monday,Normal Weekday,Metro,6203,Werribee,Northern & Cross-City,D,Flinders Street,Laverton,Flinders Street,-37.81830513,144.9669643,1232,1,05:08:00,05:08:00,0,0,0,0
2023-07-10,Monday,Normal Weekday,Metro,6203,Werribee,Northern & Cross-City,D,Flinders Street,Laverton,Southern Cross,-37.81793643,144.9514112,0,2,05:10:40,05:11:00,0,0,0,0
2023-07-10,Monday,Normal Weekday,Metro,6203,Werribee,Northern & Cross-City,D,Flinders Street,Laverton,North Melbourne,-37.80630984,144.9415102,1680,3,05:13:40,05:14:00,0,0,0,0
2023-07-10,Monday,Normal Weekday,Metro,6203,Werribee,Northern & Cross-City,D,Flinders Street,Laverton,South Kensington,-37.79953087,144.925469,3492,4,05:16:40,05:17:00,0,0,0,0
2023-07-10,Monday,Normal Weekday,Metro,6203,Werribee,Northern & Cross-City,D,Flinders Street,Laverton,Footscray,-37.80108298,144.9031992,5623,5,05:19:40,05:20:00,0,0,0,0
2023-07-10,Monday,Normal Weekday,Metro,6203,Werribee,Northern & Cross-City,D,Flinders Street,Laverton,Seddon,-37.80900514,144.8956716,6618,6,05:20:40,05:21:00,0,0,0,0
2023-07-10,Monday,Normal Weekday,Metro,6203,Werribee,Northern & Cross-City,D,Flinders Street,Laverton,Yarraville,-37.81585044,144.8899337,7542,7,05:22:40,05:23:00,0,0,0,0
2023-07-10,Monday,Normal Weekday,Metro,6203,Werribee,Northern & Cross-City,D,Flinders Street,Laverton,Spotswood,-37.83063888,144.8859335,9220,8,05:24:40,05:25:00,0,0,0,0
2023-07-10,Monday,Normal Weekday,Metro,6203,Werribee,Northern & Cross-City,D,Flinders Street,Laverton,Newport,-37.84271757,144.8835999,10555,9,05:27:40,05:28:00,0,0,0,0
2023-07-10,Monday,Normal Weekday,Metro,6203,Werribee,Northern & Cross-City,D,Flinders Street,Laverton,Seaholme,-37.86784231,144.8409577,16127,10,05:34:40,05:35:00,0,0,0,0
2023-07-10,Monday,Normal Weekday,Metro,6203,Werribee,Northern & Cross-City,D,Flinders Street,Laverton,Altona,-37.8671476,144.8296447,17148,11,05:36:40,05:37:00,0,0,0,0
2023-07-10,Monday,Normal Weekday,Metro,6203,Werribee,Northern & Cross-City,D,Flinders Street,Laverton,Westona,-37.86516348,144.8134936,18533,12,05:40:00,05:41:00,0,0,0,0
2023-07-10,Monday,Normal Weekday,Metro,6203,Werribee,Northern & Cross-City,D,Flinders Street,Laverton,Laverton,-37.86369404,144.7726167,21005,13,05:45:00,05:45:00,0,0,0,0
2023-07-10,Monday,Normal Weekday,Metro,6204,Werribee,Northern & Cross-City,U,Laverton,Flinders Street,Laverton,-37.86369404,144.7726167,21005,1,06:16:00,06:16:00,20,0,0,20
2023-07-10,Monday,Normal Weekday,Metro,6204,Werribee,Northern & Cross-City,U,Laverton,Flinders Street,Westona,-37.86516348,144.8134936,18533,2,06:19:40,06:20:00,20,0,20,30
2023-07-10,Monday,Normal Weekday,Metro,6204,Werribee,Northern & Cross-City,U,Laverton,Flinders Street,Altona,-37.8671476,144.8296447,17148,3,06:21:40,06:22:00,10,0,30,40
2023-07-10,Monday,Normal Weekday,Metro,6204,Werribee,Northern & Cross-City,U,Laverton,Flinders Street,Seaholme,-37.86784231,144.8409577,16127,4,06:23:40,06:24:00,10,0,40,50
2023-07-10,Monday,Normal Weekday,Metro,6204,Werribee,Northern & Cross-City,U,Laverton,Flinders Street,Newport,-37.84271757,144.8835999,10555,5,06:32:40,06:33:00,20,0,50,70
2023-07-10,Monday,Normal Weekday,Metro,6204,Werribee,Northern & Cross-City,U,Laverton,Flinders Street,Spotswood,-37.83063888,144.8859335,9220,6,06:34:40,06:35:00,10,0,70,70
2023-07-10,Monday,Normal Weekday,Metro,6204,Werribee,Northern & Cross-City,U,Laverton,Flinders Street,Yarraville,-37.81585044,144.8899337,7542,7,06:36:40,06:37:00,10,0,70,80
2023-07-10,Monday,Normal Weekday,Metro,6204,Werribee,Northern & Cross-City,U,Laverton,Flinders Street,Seddon,-37.80900514,144.8956716,6618,8,06:38:40,06:39:00,0,0,80,90
2023-07-10,Monday,Normal Weekday,Metro,6204,Werribee,Northern & Cross-City,U,Laverton,Flinders Street,Footscray,-37.80108298,144.9031992,5623,9,06:40:40,06:41:00,30,20,90,100
2023-07-10,Monday,Normal Weekday,Metro,6204,Werribee,Northern & Cross-City,U,Laverton,Flinders Street,South Kensington,-37.79953087,144.925469,3492,10,06:43:40,06:44:00,10,0,100,100
2023-07-10,Monday,Normal Weekday,Metro,6204,Werribee,Northern & Cross-City,U,Laverton,Flinders Street,North Melbourne,-37.80630984,144.9415102,1680,11,06:46:40,06:47:00,0,20,100,90
2023-07-10,Monday,Normal Weekday,Metro,6204,Werribee,Northern & Cross-City,U,Laverton,Flinders Street,Southern Cross,-37.81793643,144.9514112,0,12,06:50:40,06:51:00,10,50,90,50
2023-07-10,Monday,Normal Weekday,Metro,6204,Werribee,Northern & Cross-City,U,Laverton,Flinders Street,Flinders Street,-37.81830513,144.9669643,1232,13,06:55:00,06:55:00,0,50,50,0
2023-07-10,Monday,Normal Weekday,Metro,6205,Werribee,Northern & Cross-City,D,Flinders Street,Laverton,Flinders Street,-37.81830513,144.9669643,1232,1,05:28:00,05:28:00,0,0,0,0
2023-07-10,Monday,Normal Weekday,Metro,6205,Werribee,Northern & Cross-City,D,Flinders Street,Laverton,Southern Cross,-37.81793643,144.9514112,0,2,05:30:40,05:31:00,0,0,0,0
2023-07-10,Monday,Normal Weekday,Metro,6205,Werribee,Northern & Cross-City,D,Flinders Street,Laverton,North Melbourne,-37.80630984,144.9415102,1680,3,05:33:40,05:34:00,0,0,0,0
2023-07-10,Monday,Normal Weekday,Metro,6205,Werribee,Northern & Cross-City,D,Flinders Street,Laverton,South Kensington,-37.79953087,144.925469,3492,4,05:36:40,05:37:00,0,0,0,0
2023-07-10,Monday,Normal Weekday,Metro,6205,Werribee,Northern & Cross-City,D,Flinders Street,Laverton,Footscray,-37.80108298,144.9031992,5623,5,05:39:40,05:40:00,0,0,0,0
2023-07-10,Monday,Normal Weekday,Metro,6205,Werribee,Northern & Cross-City,D,Flinders Street,Laverton,Seddon,-37.80900514,144.8956716,6618,6,05:40:40,05:41:00,0,0,0,0
2023-07-10,Monday,Normal Weekday,Metro,6205,Werribee,Northern & Cross-City,D,Flinders Street,Laverton,Yarraville,-37.81585044,144.8899337,7542,7,05:42:40,05:43:00,0,0,0,0
2023-07-10,Monday,Normal Weekday,Metro,6205,Werribee,Northern & Cross-City,D,Flinders Street,Laverton,Spotswood,-37.83063888,144.8859335,9220,8,05:44:40,05:45:00,0,0,0,0
2023-07-10,Monday,Normal Weekday,Metro,6205,Werribee,Northern & Cross-City,D,Flinders Street,Laverton,Newport,-37.84271757,144.8835999,10555,9,05:47:40,05:48:00,0,0,0,0
2023-07-10,Monday,Normal Weekday,Metro,6205,Werribee,Northern & Cross-City,D,Flinders Street,Laverton,Seaholme,-37.86784231,144.8409577,16127,10,05:54:40,05:55:00,0,0,0,0
2023-07-10,Monday,Normal Weekday,Metro,6205,Werribee,Northern & Cross-City,D,Flinders Street,Laverton,Altona,-37.8671476,144.8296447,17148,11,05:56:40,05:57:00,0,0,0,0
2023-07-10,Monday,Normal Weekday,Metro,6205,Werribee,Northern & Cross-City,D,Flinders Street,Laverton,Westona,-37.86516348,144.8134936,18533,12,05:59:40,06:00:00,0,0,0,0
2023-07-10,Monday,Normal Weekday,Metro,6205,Werribee,Northern & Cross-City,D,Flinders Street,Laverton,Laverton,-37.86369404,144.7726167,21005,13,06:04:00,06:04:00,0,0,0,0
2023-07-10,Monday,Normal Weekday,Metro,6206,Werribee,Northern & Cross-City,U,Laverton,Flinders Street,Laverton,-37.86369404,144.7726167,21005,1,06:36:00,06:36:00,10,0,0,10
2023-07-10,Monday,Normal Weekday,Metro,6206,Werribee,Northern & Cross-City,U,Laverton,Flinders Street,Westona,-37.86516348,144.8134936,18533,2,06:39:40,06:40:00,10,0,10,20
2023-07-10,Monday,Normal Weekday,Metro,6206,Werribee,Northern & Cross-City,U,Laverton,Flinders Street,Altona,-37.8671476,144.8296447,17148,3,06:41:40,06:42:00,10,0,20,30
2023-07-10,Monday,Normal Weekday,Metro,6206,Werribee,Northern & Cross-City,U,Laverton,Flinders Street,Seaholme,-37.86784231,144.8409577,16127,4,06:43:40,06:44:00,10,0,30,40
2023-07-10,Monday,Normal Weekday,Metro,6206,Werribee,Northern & Cross-City,U,Laverton,Flinders Street,Newport,-37.84271757,144.8835999,10555,5,06:52:40,06:53:00,20,0,40,60
2023-07-10,Monday,Normal Weekday,Metro,6206,Werribee,Northern & Cross-City,U,Laverton,Flinders Street,Spotswood,-37.83063888,144.8859335,9220,6,06:54:40,06:55:00,10,0,60,70
2023-07-10,Monday,Normal Weekday,Metro,6206,Werribee,Northern & Cross-City,U,Laverton,Flinders Street,Yarraville,-37.81585044,144.8899337,7542,7,06:56:40,06:57:00,30,0,70,100
2023-07-10,Monday,Normal Weekday,Metro,6206,Werribee,Northern & Cross-City,U,Laverton,Flinders Street,Seddon,-37.80900514,144.8956716,6618,8,06:58:40,06:59:00,10,0,100,110
2023-07-10,Monday,Normal Weekday,Metro,6206,Werribee,Northern & Cross-City,U,Laverton,Flinders Street,Footscray,-37.80108298,144.9031992,5623,9,07:00:40,07:01:00,20,0,110,130
2023-07-10,Monday,Normal Weekday,Metro,6206,Werribee,Northern & Cross-City,U,Laverton,Flinders Street,South Kensington,-37.79953087,144.925469,3492,10,07:03:40,07:04:00,10,0,130,140
2023-07-10,Monday,Normal Weekday,Metro,6206,Werribee,Northern & Cross-City,U,Laverton,Flinders Street,North Melbourne,-37.80630984,144.9415102,1680,11,07:06:40,07:07:00,10,20,140,130
2023-07-10,Monday,Normal Weekday,Metro,6206,Werribee,Northern & Cross-City,U,Laverton,Flinders Street,Southern Cross,-37.81793643,144.9514112,0,12,07:10:40,07:11:00,0,80,130,50
2023-07-10,Monday,Normal Weekday,Metro,6206,Werribee,Northern & Cross-City,U,Laverton,Flinders Street,Flinders Street,-37.81830513,144.9669643,1232,13,07:15:00,07:15:00,0,50,50,0
2023-07-10,Monday,Normal Weekday,Metro,6207,Werribee,Northern & Cross-City,D,Flinders Street,Laverton,Flinders Street,-37.81830513,144.9669643,1232,1,05:48:00,05:48:00,0,0,0,0
2023-07-10,Monday,Normal Weekday,Metro,6207,Werribee,Northern & Cross-City,D,Flinders Street,Laverton,Southern Cross,-37.81793643,144.9514112,0,2,05:50:40,05:51:00,0,0,0,10
2023-07-10,Monday,Normal Weekday,Metro,6207,Werribee,Northern & Cross-City,D,Flinders Street,Laverton,North Melbourne,-37.80630984,144.9415102,1680,3,05:53:40,05:54:00,0,0,10,10
2023-07-10,Monday,Normal Weekday,Metro,6207,Werribee,Northern & Cross-City,D,Flinders Street,Laverton,South Kensington,-37.79953087,144.925469,3492,4,05:56:40,05:57:00,0,0,10,10
2023-07-10,Monday,Normal Weekday,Metro,6207,Werribee,Northern & Cross-City,D,Flinders Street,Laverton,Footscray,-37.80108298,144.9031992,5623,5,05:59:40,06:00:00,0,0,10,10
2023-07-10,Monday,Normal Weekday,Metro,6207,Werribee,Northern & Cross-City,D,Flinders Street,Laverton,Seddon,-37.80900514,144.8956716,6618,6,06:00:40,06:01:00,0,0,10,10
2023-07-10,Monday,Normal Weekday,Metro,6207,Werribee,Northern & Cross-City,D,Flinders Street,Laverton,Yarraville,-37.81585044,144.8899337,7542,7,06:02:40,06:03:00,0,0,10,10
2023-07-10,Monday,Normal Weekday,Metro,6207,Werribee,Northern & Cross-City,D,Flinders Street,Laverton,Spotswood,-37.83063888,144.8859335,9220,8,06:04:40,06:05:00,0,0,10,0
2023-07-10,Monday,Normal Weekday,Metro,6207,Werribee,Northern & Cross-City,D,Flinders Street,Laverton,Newport,-37.84271757,144.8835999,10555,9,06:07:40,06:08:00,0,0,0,0
2023-07-10,Monday,Normal Weekday,Metro,6207,Werribee,Northern & Cross-City,D,Flinders Street,Laverton,Seaholme,-37.86784231,144.8409577,16127,10,06:14:40,06:15:00,0,0,0,10
2023-07-10,Monday,Normal Weekday,Metro,6207,Werribee,Northern & Cross-City,D,Flinders Street,Laverton,Altona,-37.8671476,144.8296447,17148,11,06:16:40,06:17:00,0,0,10,10
2023-07-10,Monday,Normal Weekday,Metro,6207,Werribee,Northern & Cross-City,D,Flinders Street,Laverton,Westona,-37.86516348,144.8134936,18533,12,06:19:40,06:20:00,0,0,10,0
2023-07-10,Monday,Normal Weekday,Metro,6207,Werribee,Northern & Cross-City,D,Flinders Street,Laverton,Laverton,-37.86369404,144.7726167,21005,13,06:24:00,06:24:00,0,0,0,0
2023-07-10,Monday,Normal Weekday,Metro,6208,Werribee,Northern & Cross-City,U,Laverton,Flinders Street,Laverton,-37.86369404,144.7726167,21005,1,06:56:00,06:56:00,10,0,0,10
2023-07-10,Monday,Normal Weekday,Metro,6208,Werribee,Northern & Cross-City,U,Laverton,Flinders Street,Westona,-37.86516348,144.8134936,18533,2,06:59:40,07:00:00,20,10,10,30
2023-07-10,Monday,Normal Weekday,Metro,6208,Werribee,Northern & Cross-City,U,Laverton,Flinders Street,Altona,-37.8671476,144.8296447,17148,3,07:01:40,07:02:00,30,0,30,50
2023-07-10,Monday,Normal Weekday,Metro,6208,Werribee,Northern & Cross-City,U,Laverton,Flinders Street,Seaholme,-37.86784231,144.8409577,16127,4,07:03:40,07:04:00,10,0,50,70
2023-07-10,Monday,Normal Weekday,Metro,6208,Werribee,Northern & Cross-City,U,Laverton,Flinders Street,Newport,-37.84271757,144.8835999,10555,5,07:12:40,07:13:00,30,0,70,90
2023-07-10,Monday,Normal Weekday,Metro,6208,Werribee,Northern & Cross-City,U,Laverton,Flinders Street,Spotswood,-37.83063888,144.8859335,9220,6,07:14:40,07:15:00,10,0,90,100
2023-07-10,Monday,Normal Weekday,Metro,6208,Werribee,Northern & Cross-City,U,Laverton,Flinders Street,Yarraville,-37.81585044,144.8899337,7542,7,07:16:40,07:17:00,30,0,100,130
2023-07-10,Monday,Normal Weekday,Metro,6208,Werribee,Northern & Cross-City,U,Laverton,Flinders Street,Seddon,-37.80900514,144.8956716,6618,8,07:18:40,07:19:00,30,0,130,160
2023-07-10,Monday,Normal Weekday,Metro,6208,Werribee,Northern & Cross-City,U,Laverton,Flinders Street,Footscray,-37.80108298,144.9031992,5623,9,07:20:40,07:21:00,30,0,160,190
2023-07-10,Monday,Normal Weekday,Metro,6208,Werribee,Northern & Cross-City,U,Laverton,Flinders Street,South Kensington,-37.79953087,144.925469,3492,10,07:23:40,07:24:00,10,0,190,190
2023-07-10,Monday,Normal Weekday,Metro,6208,Werribee,Northern & Cross-City,U,Laverton,Flinders Street,North Melbourne,-37.80630984,144.9415102,1680,11,07:26:40,07:27:00,0,30,190,170
2023-07-10,Monday,Normal Weekday,Metro,6208,Werribee,Northern & Cross-City,U,Laverton,Flinders Street,Southern Cross,-37.81793643,144.9514112,0,12,07:30:40,07:31:00,20,90,170,100
2023-07-10,Monday,Normal Weekday,Metro,6208,Werribee,Northern & Cross-City,U,Laverton,Flinders Street,Flinders Street,-37.81830513,144.9669643,1232,13,07:35:00,07:35:00,0,100,100,0
2023-07-10,Monday,Normal Weekday,Metro,6209,Werribee,Northern & Cross-City,D,Flinders Street,Laverton,Flinders Street,-37.81830513,144.9669643,1232,1,06:08:00,06:08:00,10,0,0,10
2023-07-10,Monday,Normal Weekday,Metro,6209,Werribee,Northern & Cross-City,D,Flinders Street,Laverton,Southern Cross,-37.81793643,144.9514112,0,2,06:10:40,06:11:00,0,0,10,10
2023-07-10,Monday,Normal Weekday,Metro,6209,Werribee,Northern & Cross-City,D,Flinders Street,Laverton,North Melbourne,-37.80630984,144.9415102,1680,3,06:13:40,06:14:00,0,0,10,10
2023-07-10,Monday,Normal Weekday,Metro,6209,Werribee,Northern & Cross-City,D,Flinders Street,Laverton,South Kensington,-37.79953087,144.925469,3492,4,06:16:40,06:17:00,0,0,10,10
2023-07-10,Monday,Normal Weekday,Metro,6209,Werribee,Northern & Cross-City,D,Flinders Street,Laverton,Footscray,-37.80108298,144.9031992,5623,5,06:19:40,06:20:00,0,0,10,10
2023-07-10,Monday,Normal Weekday,Metro,6209,Werribee,Northern & Cross-City,D,Flinders Street,Laverton,Seddon,-37.80900514,144.8956716,6618,6,06:20:40,06:21:00,0,0,10,10
2023-07-10,Monday,Normal Weekday,Metro,6209,Werribee,Northern & Cross-City,D,Flinders Street,Laverton,Yarraville,-37.81585044,144.8899337,7542,7,06:22:40,06:23:00,0,0,10,10
2023-07-10,Monday,Normal Weekday,Metro,6209,Werribee,Northern & Cross-City,D,Flinders Street,Laverton,Spotswood,-37.83063888,144.8859335,9220,8,06:24:40,06:25:00,0,0,10,10
2023-07-10,Monday,Normal Weekday,Metro,6209,Werribee,Northern & Cross-City,D,Flinders Street,Laverton,Newport,-37.84271757,144.8835999,10555,9,06:27:40,06:28:00,0,0,10,0
2023-07-10,Monday,Normal Weekday,Metro,6209,Werribee,Northern & Cross-City,D,Flinders Street,Laverton,Seaholme,-37.86784231,144.8409577,16127,10,06:34:40,06:35:00,0,0,0,0
2023-07-10,Monday,Normal Weekday,Metro,6209,Werribee,Northern & Cross-City,D,Flinders Street,Laverton,Altona,-37.8671476,144.8296447,17148,11,06:36:40,06:37:00,0,0,0,10
2023-07-10,Monday,Normal Weekday,Metro,6209,Werribee,Northern & Cross-City,D,Flinders Street,Laverton,Westona,-37.86516348,144.8134936,18533,12,06:39:40,06:40:00,0,0,10,10
2023-07-10,Monday,Normal Weekday,Metro,6209,Werribee,Northern & Cross-City,D,Flinders Street,Laverton,Laverton,-37.86369404,144.7726167,21005,13,06:44:00,06:44:00,0,10,10,0
2023-07-10,Monday,Normal Weekday,Metro,6210,Werribee,Northern & Cross-City,U,Laverton,Flinders Street,Laverton,-37.86369404,144.7726167,21005,1,07:16:00,07:16:00,20,0,0,20
2023-07-10,Monday,Normal Weekday,Metro,6210,Werribee,Northern & Cross-City,U,Laverton,Flinders Street,Westona,-37.86516348,144.8134936,18533,2,07:19:40,07:20:00,30,10,20,40
2023-07-10,Monday,Normal Weekday,Metro,6210,Werribee,Northern & Cross-City,U,Laverton,Flinders Street,Altona,-37.8671476,144.8296447,17148,3,07:21:40,07:22:00,30,0,40,70
2023-07-10,Monday,Normal Weekday,Metro,6210,Werribee,Northern & Cross-City,U,Laverton,Flinders Street,Seaholme,-37.86784231,144.8409577,16127,4,07:23:40,07:24:00,10,0,70,80
2023-07-10,Monday,Normal Weekday,Metro,6210,Werribee,Northern & Cross-City,U,Laverton,Flinders Street,Newport,-37.84271757,144.8835999,10555,5,07:32:40,07:33:00,70,0,80,150
2023-07-10,Monday,Normal Weekday,Metro,6210,Werribee,Northern & Cross-City,U,Laverton,Flinders Street,Spotswood,-37.83063888,144.8859335,9220,6,07:34:40,07:35:00,30,0,150,170
2023-07-10,Monday,Normal Weekday,Metro,6210,Werribee,Northern & Cross-City,U,Laverton,Flinders Street,Yarraville,-37.81585044,144.8899337,7542,7,07:36:40,07:37:00,90,0,170,260
2023-07-10,Monday,Normal Weekday,Metro,6210,Werribee,Northern & Cross-City,U,Laverton,Flinders Street,Seddon,-37.80900514,144.8956716,6618,8,07:38:40,07:39:00,40,0,260,300
2023-07-10,Monday,Normal Weekday,Metro,6210,Werribee,Northern & Cross-City,U,Laverton,Flinders Street,Footscray,-37.80108298,144.9031992,5623,9,07:40:40,07:41:00,30,10,300,320
2023-07-10,Monday,Normal Weekday,Metro,6210,Werribee,Northern & Cross-City,U,Laverton,Flinders Street,South Kensington,-37.79953087,144.925469,3492,10,07:43:40,07:44:00,30,0,320,350
2023-07-10,Monday,Normal Weekday,Metro,6210,Werribee,Northern & Cross-City,U,Laverton,Flinders Street,North Melbourne,-37.80630984,144.9415102,1680,11,07:46:40,07:47:00,10,40,350,320
2023-07-10,Monday,Normal Weekday,Metro,6210,Werribee,Northern & Cross-City,U,Laverton,Flinders Street,Southern Cross,-37.81793643,144.9514112,0,12,07:50:40,07:51:00,0,180,320,150
2023-07-10,Monday,Normal Weekday,Metro,6210,Werribee,Northern & Cross-City,U,Laverton,Flinders Street,Flinders Street,-37.81830513,144.9669643,1232,13,07:55:00,07:55:00,0,150,150,0
2023-07-10,Monday,Normal Weekday,Metro,6211,Werribee,Northern & Cross-City,D,Flinders Street,Laverton,Flinders Street,-37.81830513,144.9669643,1232,1,06:27:00,06:27:00,20,0,0,20
2023-07-10,Monday,Normal Weekday,Metro,6211,Werribee,Northern & Cross-City,D,Flinders Street,Laverton,Southern Cross,-37.81793643,144.9514112,0,2,06:30:40,06:31:00,10,20,20,10
2023-07-10,Monday,Normal Weekday,Metro,6211,Werribee,Northern & Cross-City,D,Flinders Street,Laverton,North Melbourne,-37.80630984,144.9415102,1680,3,06:33:40,06:34:00,0,0,10,10
2023-07-10,Monday,Normal Weekday,Metro,6211,Werribee,Northern & Cross-City,D,Flinders Street,Laverton,South Kensington,-37.79953087,144.925469,3492,4,06:36:40,06:37:00,0,0,10,10
2023-07-10,Monday,Normal Weekday,Metro,6211,Werribee,Northern & Cross-City,D,Flinders Street,Laverton,Footscray,-37.80108298,144.9031992,5623,5,06:39:40,06:40:00,10,0,10,10
2023-07-10,Monday,Normal Weekday,Metro,6211,Werribee,Northern & Cross-City,D,Flinders Street,Laverton,Seddon,-37.80900514,144.8956716,6618,6,06:40:40,06:41:00,0,0,10,10
2023-07-10,Monday,Normal Weekday,Metro,6211,Werribee,Northern & Cross-City,D,Flinders Street,Laverton,Yarraville,-37.81585044,144.8899337,7542,7,06:42:40,06:43:00,0,0,10,10
2023-07-10,Monday,Normal Weekday,Metro,6211,Werribee,Northern & Cross-City,D,Flinders Street,Laverton,Spotswood,-37.83063888,144.8859335,9220,8,06:44:40,06:45:00,0,0,10,10
2023-07-10,Monday,Normal Weekday,Metro,6211,Werribee,Northern & Cross-City,D,Flinders Street,Laverton,Newport,-37.84271757,144.8835999,10555,9,06:47:40,06:48:00,0,0,10,10
2023-07-10,Monday,Normal Weekday,Metro,6211,Werribee,Northern & Cross-City,D,Flinders Street,Laverton,Seaholme,-37.86784231,144.8409577,16127,10,06:54:40,06:55:00,0,0,10,10
2023-07-10,Monday,Normal Weekday,Metro,6211,Werribee,Northern & Cross-City,D,Flinders Street,Laverton,Altona,-37.8671476,144.8296447,17148,11,06:56:40,06:57:00,0,0,10,10
2023-07-10,Monday,Normal Weekday,Metro,6211,Werribee,Northern & Cross-City,D,Flinders Street,Laverton,Westona,-37.86516348,144.8134936,18533,12,06:59:40,07:00:00,0,0,10,10
2023-07-10,Monday,Normal Weekday,Metro,6211,Werribee,Northern & Cross-City,D,Flinders Street,Laverton,Laverton,-37.86369404,144.7726167,21005,13,07:04:00,07:04:00,0,10,10,0
2023-07-10,Monday,Normal Weekday,Metro,6212,Werribee,Northern & Cross-City,U,Laverton,Flinders Street,Laverton,-37.86369404,144.7726167,21005,1,07:36:00,07:36:00,30,0,0,30
2023-07-10,Monday,Normal Weekday,Metro,6212,Werribee,Northern & Cross-City,U,Laverton,Flinders Street,Westona,-37.86516348,144.8134936,18533,2,07:39:40,07:40:00,40,10,30,70
2023-07-10,Monday,Normal Weekday,Metro,6212,Werribee,Northern & Cross-City,U,Laverton,Flinders Street,Altona,-37.8671476,144.8296447,17148,3,07:41:40,07:42:00,50,0,70,110
2023-07-10,Monday,Normal Weekday,Metro,6212,Werribee,Northern & Cross-City,U,Laverton,Flinders Street,Seaholme,-37.86784231,144.8409577,16127,4,07:43:40,07:44:00,20,0,110,140
2023-07-10,Monday,Normal Weekday,Metro,6212,Werribee,Northern & Cross-City,U,Laverton,Flinders Street,Newport,-37.84271757,144.8835999,10555,5,07:52:40,07:53:00,50,10,140,180
2023-07-10,Monday,Normal Weekday,Metro,6212,Werribee,Northern & Cross-City,U,Laverton,Flinders Street,Spotswood,-37.83063888,144.8859335,9220,6,07:54:40,07:55:00,30,0,180,210
2023-07-10,Monday,Normal Weekday,Metro,6212,Werribee,Northern & Cross-City,U,Laverton,Flinders Street,Yarraville,-37.81585044,144.8899337,7542,7,07:56:40,07:57:00,100,10,210,310
2023-07-10,Monday,Normal Weekday,Metro,6212,Werribee,Northern & Cross-City,U,Laverton,Flinders Street,Seddon,-37.80900514,144.8956716,6618,8,07:58:40,07:59:00,40,0,310,340
2023-07-10,Monday,Normal Weekday,Metro,6212,Werribee,Northern & Cross-City,U,Laverton,Flinders Street,Footscray,-37.80108298,144.9031992,5623,9,08:00:40,08:01:00,50,20,340,370
2023-07-10,Monday,Normal Weekday,Metro,6212,Werribee,Northern & Cross-City,U,Laverton,Flinders Street,South Kensington,-37.79953087,144.925469,3492,10,08:03:40,08:04:00,20,0,370,380
2023-07-10,Monday,Normal Weekday,Metro,6212,Werribee,Northern & Cross-City,U,Laverton,Flinders Street,North Melbourne,-37.80630984,144.9415102,1680,11,08:06:40,08:07:00,20,50,380,350
2023-07-10,Monday,Normal Weekday,Metro,6212,Werribee,Northern & Cross-City,U,Laverton,Flinders Street,Southern Cross,-37.81793643,144.9514112,0,12,08:10:40,08:11:00,40,200,350,190
2023-07-10,Monday,Normal Weekday,Metro,6212,Werribee,Northern & Cross-City,U,Laverton,Flinders Street,Flinders Street,-37.81830513,144.9669643,1232,13,08:15:00,08:15:00,0,190,190,0
2023-07-10,Monday,Normal Weekday,Metro,6213,Werribee,Northern & Cross-City,D,Flinders Street,Laverton,Flinders Street,-37.81830513,144.9669643,1232,1,06:47:00,06:47:00,10,0,0,10
2023-07-10,Monday,Normal Weekday,Metro,6213,Werribee,Northern & Cross-City,D,Flinders Street,Laverton,Southern Cross,-37.81793643,144.9514112,0,2,06:50:40,06:51:00,10,0,10,10
2023-07-10,Monday,Normal Weekday,Metro,6213,Werribee,Northern & Cross-City,D,Flinders Street,Laverton,North Melbourne,-37.80630984,144.9415102,1680,3,06:53:40,06:54:00,0,0,10,10
2023-07-10,Monday,Normal Weekday,Metro,6213,Werribee,Northern & Cross-City,D,Flinders Street,Laverton,South Kensington,-37.79953087,144.925469,3492,4,06:56:40,06:57:00,0,0,10,10
2023-07-10,Monday,Normal Weekday,Metro,6213,Werribee,Northern & Cross-City,D,Flinders Street,Laverton,Footscray,-37.80108298,144.9031992,5623,5,06:59:40,07:00:00,0,0,10,10
2023-07-10,Monday,Normal Weekday,Metro,6213,Werribee,Northern & Cross-City,D,Flinders Street,Laverton,Seddon,-37.80900514,144.8956716,6618,6,07:00:40,07:01:00,0,0,10,10
2023-07-10,Monday,Normal Weekday,Metro,6213,Werribee,Northern & Cross-City,D,Flinders Street,Laverton,Yarraville,-37.81585044,144.8899337,7542,7,07:02:40,07:03:00,0,0,10,10
2023-07-10,Monday,Normal Weekday,Metro,6213,Werribee,Northern & Cross-City,D,Flinders Street,Laverton,Spotswood,-37.83063888,144.8859335,9220,8,07:04:40,07:05:00,0,0,10,10
2023-07-10,Monday,Normal Weekday,Metro,6213,Werribee,Northern & Cross-City,D,Flinders Street,Laverton,Newport,-37.84271757,144.8835999,10555,9,07:07:40,07:08:00,0,0,10,10
2023-07-10,Monday,Normal Weekday,Metro,6213,Werribee,Northern & Cross-City,D,Flinders Street,Laverton,Seaholme,-37.86784231,144.8409577,16127,10,07:14:40,07:15:00,0,0,10,10
2023-07-10,Monday,Normal Weekday,Metro,6213,Werribee,Northern & Cross-City,D,Flinders Street,Laverton,Altona,-37.8671476,144.8296447,17148,11,07:16:40,07:17:00,0,0,10,10
2023-07-10,Monday,Normal Weekday,Metro,6213,Werribee,Northern & Cross-City,D,Flinders Street,Laverton,Westona,-37.86516348,144.8134936,18533,12,07:19:40,07:20:00,0,10,10,10
2023-07-10,Monday,Normal Weekday,Metro,6213,Werribee,Northern & Cross-City,D,Flinders Street,Laverton,Laverton,-37.86369404,144.7726167,21005,13,07:24:00,07:24:00,0,10,10,0
2023-07-10,Monday,Normal Weekday,Metro,6214,Werribee,Northern & Cross-City,U,Laverton,Flinders Street,Laverton,-37.86369404,144.7726167,21005,1,07:56:00,07:56:00,60,0,0,60
2023-07-10,Monday,Normal Weekday,Metro,6214,Werribee,Northern & Cross-City,U,Laverton,Flinders Street,Westona,-37.86516348,144.8134936,18533,2,07:59:40,08:00:00,40,30,60,80
2023-07-10,Monday,Normal Weekday,Metro,6214,Werribee,Northern & Cross-City,U,Laverton,Flinders Street,Altona,-37.8671476,144.8296447,17148,3,08:01:40,08:02:00,50,0,80,120
2023-07-10,Monday,Normal Weekday,Metro,6214,Werribee,Northern & Cross-City,U,Laverton,Flinders Street,Seaholme,-37.86784231,144.8409577,16127,4,08:03:40,08:04:00,20,0,120,140
2023-07-10,Monday,Normal Weekday,Metro,6214,Werribee,Northern & Cross-City,U,Laverton,Flinders Street,Newport,-37.84271757,144.8835999,10555,5,08:12:40,08:13:00,70,10,140,200
2023-07-10,Monday,Normal Weekday,Metro,6214,Werribee,Northern & Cross-City,U,Laverton,Flinders Street,Spotswood,-37.83063888,144.8859335,9220,6,08:14:40,08:15:00,20,0,200,230
2023-07-10,Monday,Normal Weekday,Metro,6214,Werribee,Northern & Cross-City,U,Laverton,Flinders Street,Yarraville,-37.81585044,144.8899337,7542,7,08:16:40,08:17:00,130,10,230,350
2023-07-10,Monday,Normal Weekday,Metro,6214,Werribee,Northern & Cross-City,U,Laverton,Flinders Street,Seddon,-37.80900514,144.8956716,6618,8,08:18:40,08:19:00,50,10,350,390
2023-07-10,Monday,Normal Weekday,Metro,6214,Werribee,Northern & Cross-City,U,Laverton,Flinders Street,Footscray,-37.80108298,144.9031992,5623,9,08:20:40,08:21:00,60,40,390,420
2023-07-10,Monday,Normal Weekday,Metro,6214,Werribee,Northern & Cross-City,U,Laverton,Flinders Street,South Kensington,-37.79953087,144.925469,3492,10,08:23:40,08:24:00,30,0,420,440
2023-07-10,Monday,Normal Weekday,Metro,6214,Werribee,Northern & Cross-City,U,Laverton,Flinders Street,North Melbourne,-37.80630984,144.9415102,1680,11,08:26:40,08:27:00,20,80,440,370
2023-07-10,Monday,Normal Weekday,Metro,6214,Werribee,Northern & Cross-City,U,Laverton,Flinders Street,Southern Cross,-37.81793643,144.9514112,0,12,08:30:40,08:31:00,20,190,370,210
2023-07-10,Monday,Normal Weekday,Metro,6214,Werribee,Northern & Cross-City,U,Laverton,Flinders Street,Flinders Street,-37.81830513,144.9669643,1232,13,08:35:00,08:35:00,0,210,210,0
2023-07-10,Monday,Normal Weekday,Metro,6215,Werribee,Northern & Cross-City,D,Flinders Street,Laverton,Flinders Street,-37.81830513,144.9669643,1232,1,07:08:00,07:08:00,20,0,0,20
2023-07-10,Monday,Normal Weekday,Metro,6215,Werribee,Northern & Cross-City,D,Flinders Street,Laverton,Southern Cross,-37.81793643,144.9514112,0,2,07:10:40,07:11:00,0,10,20,10
2023-07-10,Monday,Normal Weekday,Metro,6215,Werribee,Northern & Cross-City,D,Flinders Street,Laverton,North Melbourne,-37.80630984,144.9415102,1680,3,07:13:40,07:14:00,0,0,10,10
2023-07-10,Monday,Normal Weekday,Metro,6215,Werribee,Northern & Cross-City,D,Flinders Street,Laverton,South Kensington,-37.79953087,144.925469,3492,4,07:16:40,07:17:00,0,0,10,10
2023-07-10,Monday,Normal Weekday,Metro,6215,Werribee,Northern & Cross-City,D,Flinders Street,Laverton,Footscray,-37.80108298,144.9031992,5623,5,07:19:40,07:20:00,0,0,10,10
2023-07-10,Monday,Normal Weekday,Metro,6215,Werribee,Northern & Cross-City,D,Flinders Street,Laverton,Seddon,-37.80900514,144.8956716,6618,6,07:20:40,07:21:00,0,0,10,10
2023-07-10,Monday,Normal Weekday,Metro,6215,Werribee,Northern & Cross-City,D,Flinders Street,Laverton,Yarraville,-37.81585044,144.8899337,7542,7,07:22:40,07:23:00,0,0,10,10
2023-07-10,Monday,Normal Weekday,Metro,6215,Werribee,Northern & Cross-City,D,Flinders Street,Laverton,Spotswood,-37.83063888,144.8859335,9220,8,07:24:40,07:25:00,0,0,10,10
2023-07-10,Monday,Normal Weekday,Metro,6215,Werribee,Northern & Cross-City,D,Flinders Street,Laverton,Newport,-37.84271757,144.8835999,10555,9,07:27:40,07:28:00,10,0,10,20
2023-07-10,Monday,Normal Weekday,Metro,6215,Werribee,Northern & Cross-City,D,Flinders Street,Laverton,Seaholme,-37.86784231,144.8409577,16127,10,07:34:40,07:35:00,0,0,20,20
2023-07-10,Monday,Normal Weekday,Metro,6215,Werribee,Northern & Cross-City,D,Flinders Street,Laverton,Altona,-37.8671476,144.8296447,17148,11,07:36:40,07:37:00,0,0,20,20
2023-07-10,Monday,Normal Weekday,Metro,6215,Werribee,Northern & Cross-City,D,Flinders Street,Laverton,Westona,-37.86516348,144.8134936,18533,12,07:39:40,07:40:00,0,10,20,10
2023-07-10,Monday,Normal Weekday,Metro,6215,Werribee,Northern & Cross-City,D,Flinders Street,Laverton,Laverton,-37.86369404,144.7726167,21005,13,07:44:00,07:44:00,0,10,10,0
2023-07-10,Monday,Normal Weekday,Metro,6216,Werribee,Northern & Cross-City,U,Laverton,Flinders Street,Laverton,-37.86369404,144.7726167,21005,1,08:16:00,08:16:00,60,0,0,60
2023-07-10,Monday,Normal Weekday,Metro,6216,Werribee,Northern & Cross-City,U,Laverton,Flinders Street,Westona,-37.86516348,144.8134936,18533,2,08:19:40,08:20:00,50,50,60,60
2023-07-10,Monday,Normal Weekday,Metro,6216,Werribee,Northern & Cross-City,U,Laverton,Flinders Street,Altona,-37.8671476,144.8296447,17148,3,08:21:40,08:22:00,40,0,60,90
2023-07-10,Monday,Normal Weekday,Metro,6216,Werribee,Northern & Cross-City,U,Laverton,Flinders Street,Seaholme,-37.86784231,144.8409577,16127,4,08:23:40,08:24:00,10,0,90,110
2023-07-10,Monday,Normal Weekday,Metro,6216,Werribee,Northern & Cross-City,U,Laverton,Flinders Street,Newport,-37.84271757,144.8835999,10555,5,08:32:40,08:33:00,60,10,110,160
2023-07-10,Monday,Normal Weekday,Metro,6216,Werribee,Northern & Cross-City,U,Laverton,Flinders Street,Spotswood,-37.83063888,144.8859335,9220,6,08:34:40,08:35:00,20,0,160,180
2023-07-10,Monday,Normal Weekday,Metro,6216,Werribee,Northern & Cross-City,U,Laverton,Flinders Street,Yarraville,-37.81585044,144.8899337,7542,7,08:36:40,08:37:00,90,10,180,260
2023-07-10,Monday,Normal Weekday,Metro,6216,Werribee,Northern & Cross-City,U,Laverton,Flinders Street,Seddon,-37.80900514,144.8956716,6618,8,08:38:40,08:39:00,40,10,260,290
2023-07-10,Monday,Normal Weekday,Metro,6216,Werribee,Northern & Cross-City,U,Laverton,Flinders Street,Footscray,-37.80108298,144.9031992,5623,9,08:40:40,08:41:00,80,20,290,360
2023-07-10,Monday,Normal Weekday,Metro,6216,Werribee,Northern & Cross-City,U,Laverton,Flinders Street,South Kensington,-37.79953087,144.925469,3492,10,08:43:40,08:44:00,30,10,360,380
2023-07-10,Monday,Normal Weekday,Metro,6216,Werribee,Northern & Cross-City,U,Laverton,Flinders Street,North Melbourne,-37.80630984,144.9415102,1680,11,08:46:40,08:47:00,0,30,380,360
2023-07-10,Monday,Normal Weekday,Metro,6216,Werribee,Northern & Cross-City,U,Laverton,Flinders Street,Southern Cross,-37.81793643,144.9514112,0,12,08:50:40,08:51:00,20,230,360,150
2023-07-10,Monday,Normal Weekday,Metro,6216,Werribee,Northern & Cross-City,U,Laverton,Flinders Street,Flinders Street,-37.81830513,144.9669643,1232,13,08:55:00,08:55:00,0,150,150,0
2023-07-10,Monday,Normal Weekday,Metro,6217,Werribee,Northern & Cross-City,D,Flinders Street,Laverton,Flinders Street,-37.81830513,144.9669643,1232,1,07:26:00,07:26:00,20,0,0,20
2023-07-10,Monday,Normal Weekday,Metro,6217,Werribee,Northern & Cross-City,D,Flinders Street,Laverton,Southern Cross,-37.81793643,144.9514112,0,2,07:29:40,07:30:00,20,10,20,30
2023-07-10,Monday,Normal Weekday,Metro,6217,Werribee,Northern & Cross-City,D,Flinders Street,Laverton,North Melbourne,-37.80630984,144.9415102,1680,3,07:32:40,07:33:00,10,0,30,30
2023-07-10,Monday,Normal Weekday,Metro,6217,Werribee,Northern & Cross-City,D,Flinders Street,Laverton,South Kensington,-37.79953087,144.925469,3492,4,07:35:40,07:36:00,0,0,30,30
2023-07-10,Monday,Normal Weekday,Metro,6217,Werribee,Northern & Cross-City,D,Flinders Street,Laverton,Footscray,-37.80108298,144.9031992,5623,5,07:38:40,07:39:00,0,10,30,20
2023-07-10,Monday,Normal Weekday,Metro,6217,Werribee,Northern & Cross-City,D,Flinders Street,Laverton,Seddon,-37.80900514,144.8956716,6618,6,07:39:40,07:40:00,0,0,20,20
2023-07-10,Monday,Normal Weekday,Metro,6217,Werribee,Northern & Cross-City,D,Flinders Street,Laverton,Yarraville,-37.81585044,144.8899337,7542,7,07:41:40,07:42:00,0,0,20,20
2023-07-10,Monday,Normal Weekday,Metro,6217,Werribee,Northern & Cross-City,D,Flinders Street,Laverton,Spotswood,-37.83063888,144.8859335,9220,8,07:43:40,07:44:00,0,10,20,20
2023-07-10,Monday,Normal Weekday,Metro,6217,Werribee,Northern & Cross-City,D,Flinders Street,Laverton,Newport,-37.84271757,144.8835999,10555,9,07:46:40,07:47:00,10,0,20,30
2023-07-10,Monday,Normal Weekday,Metro,6217,Werribee,Northern & Cross-City,D,Flinders Street,Laverton,Seaholme,-37.86784231,144.8409577,16127,10,07:53:40,07:54:00,10,0,30,30
2023-07-10,Monday,Normal Weekday,Metro,6217,Werribee,Northern & Cross-City,D,Flinders Street,Laverton,Altona,-37.8671476,144.8296447,17148,11,07:55:40,07:56:00,0,10,30,30
2023-07-10,Monday,Normal Weekday,Metro,6217,Werribee,Northern & Cross-City,D,Flinders Street,Laverton,Westona,-37.86516348,144.8134936,18533,12,07:59:00,08:00:00,0,30,30,10
2023-07-10,Monday,Normal Weekday,Metro,6217,Werribee,Northern & Cross-City,D,Flinders Street,Laverton,Laverton,-37.86369404,144.7726167,21005,13,08:04:00,08:04:00,0,10,10,0
2023-07-10,Monday,Normal Weekday,Metro,6218,Werribee,Northern & Cross-City,U,Laverton,Flinders Street,Laverton,-37.86369404,144.7726167,21005,1,08:36:00,08:36:00,30,0,0,30
2023-07-10,Monday,Normal Weekday,Metro,6218,Werribee,Northern & Cross-City,U,Laverton,Flinders Street,Westona,-37.86516348,144.8134936,18533,2,08:39:40,08:40:00,10,20,30,20
2023-07-10,Monday,Normal Weekday,Metro,6218,Werribee,Northern & Cross-City,U,Laverton,Flinders Street,Altona,-37.8671476,144.8296447,17148,3,08:41:40,08:42:00,20,0,20,40
2023-07-10,Monday,Normal Weekday,Metro,6218,Werribee,Northern & Cross-City,U,Laverton,Flinders Street,Seaholme,-37.86784231,144.8409577,16127,4,08:43:40,08:44:00,10,0,40,50
2023-07-10,Monday,Normal Weekday,Metro,6218,Werribee,Northern & Cross-City,U,Laverton,Flinders Street,Newport,-37.84271757,144.8835999,10555,5,08:52:40,08:53:00,50,0,50,100
2023-07-10,Monday,Normal Weekday,Metro,6218,Werribee,Northern & Cross-City,U,Laverton,Flinders Street,Spotswood,-37.83063888,144.8859335,9220,6,08:54:40,08:55:00,10,0,100,100
2023-07-10,Monday,Normal Weekday,Metro,6218,Werribee,Northern & Cross-City,U,Laverton,Flinders Street,Yarraville,-37.81585044,144.8899337,7542,7,08:56:40,08:57:00,30,0,100,130
2023-07-10,Monday,Normal Weekday,Metro,6218,Werribee,Northern & Cross-City,U,Laverton,Flinders Street,Seddon,-37.80900514,144.8956716,6618,8,08:58:40,08:59:00,20,0,130,140
2023-07-10,Monday,Normal Weekday,Metro,6218,Werribee,Northern & Cross-City,U,Laverton,Flinders Street,Footscray,-37.80108298,144.9031992,5623,9,09:00:40,09:01:00,50,10,140,190
2023-07-10,Monday,Normal Weekday,Metro,6218,Werribee,Northern & Cross-City,U,Laverton,Flinders Street,South Kensington,-37.79953087,144.925469,3492,10,09:03:40,09:04:00,10,0,190,200
2023-07-10,Monday,Normal Weekday,Metro,6218,Werribee,Northern & Cross-City,U,Laverton,Flinders Street,North Melbourne,-37.80630984,144.9415102,1680,11,09:06:40,09:07:00,20,20,200,190
2023-07-10,Monday,Normal Weekday,Metro,6218,Werribee,Northern & Cross-City,U,Laverton,Flinders Street,Southern Cross,-37.81793643,144.9514112,0,12,09:10:40,09:11:00,20,110,190,100
2023-07-10,Monday,Normal Weekday,Metro,6218,Werribee,Northern & Cross-City,U,Laverton,Flinders Street,Flinders Street,-37.81830513,144.9669643,1232,13,09:15:00,09:15:00,0,100,100,0
2023-07-10,Monday,Normal Weekday,Metro,6219,Werribee,Northern & Cross-City,D,Flinders Street,Laverton,Flinders Street,-37.81830513,144.9669643,1232,1,07:46:00,07:46:00,10,0,0,10
2023-07-10,Monday,Normal Weekday,Metro,6219,Werribee,Northern & Cross-City,D,Flinders Street,Laverton,Southern Cross,-37.81793643,144.9514112,0,2,07:49:40,07:50:00,20,0,10,30
2023-07-10,Monday,Normal Weekday,Metro,6219,Werribee,Northern & Cross-City,D,Flinders Street,Laverton,North Melbourne,-37.80630984,144.9415102,1680,3,07:52:40,07:53:00,20,0,30,40
2023-07-10,Monday,Normal Weekday,Metro,6219,Werribee,Northern & Cross-City,D,Flinders Street,Laverton,South Kensington,-37.79953087,144.925469,3492,4,07:55:40,07:56:00,0,0,40,40
2023-07-10,Monday,Normal Weekday,Metro,6219,Werribee,Northern & Cross-City,D,Flinders Street,Laverton,Footscray,-37.80108298,144.9031992,5623,5,07:58:40,07:59:00,10,20,40,30
2023-07-10,Monday,Normal Weekday,Metro,6219,Werribee,Northern & Cross-City,D,Flinders Street,Laverton,Seddon,-37.80900514,144.8956716,6618,6,07:59:40,08:00:00,10,0,30,40
2023-07-10,Monday,Normal Weekday,Metro,6219,Werribee,Northern & Cross-City,D,Flinders Street,Laverton,Yarraville,-37.81585044,144.8899337,7542,7,08:01:40,08:02:00,10,10,40,40
2023-07-10,Monday,Normal Weekday,Metro,6219,Werribee,Northern & Cross-City,D,Flinders Street,Laverton,Spotswood,-37.83063888,144.8859335,9220,8,08:03:40,08:04:00,20,0,40,60
2023-07-10,Monday,Normal Weekday,Metro,6219,Werribee,Northern & Cross-City,D,Flinders Street,Laverton,Newport,-37.84271757,144.8835999,10555,9,08:06:40,08:07:00,50,10,60,90
2023-07-10,Monday,Normal Weekday,Metro,6219,Werribee,Northern & Cross-City,D,Flinders Street,Laverton,Seaholme,-37.86784231,144.8409577,16127,10,08:13:40,08:14:00,10,0,90,90
2023-07-10,Monday,Normal Weekday,Metro,6219,Werribee,Northern & Cross-City,D,Flinders Street,Laverton,Altona,-37.8671476,144.8296447,17148,11,08:15:40,08:16:00,10,10,90,90
2023-07-10,Monday,Normal Weekday,Metro,6219,Werribee,Northern & Cross-City,D,Flinders Street,Laverton,Westona,-37.86516348,144.8134936,18533,12,08:19:00,08:20:00,0,80,90,10
2023-07-10,Monday,Normal Weekday,Metro,6219,Werribee,Northern & Cross-City,D,Flinders Street,Laverton,Laverton,-37.86369404,144.7726167,21005,13,08:24:00,08:24:00,0,10,10,0
2023-07-10,Monday,Normal Weekday,Metro,6220,Werribee,Northern & Cross-City,U,Laverton,Flinders Street,Laverton,-37.86369404,144.7726167,21005,1,08:56:00,08:56:00,10,0,0,10
2023-07-10,Monday,Normal Weekday,Metro,6220,Werribee,Northern & Cross-City,U,Laverton,Flinders Street,Westona,-37.86516348,144.8134936,18533,2,08:59:40,09:00:00,20,10,10,30
2023-07-10,Monday,Normal Weekday,Metro,6220,Werribee,Northern & Cross-City,U,Laverton,Flinders Street,Altona,-37.8671476,144.8296447,17148,3,09:01:40,09:02:00,10,0,30,40
2023-07-10,Monday,Normal Weekday,Metro,6220,Werribee,Northern & Cross-City,U,Laverton,Flinders Street,Seaholme,-37.86784231,144.8409577,16127,4,09:03:40,09:04:00,0,0,40,40
2023-07-10,Monday,Normal Weekday,Metro,6220,Werribee,Northern & Cross-City,U,Laverton,Flinders Street,Newport,-37.84271757,144.8835999,10555,5,09:12:40,09:13:00,30,0,40,70
2023-07-10,Monday,Normal Weekday,Metro,6220,Werribee,Northern & Cross-City,U,Laverton,Flinders Street,Spotswood,-37.83063888,144.8859335,9220,6,09:14:40,09:15:00,0,0,70,70
2023-07-10,Monday,Normal Weekday,Metro,6220,Werribee,Northern & Cross-City,U,Laverton,Flinders Street,Yarraville,-37.81585044,144.8899337,7542,7,09:16:40,09:17:00,30,0,70,100
2023-07-10,Monday,Normal Weekday,Metro,6220,Werribee,Northern & Cross-City,U,Laverton,Flinders Street,Seddon,-37.80900514,144.8956716,6618,8,09:18:40,09:19:00,10,0,100,110
2023-07-10,Monday,Normal Weekday,Metro,6220,Werribee,Northern & Cross-City,U,Laverton,Flinders Street,Footscray,-37.80108298,144.9031992,5623,9,09:20:40,09:21:00,40,20,110,130
2023-07-10,Monday,Normal Weekday,Metro,6220,Werribee,Northern & Cross-City,U,Laverton,Flinders Street,South Kensington,-37.79953087,144.925469,3492,10,09:23:40,09:24:00,10,0,130,140
2023-07-10,Monday,Normal Weekday,Metro,6220,Werribee,Northern & Cross-City,U,Laverton,Flinders Street,North Melbourne,-37.80630984,144.9415102,1680,11,09:26:40,09:27:00,10,10,140,130
2023-07-10,Monday,Normal Weekday,Metro,6220,Werribee,Northern & Cross-City,U,Laverton,Flinders Street,Southern Cross,-37.81793643,144.9514112,0,12,09:30:40,09:31:00,30,60,130,100
2023-07-10,Monday,Normal Weekday,Metro,6220,Werribee,Northern & Cross-City,U,Laverton,Flinders Street,Flinders Street,-37.81830513,144.9669643,1232,13,09:35:00,09:35:00,0,100,100,0
2023-07-10,Monday,Normal Weekday,Metro,6221,Werribee,Northern & Cross-City,D,Flinders Street,Laverton,Flinders Street,-37.81830513,144.9669643,1232,1,08:08:00,08:08:00,40,0,0,40
2023-07-10,Monday,Normal Weekday,Metro,6221,Werribee,Northern & Cross-City,D,Flinders Street,Laverton,Southern Cross,-37.81793643,144.9514112,0,2,08:11:40,08:12:00,20,20,40,30
2023-07-10,Monday,Normal Weekday,Metro,6221,Werribee,Northern & Cross-City,D,Flinders Street,Laverton,North Melbourne,-37.80630984,144.9415102,1680,3,08:14:40,08:15:00,10,0,30,40
2023-07-10,Monday,Normal Weekday,Metro,6221,Werribee,Northern & Cross-City,D,Flinders Street,Laverton,South Kensington,-37.79953087,144.925469,3492,4,08:16:40,08:17:00,0,0,40,30
2023-07-10,Monday,Normal Weekday,Metro,6221,Werribee,Northern & Cross-City,D,Flinders Street,Laverton,Footscray,-37.80108298,144.9031992,5623,5,08:19:40,08:20:00,10,10,30,30
2023-07-10,Monday,Normal Weekday,Metro,6221,Werribee,Northern & Cross-City,D,Flinders Street,Laverton,Seddon,-37.80900514,144.8956716,6618,6,08:20:40,08:21:00,0,0,30,30
2023-07-10,Monday,Normal Weekday,Metro,6221,Werribee,Northern & Cross-City,D,Flinders Street,Laverton,Yarraville,-37.81585044,144.8899337,7542,7,08:22:40,08:23:00,0,0,30,20
2023-07-10,Monday,Normal Weekday,Metro,6221,Werribee,Northern & Cross-City,D,Flinders Street,Laverton,Spotswood,-37.83063888,144.8859335,9220,8,08:24:40,08:25:00,0,0,20,30
2023-07-10,Monday,Normal Weekday,Metro,6221,Werribee,Northern & Cross-City,D,Flinders Street,Laverton,Newport,-37.84271757,144.8835999,10555,9,08:27:40,08:28:00,10,0,30,30
2023-07-10,Monday,Normal Weekday,Metro,6221,Werribee,Northern & Cross-City,D,Flinders Street,Laverton,Seaholme,-37.86784231,144.8409577,16127,10,08:34:40,08:35:00,0,0,30,30
2023-07-10,Monday,Normal Weekday,Metro,6221,Werribee,Northern & Cross-City,D,Flinders Street,Laverton,Altona,-37.8671476,144.8296447,17148,11,08:36:40,08:37:00,0,10,30,20
2023-07-10,Monday,Normal Weekday,Metro,6221,Werribee,Northern & Cross-City,D,Flinders Street,Laverton,Westona,-37.86516348,144.8134936,18533,12,08:39:40,08:40:00,0,20,20,10
2023-07-10,Monday,Normal Weekday,Metro,6221,Werribee,Northern & Cross-City,D,Flinders Street,Laverton,Laverton,-37.86369404,144.7726167,21005,13,08:44:00,08:44:00,0,10,10,0
2023-07-10,Monday,Normal Weekday,Metro,6222,Werribee,Northern & Cross-City,U,Laverton,Flinders Street,Laverton,-37.86369404,144.7726167,21005,1,09:16:00,09:16:00,10,0,0,10
2023-07-10,Monday,Normal Weekday,Metro,6222,Werribee,Northern & Cross-City,U,Laverton,Flinders Street,Westona,-37.86516348,144.8134936,18533,2,09:19:40,09:20:00,10,10,10,20
2023-07-10,Monday,Normal Weekday,Metro,6222,Werribee,Northern & Cross-City,U,Laverton,Flinders Street,Altona,-37.8671476,144.8296447,17148,3,09:21:40,09:22:00,20,0,20,30
2023-07-10,Monday,Normal Weekday,Metro,6222,Werribee,Northern & Cross-City,U,Laverton,Flinders Street,Seaholme,-37.86784231,144.8409577,16127,4,09:23:40,09:24:00,10,0,30,40
2023-07-10,Monday,Normal Weekday,Metro,6222,Werribee,Northern & Cross-City,U,Laverton,Flinders Street,Newport,-37.84271757,144.8835999,10555,5,09:32:40,09:33:00,10,0,40,40
2023-07-10,Monday,Normal Weekday,Metro,6222,Werribee,Northern & Cross-City,U,Laverton,Flinders Street,Spotswood,-37.83063888,144.8859335,9220,6,09:34:40,09:35:00,10,0,40,50
2023-07-10,Monday,Normal Weekday,Metro,6222,Werribee,Northern & Cross-City,U,Laverton,Flinders Street,Yarraville,-37.81585044,144.8899337,7542,7,09:36:40,09:37:00,20,0,50,70
2023-07-10,Monday,Normal Weekday,Metro,6222,Werribee,Northern & Cross-City,U,Laverton,Flinders Street,Seddon,-37.80900514,144.8956716,6618,8,09:38:40,09:39:00,20,0,70,80
2023-07-10,Monday,Normal Weekday,Metro,6222,Werribee,Northern & Cross-City,U,Laverton,Flinders Street,Footscray,-37.80108298,144.9031992,5623,9,09:40:40,09:41:00,10,0,80,90
2023-07-10,Monday,Normal Weekday,Metro,6222,Werribee,Northern & Cross-City,U,Laverton,Flinders Street,South Kensington,-37.79953087,144.925469,3492,10,09:43:40,09:44:00,10,0,90,100
2023-07-10,Monday,Normal Weekday,Metro,6222,Werribee,Northern & Cross-City,U,Laverton,Flinders Street,North Melbourne,-37.80630984,144.9415102,1680,11,09:46:40,09:47:00,0,20,100,80
2023-07-10,Monday,Normal Weekday,Metro,6222,Werribee,Northern & Cross-City,U,Laverton,Flinders Street,Southern Cross,-37.81793643,144.9514112,0,12,09:50:40,09:51:00,10,30,80,50
2023-07-10,Monday,Normal Weekday,Metro,6222,Werribee,Northern & Cross-City,U,Laverton,Flinders Street,Flinders Street,-37.81830513,144.9669643,1232,13,09:55:00,09:55:00,0,50,50,0
2023-07-10,Monday,Normal Weekday,Metro,6223,Werribee,Northern & Cross-City,D,Flinders Street,Laverton,Flinders Street,-37.81830513,144.9669643,1232,1,08:28:00,08:28:00,60,0,0,60
2023-07-10,Monday,Normal Weekday,Metro,6223,Werribee,Northern & Cross-City,D,Flinders Street,Laverton,Southern Cross,-37.81793643,144.9514112,0,2,08:31:40,08:32:00,20,20,60,60
2023-07-10,Monday,Normal Weekday,Metro,6223,Werribee,Northern & Cross-City,D,Flinders Street,Laverton,North Melbourne,-37.80630984,144.9415102,1680,3,08:34:40,08:35:00,10,10,60,60
2023-07-10,Monday,Normal Weekday,Metro,6223,Werribee,Northern & Cross-City,D,Flinders Street,Laverton,South Kensington,-37.79953087,144.925469,3492,4,08:36:40,08:37:00,0,0,60,60
2023-07-10,Monday,Normal Weekday,Metro,6223,Werribee,Northern & Cross-City,D,Flinders Street,Laverton,Footscray,-37.80108298,144.9031992,5623,5,08:39:40,08:40:00,0,30,60,30
2023-07-10,Monday,Normal Weekday,Metro,6223,Werribee,Northern & Cross-City,D,Flinders Street,Laverton,Seddon,-37.80900514,144.8956716,6618,6,08:40:40,08:41:00,0,0,30,30
2023-07-10,Monday,Normal Weekday,Metro,6223,Werribee,Northern & Cross-City,D,Flinders Street,Laverton,Yarraville,-37.81585044,144.8899337,7542,7,08:42:40,08:43:00,0,0,30,30
2023-07-10,Monday,Normal Weekday,Metro,6223,Werribee,Northern & Cross-City,D,Flinders Street,Laverton,Spotswood,-37.83063888,144.8859335,9220,8,08:44:40,08:45:00,0,10,30,20
2023-07-10,Monday,Normal Weekday,Metro,6223,Werribee,Northern & Cross-City,D,Flinders Street,Laverton,Newport,-37.84271757,144.8835999,10555,9,08:47:40,08:48:00,10,10,20,30
2023-07-10,Monday,Normal Weekday,Metro,6223,Werribee,Northern & Cross-City,D,Flinders Street,Laverton,Seaholme,-37.86784231,144.8409577,16127,10,08:54:40,08:55:00,0,0,30,20
2023-07-10,Monday,Normal Weekday,Metro,6223,Werribee,Northern & Cross-City,D,Flinders Street,Laverton,Altona,-37.8671476,144.8296447,17148,11,08:56:40,08:57:00,0,10,20,20
2023-07-10,Monday,Normal Weekday,Metro,6223,Werribee,Northern & Cross-City,D,Flinders Street,Laverton,Westona,-37.86516348,144.8134936,18533,12,08:59:40,09:00:00,0,10,20,0
2023-07-10,Monday,Normal Weekday,Metro,6223,Werribee,Northern & Cross-City,D,Flinders Street,Laverton,Laverton,-37.86369404,144.7726167,21005,13,09:04:00,09:04:00,0,0,0,0
2023-07-10,Monday,Normal Weekday,Metro,6224,Werribee,Northern & Cross-City,U,Laverton,Flinders Street,Laverton,-37.86369404,144.7726167,21005,1,09:36:00,09:36:00,10,0,0,10
2023-07-10,Monday,Normal Weekday,Metro,6224,Werribee,Northern & Cross-City,U,Laverton,Flinders Street,Westona,-37.86516348,144.8134936,18533,2,09:39:40,09:40:00,10,10,10,10
2023-07-10,Monday,Normal Weekday,Metro,6224,Werribee,Northern & Cross-City,U,Laverton,Flinders Street,Altona,-37.8671476,144.8296447,17148,3,09:41:40,09:42:00,10,0,10,10
2023-07-10,Monday,Normal Weekday,Metro,6224,Werribee,Northern & Cross-City,U,Laverton,Flinders Street,Seaholme,-37.86784231,144.8409577,16127,4,09:43:40,09:44:00,10,0,10,20
2023-07-10,Monday,Normal Weekday,Metro,6224,Werribee,Northern & Cross-City,U,Laverton,Flinders Street,Newport,-37.84271757,144.8835999,10555,5,09:52:40,09:53:00,10,0,20,30
2023-07-10,Monday,Normal Weekday,Metro,6224,Werribee,Northern & Cross-City,U,Laverton,Flinders Street,Spotswood,-37.83063888,144.8859335,9220,6,09:54:40,09:55:00,0,0,30,30
2023-07-10,Monday,Normal Weekday,Metro,6224,Werribee,Northern & Cross-City,U,Laverton,Flinders Street,Yarraville,-37.81585044,144.8899337,7542,7,09:56:40,09:57:00,10,0,30,40
2023-07-10,Monday,Normal Weekday,Metro,6224,Werribee,Northern & Cross-City,U,Laverton,Flinders Street,Seddon,-37.80900514,144.8956716,6618,8,09:58:40,09:59:00,10,0,40,50
2023-07-10,Monday,Normal Weekday,Metro,6224,Werribee,Northern & Cross-City,U,Laverton,Flinders Street,Footscray,-37.80108298,144.9031992,5623,9,10:00:40,10:01:00,30,0,50,70
2023-07-10,Monday,Normal Weekday,Metro,6224,Werribee,Northern & Cross-City,U,Laverton,Flinders Street,South Kensington,-37.79953087,144.925469,3492,10,10:03:40,10:04:00,10,0,70,70
2023-07-10,Monday,Normal Weekday,Metro,6224,Werribee,Northern & Cross-City,U,Laverton,Flinders Street,North Melbourne,-37.80630984,144.9415102,1680,11,10:06:40,10:07:00,0,10,70,70
2023-07-10,Monday,Normal Weekday,Metro,6224,Werribee,Northern & Cross-City,U,Laverton,Flinders Street,Southern Cross,-37.81793643,144.9514112,0,12,10:10:40,10:11:00,10,40,70,50
2023-07-10,Monday,Normal Weekday,Metro,6224,Werribee,Northern & Cross-City,U,Laverton,Flinders Street,Flinders Street,-37.81830513,144.9669643,1232,13,10:15:00,10:15:00,0,50,50,0
2023-07-10,Monday,Normal Weekday,Metro,6225,Werribee,Northern & Cross-City,D,Flinders Street,Laverton,Flinders Street,-37.81830513,144.9669643,1232,1,08:48:00,08:48:00,20,0,0,20
2023-07-10,Monday,Normal Weekday,Metro,6225,Werribee,Northern & Cross-City,D,Flinders Street,Laverton,Southern Cross,-37.81793643,144.9514112,0,2,08:51:40,08:52:00,10,0,20,30
2023-07-10,Monday,Normal Weekday,Metro,6225,Werribee,Northern & Cross-City,D,Flinders Street,Laverton,North Melbourne,-37.80630984,144.9415102,1680,3,08:54:40,08:55:00,10,0,30,40
2023-07-10,Monday,Normal Weekday,Metro,6225,Werribee,Northern & Cross-City,D,Flinders Street,Laverton,South Kensington,-37.79953087,144.925469,3492,4,08:56:40,08:57:00,0,0,40,30
2023-07-10,Monday,Normal Weekday,Metro,6225,Werribee,Northern & Cross-City,D,Flinders Street,Laverton,Footscray,-37.80108298,144.9031992,5623,5,08:59:40,09:00:00,0,10,30,20
2023-07-10,Monday,Normal Weekday,Metro,6225,Werribee,Northern & Cross-City,D,Flinders Street,Laverton,Seddon,-37.80900514,144.8956716,6618,6,09:00:40,09:01:00,0,0,20,20
2023-07-10,Monday,Normal Weekday,Metro,6225,Werribee,Northern & Cross-City,D,Flinders Street,Laverton,Yarraville,-37.81585044,144.8899337,7542,7,09:02:40,09:03:00,0,0,20,20
2023-07-10,Monday,Normal Weekday,Metro,6225,Werribee,Northern & Cross-City,D,Flinders Street,Laverton,Spotswood,-37.83063888,144.8859335,9220,8,09:04:40,09:05:00,0,0,20,10
2023-07-10,Monday,Normal Weekday,Metro,6225,Werribee,Northern & Cross-City,D,Flinders Street,Laverton,Newport,-37.84271757,144.8835999,10555,9,09:07:40,09:08:00,0,10,10,10
2023-07-10,Monday,Normal Weekday,Metro,6225,Werribee,Northern & Cross-City,D,Flinders Street,Laverton,Seaholme,-37.86784231,144.8409577,16127,10,09:14:40,09:15:00,0,0,10,10
2023-07-10,Monday,Normal Weekday,Metro,6225,Werribee,Northern & Cross-City,D,Flinders Street,Laverton,Altona,-37.8671476,144.8296447,17148,11,09:16:40,09:17:00,0,10,10,10
2023-07-10,Monday,Normal Weekday,Metro,6225,Werribee,Northern & Cross-City,D,Flinders Street,Laverton,Westona,-37.86516348,144.8134936,18533,12,09:19:40,09:20:00,0,0,10,0
2023-07-10,Monday,Normal Weekday,Metro,6225,Werribee,Northern & Cross-City,D,Flinders Street,Laverton,Laverton,-37.86369404,144.7726167,21005,13,09:24:00,09:24:00,0,0,0,0
2023-07-10,Monday,Normal Weekday,Metro,6226,Werribee,Northern & Cross-City,U,Laverton,Flinders Street,Laverton,-37.86369404,144.7726167,21005,1,09:56:00,09:56:00,10,0,0,10
2023-07-10,Monday,Normal Weekday,Metro,6226,Werribee,Northern & Cross-City,U,Laverton,Flinders Street,Westona,-37.86516348,144.8134936,18533,2,09:59:40,10:00:00,10,0,10,10
2023-07-10,Monday,Normal Weekday,Metro,6226,Werribee,Northern & Cross-City,U,Laverton,Flinders Street,Altona,-37.8671476,144.8296447,17148,3,10:01:40,10:02:00,10,0,10,20
2023-07-10,Monday,Normal Weekday,Metro,6226,Werribee,Northern & Cross-City,U,Laverton,Flinders Street,Seaholme,-37.86784231,144.8409577,16127,4,10:03:40,10:04:00,10,0,20,30
2023-07-10,Monday,Normal Weekday,Metro,6226,Werribee,Northern & Cross-City,U,Laverton,Flinders Street,Newport,-37.84271757,144.8835999,10555,5,10:12:40,10:13:00,10,0,30,40
2023-07-10,Monday,Normal Weekday,Metro,6226,Werribee,Northern & Cross-City,U,Laverton,Flinders Street,Spotswood,-37.83063888,144.8859335,9220,6,10:14:40,10:15:00,10,0,40,40
2023-07-10,Monday,Normal Weekday,Metro,6226,Werribee,Northern & Cross-City,U,Laverton,Flinders Street,Yarraville,-37.81585044,144.8899337,7542,7,10:16:40,10:17:00,10,0,40,50
2023-07-10,Monday,Normal Weekday,Metro,6226,Werribee,Northern & Cross-City,U,Laverton,Flinders Street,Seddon,-37.80900514,144.8956716,6618,8,10:18:40,10:19:00,10,0,50,60
2023-07-10,Monday,Normal Weekday,Metro,6226,Werribee,Northern & Cross-City,U,Laverton,Flinders Street,Footscray,-37.80108298,144.9031992,5623,9,10:20:40,10:21:00,40,0,60,100
2023-07-10,Monday,Normal Weekday,Metro,6226,Werribee,Northern & Cross-City,U,Laverton,Flinders Street,South Kensington,-37.79953087,144.925469,3492,10,10:23:40,10:24:00,0,0,100,100
2023-07-10,Monday,Normal Weekday,Metro,6226,Werribee,Northern & Cross-City,U,Laverton,Flinders Street,North Melbourne,-37.80630984,144.9415102,1680,11,10:26:40,10:27:00,0,10,100,90
2023-07-10,Monday,Normal Weekday,Metro,6226,Werribee,Northern & Cross-City,U,Laverton,Flinders Street,Southern Cross,-37.81793643,144.9514112,0,12,10:30:40,10:31:00,30,50,90,60
2023-07-10,Monday,Normal Weekday,Metro,6226,Werribee,Northern & Cross-City,U,Laverton,Flinders Street,Flinders Street,-37.81830513,144.9669643,1232,13,10:35:00,10:35:00,0,60,60,0
2023-07-10,Monday,Normal Weekday,Metro,6227,Werribee,Northern & Cross-City,D,Flinders Street,Laverton,Flinders Street,-37.81830513,144.9669643,1232,1,09:09:00,09:09:00,10,0,0,10
2023-07-10,Monday,Normal Weekday,Metro,6227,Werribee,Northern & Cross-City,D,Flinders Street,Laverton,Southern Cross,-37.81793643,144.9514112,0,2,09:11:40,09:12:00,10,10,10,10
2023-07-10,Monday,Normal Weekday,Metro,6227,Werribee,Northern & Cross-City,D,Flinders Street,Laverton,North Melbourne,-37.80630984,144.9415102,1680,3,09:14:40,09:15:00,10,0,10,20
2023-07-10,Monday,Normal Weekday,Metro,6227,Werribee,Northern & Cross-City,D,Flinders Street,Laverton,South Kensington,-37.79953087,144.925469,3492,4,09:16:40,09:17:00,0,0,20,20
2023-07-10,Monday,Normal Weekday,Metro,6227,Werribee,Northern & Cross-City,D,Flinders Street,Laverton,Footscray,-37.80108298,144.9031992,5623,5,09:19:40,09:20:00,0,10,20,20
2023-07-10,Monday,Normal Weekday,Metro,6227,Werribee,Northern & Cross-City,D,Flinders Street,Laverton,Seddon,-37.80900514,144.8956716,6618,6,09:20:40,09:21:00,0,0,20,20
2023-07-10,Monday,Normal Weekday,Metro,6227,Werribee,Northern & Cross-City,D,Flinders Street,Laverton,Yarraville,-37.81585044,144.8899337,7542,7,09:22:40,09:23:00,0,0,20,20
2023-07-10,Monday,Normal Weekday,Metro,6227,Werribee,Northern & Cross-City,D,Flinders Street,Laverton,Spotswood,-37.83063888,144.8859335,9220,8,09:24:40,09:25:00,0,0,20,20
2023-07-10,Monday,Normal Weekday,Metro,6227,Werribee,Northern & Cross-City,D,Flinders Street,Laverton,Newport,-37.84271757,144.8835999,10555,9,09:27:40,09:28:00,0,0,20,10
2023-07-10,Monday,Normal Weekday,Metro,6227,Werribee,Northern & Cross-City,D,Flinders Street,Laverton,Seaholme,-37.86784231,144.8409577,16127,10,09:34:40,09:35:00,0,0,10,10
2023-07-10,Monday,Normal Weekday,Metro,6227,Werribee,Northern & Cross-City,D,Flinders Street,Laverton,Altona,-37.8671476,144.8296447,17148,11,09:36:40,09:37:00,0,10,10,10
2023-07-10,Monday,Normal Weekday,Metro,6227,Werribee,Northern & Cross-City,D,Flinders Street,Laverton,Westona,-37.86516348,144.8134936,18533,12,09:39:40,09:40:00,0,0,10,0
2023-07-10,Monday,Normal Weekday,Metro,6227,Werribee,Northern & Cross-City,D,Flinders Street,Laverton,Laverton,-37.86369404,144.7726167,21005,13,09:44:00,09:44:00,0,0,0,0
2023-07-10,Monday,Normal Weekday,Metro,6228,Werribee,Northern & Cross-City,U,Laverton,Flinders Street,Laverton,-37.86369404,144.7726167,21005,1,10:16:00,10:16:00,10,0,0,10
2023-07-10,Monday,Normal Weekday,Metro,6228,Werribee,Northern & Cross-City,U,Laverton,Flinders Street,Westona,-37.86516348,144.8134936,18533,2,10:19:40,10:20:00,0,0,10,10
2023-07-10,Monday,Normal Weekday,Metro,6228,Werribee,Northern & Cross-City,U,Laverton,Flinders Street,Altona,-37.8671476,144.8296447,17148,3,10:21:40,10:22:00,10,0,10,10
2023-07-10,Monday,Normal Weekday,Metro,6228,Werribee,Northern & Cross-City,U,Laverton,Flinders Street,Seaholme,-37.86784231,144.8409577,16127,4,10:23:40,10:24:00,0,0,10,10
2023-07-10,Monday,Normal Weekday,Metro,6228,Werribee,Northern & Cross-City,U,Laverton,Flinders Street,Newport,-37.84271757,144.8835999,10555,5,10:32:40,10:33:00,10,0,10,20
2023-07-10,Monday,Normal Weekday,Metro,6228,Werribee,Northern & Cross-City,U,Laverton,Flinders Street,Spotswood,-37.83063888,144.8859335,9220,6,10:34:40,10:35:00,0,0,20,20
2023-07-10,Monday,Normal Weekday,Metro,6228,Werribee,Northern & Cross-City,U,Laverton,Flinders Street,Yarraville,-37.81585044,144.8899337,7542,7,10:36:40,10:37:00,10,0,20,30
2023-07-10,Monday,Normal Weekday,Metro,6228,Werribee,Northern & Cross-City,U,Laverton,Flinders Street,Seddon,-37.80900514,144.8956716,6618,8,10:38:40,10:39:00,10,0,30,40
2023-07-10,Monday,Normal Weekday,Metro,6228,Werribee,Northern & Cross-City,U,Laverton,Flinders Street,Footscray,-37.80108298,144.9031992,5623,9,10:40:40,10:41:00,30,0,40,70
2023-07-10,Monday,Normal Weekday,Metro,6228,Werribee,Northern & Cross-City,U,Laverton,Flinders Street,South Kensington,-37.79953087,144.925469,3492,10,10:43:40,10:44:00,10,0,70,80
2023-07-10,Monday,Normal Weekday,Metro,6228,Werribee,Northern & Cross-City,U,Laverton,Flinders Street,North Melbourne,-37.80630984,144.9415102,1680,11,10:46:40,10:47:00,10,10,80,70
2023-07-10,Monday,Normal Weekday,Metro,6228,Werribee,Northern & Cross-City,U,Laverton,Flinders Street,Southern Cross,-37.81793643,144.9514112,0,12,10:49:40,10:50:00,0,50,70,30
2023-07-10,Monday,Normal Weekday,Metro,6228,Werribee,Northern & Cross-City,U,Laverton,Flinders Street,Flinders Street,-37.81830513,144.9669643,1232,13,10:54:00,10:54:00,0,30,30,0
2023-07-10,Monday,Normal Weekday,Metro,6229,Werribee,Northern & Cross-City,D,Flinders Street,Laverton,Flinders Street,-37.81830513,144.9669643,1232,1,09:26:00,09:26:00,40,0,0,40
2023-07-10,Monday,Normal Weekday,Metro,6229,Werribee,Northern & Cross-City,D,Flinders Street,Laverton,Southern Cross,-37.81793643,144.9514112,0,2,09:29:40,09:30:00,10,30,40,20
2023-07-10,Monday,Normal Weekday,Metro,6229,Werribee,Northern & Cross-City,D,Flinders Street,Laverton,North Melbourne,-37.80630984,144.9415102,1680,3,09:32:40,09:33:00,10,0,20,30
2023-07-10,Monday,Normal Weekday,Metro,6229,Werribee,Northern & Cross-City,D,Flinders Street,Laverton,South Kensington,-37.79953087,144.925469,3492,4,09:35:40,09:36:00,0,0,30,20
2023-07-10,Monday,Normal Weekday,Metro,6229,Werribee,Northern & Cross-City,D,Flinders Street,Laverton,Footscray,-37.80108298,144.9031992,5623,5,09:38:40,09:39:00,10,0,20,30
2023-07-10,Monday,Normal Weekday,Metro,6229,Werribee,Northern & Cross-City,D,Flinders Street,Laverton,Seddon,-37.80900514,144.8956716,6618,6,09:39:40,09:40:00,0,0,30,30
2023-07-10,Monday,Normal Weekday,Metro,6229,Werribee,Northern & Cross-City,D,Flinders Street,Laverton,Yarraville,-37.81585044,144.8899337,7542,7,09:41:40,09:42:00,0,10,30,20
2023-07-10,Monday,Normal Weekday,Metro,6229,Werribee,Northern & Cross-City,D,Flinders Street,Laverton,Spotswood,-37.83063888,144.8859335,9220,8,09:43:40,09:44:00,0,10,20,10
2023-07-10,Monday,Normal Weekday,Metro,6229,Werribee,Northern & Cross-City,D,Flinders Street,Laverton,Newport,-37.84271757,144.8835999,10555,9,09:46:40,09:47:00,0,0,10,10
2023-07-10,Monday,Normal Weekday,Metro,6229,Werribee,Northern & Cross-City,D,Flinders Street,Laverton,Seaholme,-37.86784231,144.8409577,16127,10,09:53:40,09:54:00,0,0,10,10
2023-07-10,Monday,Normal Weekday,Metro,6229,Werribee,Northern & Cross-City,D,Flinders Street,Laverton,Altona,-37.8671476,144.8296447,17148,11,09:55:40,09:56:00,0,0,10,10
2023-07-10,Monday,Normal Weekday,Metro,6229,Werribee,Northern & Cross-City,D,Flinders Street,Laverton,Westona,-37.86516348,144.8134936,18533,12,09:59:00,10:00:00,0,0,10,0
2023-07-10,Monday,Normal Weekday,Metro,6229,Werribee,Northern & Cross-City,D,Flinders Street,Laverton,Laverton,-37.86369404,144.7726167,21005,13,10:04:00,10:04:00,0,0,0,0
2023-07-10,Monday,Normal Weekday,Metro,6230,Werribee,Northern & Cross-City,U,Laverton,Flinders Street,Laverton,-37.86369404,144.7726167,21005,1,10:36:00,10:36:00,20,0,0,20
2023-07-10,Monday,Normal Weekday,Metro,6230,Werribee,Northern & Cross-City,U,Laverton,Flinders Street,Westona,-37.86516348,144.8134936,18533,2,10:39:40,10:40:00,0,0,20,20
2023-07-10,Monday,Normal Weekday,Metro,6230,Werribee,Northern & Cross-City,U,Laverton,Flinders Street,Altona,-37.8671476,144.8296447,17148,3,10:41:40,10:42:00,0,10,20,10
2023-07-10,Monday,Normal Weekday,Metro,6230,Werribee,Northern & Cross-City,U,Laverton,Flinders Street,Seaholme,-37.86784231,144.8409577,16127,4,10:43:40,10:44:00,0,0,10,10
2023-07-10,Monday,Normal Weekday,Metro,6230,Werribee,Northern & Cross-City,U,Laverton,Flinders Street,Newport,-37.84271757,144.8835999,10555,5,10:52:40,10:53:00,20,0,10,30
2023-07-10,Monday,Normal Weekday,Metro,6230,Werribee,Northern & Cross-City,U,Laverton,Flinders Street,Spotswood,-37.83063888,144.8859335,9220,6,10:54:40,10:55:00,0,0,30,40
2023-07-10,Monday,Normal Weekday,Metro,6230,Werribee,Northern & Cross-City,U,Laverton,Flinders Street,Yarraville,-37.81585044,144.8899337,7542,7,10:56:40,10:57:00,20,0,40,60
2023-07-10,Monday,Normal Weekday,Metro,6230,Werribee,Northern & Cross-City,U,Laverton,Flinders Street,Seddon,-37.80900514,144.8956716,6618,8,10:58:40,10:59:00,0,0,60,60
2023-07-10,Monday,Normal Weekday,Metro,6230,Werribee,Northern & Cross-City,U,Laverton,Flinders Street,Footscray,-37.80108298,144.9031992,5623,9,11:00:40,11:01:00,40,0,60,90
2023-07-10,Monday,Normal Weekday,Metro,6230,Werribee,Northern & Cross-City,U,Laverton,Flinders Street,South Kensington,-37.79953087,144.925469,3492,10,11:03:40,11:04:00,0,0,90,90
2023-07-10,Monday,Normal Weekday,Metro,6230,Werribee,Northern & Cross-City,U,Laverton,Flinders Street,North Melbourne,-37.80630984,144.9415102,1680,11,11:06:40,11:07:00,20,0,90,100
2023-07-10,Monday,Normal Weekday,Metro,6230,Werribee,Northern & Cross-City,U,Laverton,Flinders Street,Southern Cross,-37.81793643,144.9514112,0,12,11:09:40,11:10:00,10,40,100,70
2023-07-10,Monday,Normal Weekday,Metro,6230,Werribee,Northern & Cross-City,U,Laverton,Flinders Street,Flinders Street,-37.81830513,144.9669643,1232,13,11:14:00,11:14:00,0,70,70,0
2023-07-10,Monday,Normal Weekday,Metro,6231,Werribee,Northern & Cross-City,D,Flinders Street,Laverton,Flinders Street,-37.81830513,144.9669643,1232,1,09:46:00,09:46:00,50,0,0,50
2023-07-10,Monday,Normal Weekday,Metro,6231,Werribee,Northern & Cross-City,D,Flinders Street,Laverton,Southern Cross,-37.81793643,144.9514112,0,2,09:49:40,09:50:00,10,40,50,20
2023-07-10,Monday,Normal Weekday,Metro,6231,Werribee,Northern & Cross-City,D,Flinders Street,Laverton,North Melbourne,-37.80630984,144.9415102,1680,3,09:52:40,09:53:00,10,0,20,20
2023-07-10,Monday,Normal Weekday,Metro,6231,Werribee,Northern & Cross-City,D,Flinders Street,Laverton,South Kensington,-37.79953087,144.925469,3492,4,09:55:40,09:56:00,0,0,20,20
2023-07-10,Monday,Normal Weekday,Metro,6231,Werribee,Northern & Cross-City,D,Flinders Street,Laverton,Footscray,-37.80108298,144.9031992,5623,5,09:58:40,09:59:00,0,10,20,20
2023-07-10,Monday,Normal Weekday,Metro,6231,Werribee,Northern & Cross-City,D,Flinders Street,Laverton,Seddon,-37.80900514,144.8956716,6618,6,09:59:40,10:00:00,0,0,20,20
2023-07-10,Monday,Normal Weekday,Metro,6231,Werribee,Northern & Cross-City,D,Flinders Street,Laverton,Yarraville,-37.81585044,144.8899337,7542,7,10:01:40,10:02:00,0,10,20,10
2023-07-10,Monday,Normal Weekday,Metro,6231,Werribee,Northern & Cross-City,D,Flinders Street,Laverton,Spotswood,-37.83063888,144.8859335,9220,8,10:03:40,10:04:00,0,0,10,10
2023-07-10,Monday,Normal Weekday,Metro,6231,Werribee,Northern & Cross-City,D,Flinders Street,Laverton,Newport,-37.84271757,144.8835999,10555,9,10:06:40,10:07:00,0,0,10,10
2023-07-10,Monday,Normal Weekday,Metro,6231,Werribee,Northern & Cross-City,D,Flinders Street,Laverton,Seaholme,-37.86784231,144.8409577,16127,10,10:13:40,10:14:00,0,0,10,10
2023-07-10,Monday,Normal Weekday,Metro,6231,Werribee,Northern & Cross-City,D,Flinders Street,Laverton,Altona,-37.8671476,144.8296447,17148,11,10:15:40,10:16:00,0,0,10,10
2023-07-10,Monday,Normal Weekday,Metro,6231,Werribee,Northern & Cross-City,D,Flinders Street,Laverton,Westona,-37.86516348,144.8134936,18533,12,10:19:00,10:20:00,0,0,10,0
2023-07-10,Monday,Normal Weekday,Metro,6231,Werribee,Northern & Cross-City,D,Flinders Street,Laverton,Laverton,-37.86369404,144.7726167,21005,13,10:24:00,10:24:00,0,0,0,0
2023-07-10,Monday,Normal Weekday,Metro,6232,Werribee,Northern & Cross-City,U,Laverton,Flinders Street,Laverton,-37.86369404,144.7726167,21005,1,10:56:00,10:56:00,0,0,0,0
2023-07-10,Monday,Normal Weekday,Metro,6232,Werribee,Northern & Cross-City,U,Laverton,Flinders Street,Westona,-37.86516348,144.8134936,18533,2,10:59:40,11:00:00,10,0,0,10
2023-07-10,Monday,Normal Weekday,Metro,6232,Werribee,Northern & Cross-City,U,Laverton,Flinders Street,Altona,-37.8671476,144.8296447,17148,3,11:01:40,11:02:00,10,0,10,20
2023-07-10,Monday,Normal Weekday,Metro,6232,Werribee,Northern & Cross-City,U,Laverton,Flinders Street,Seaholme,-37.86784231,144.8409577,16127,4,11:03:40,11:04:00,0,0,20,30
2023-07-10,Monday,Normal Weekday,Metro,6232,Werribee,Northern & Cross-City,U,Laverton,Flinders Street,Newport,-37.84271757,144.8835999,10555,5,11:12:40,11:13:00,10,0,30,30
2023-07-10,Monday,Normal Weekday,Metro,6232,Werribee,Northern & Cross-City,U,Laverton,Flinders Street,Spotswood,-37.83063888,144.8859335,9220,6,11:14:40,11:15:00,0,0,30,40
2023-07-10,Monday,Normal Weekday,Metro,6232,Werribee,Northern & Cross-City,U,Laverton,Flinders Street,Yarraville,-37.81585044,144.8899337,7542,7,11:16:40,11:17:00,10,10,40,40
2023-07-10,Monday,Normal Weekday,Metro,6232,Werribee,Northern & Cross-City,U,Laverton,Flinders Street,Seddon,-37.80900514,144.8956716,6618,8,11:18:40,11:19:00,0,0,40,40
2023-07-10,Monday,Normal Weekday,Metro,6232,Werribee,Northern & Cross-City,U,Laverton,Flinders Street,Footscray,-37.80108298,144.9031992,5623,9,11:20:40,11:21:00,20,10,40,60
2023-07-10,Monday,Normal Weekday,Metro,6232,Werribee,Northern & Cross-City,U,Laverton,Flinders Street,South Kensington,-37.79953087,144.925469,3492,10,11:23:40,11:24:00,0,0,60,60
2023-07-10,Monday,Normal Weekday,Metro,6232,Werribee,Northern & Cross-City,U,Laverton,Flinders Street,North Melbourne,-37.80630984,144.9415102,1680,11,11:26:40,11:27:00,10,10,60,70
2023-07-10,Monday,Normal Weekday,Metro,6232,Werribee,Northern & Cross-City,U,Laverton,Flinders Street,Southern Cross,-37.81793643,144.9514112,0,12,11:29:40,11:30:00,40,40,70,70
2023-07-10,Monday,Normal Weekday,Metro,6232,Werribee,Northern & Cross-City,U,Laverton,Flinders Street,Flinders Street,-37.81830513,144.9669643,1232,13,11:34:00,11:34:00,0,70,70,0
2023-07-10,Monday,Normal Weekday,Metro,6233,Werribee,Northern & Cross-City,D,Flinders Street,Laverton,Flinders Street,-37.81830513,144.9669643,1232,1,10:06:00,10:06:00,30,0,0,30
2023-07-10,Monday,Normal Weekday,Metro,6233,Werribee,Northern & Cross-City,D,Flinders Street,Laverton,Southern Cross,-37.81793643,144.9514112,0,2,10:09:40,10:10:00,10,20,30,20
2023-07-10,Monday,Normal Weekday,Metro,6233,Werribee,Northern & Cross-City,D,Flinders Street,Laverton,North Melbourne,-37.80630984,144.9415102,1680,3,10:12:40,10:13:00,10,0,20,30
2023-07-10,Monday,Normal Weekday,Metro,6233,Werribee,Northern & Cross-City,D,Flinders Street,Laverton,South Kensington,-37.79953087,144.925469,3492,4,10:15:40,10:16:00,0,0,30,20
2023-07-10,Monday,Normal Weekday,Metro,6233,Werribee,Northern & Cross-City,D,Flinders Street,Laverton,Footscray,-37.80108298,144.9031992,5623,5,10:18:40,10:19:00,10,0,20,20
2023-07-10,Monday,Normal Weekday,Metro,6233,Werribee,Northern & Cross-City,D,Flinders Street,Laverton,Seddon,-37.80900514,144.8956716,6618,6,10:19:40,10:20:00,0,0,30,20
2023-07-10,Monday,Normal Weekday,Metro,6233,Werribee,Northern & Cross-City,D,Flinders Street,Laverton,Yarraville,-37.81585044,144.8899337,7542,7,10:21:40,10:22:00,0,10,20,20
2023-07-10,Monday,Normal Weekday,Metro,6233,Werribee,Northern & Cross-City,D,Flinders Street,Laverton,Spotswood,-37.83063888,144.8859335,9220,8,10:23:40,10:24:00,0,10,20,10
2023-07-10,Monday,Normal Weekday,Metro,6233,Werribee,Northern & Cross-City,D,Flinders Street,Laverton,Newport,-37.84271757,144.8835999,10555,9,10:26:40,10:27:00,0,0,10,10
2023-07-10,Monday,Normal Weekday,Metro,6233,Werribee,Northern & Cross-City,D,Flinders Street,Laverton,Seaholme,-37.86784231,144.8409577,16127,10,10:33:40,10:34:00,0,0,10,10
2023-07-10,Monday,Normal Weekday,Metro,6233,Werribee,Northern & Cross-City,D,Flinders Street,Laverton,Altona,-37.8671476,144.8296447,17148,11,10:35:40,10:36:00,0,0,10,10
2023-07-10,Monday,Normal Weekday,Metro,6233,Werribee,Northern & Cross-City,D,Flinders Street,Laverton,Westona,-37.86516348,144.8134936,18533,12,10:39:00,10:40:00,0,0,10,10
2023-07-10,Monday,Normal Weekday,Metro,6233,Werribee,Northern & Cross-City,D,Flinders Street,Laverton,Laverton,-37.86369404,144.7726167,21005,13,10:44:00,10:44:00,0,10,10,0
2023-07-10,Monday,Normal Weekday,Metro,6234,Werribee,Northern & Cross-City,U,Laverton,Flinders Street,Laverton,-37.86369404,144.7726167,21005,1,11:16:00,11:16:00,10,0,0,10
2023-07-10,Monday,Normal Weekday,Metro,6234,Werribee,Northern & Cross-City,U,Laverton,Flinders Street,Westona,-37.86516348,144.8134936,18533,2,11:19:40,11:20:00,0,0,10,10
2023-07-10,Monday,Normal Weekday,Metro,6234,Werribee,Northern & Cross-City,U,Laverton,Flinders Street,Altona,-37.8671476,144.8296447,17148,3,11:21:40,11:22:00,10,0,10,20
2023-07-10,Monday,Normal Weekday,Metro,6234,Werribee,Northern & Cross-City,U,Laverton,Flinders Street,Seaholme,-37.86784231,144.8409577,16127,4,11:23:40,11:24:00,0,0,20,20
2023-07-10,Monday,Normal Weekday,Metro,6234,Werribee,Northern & Cross-City,U,Laverton,Flinders Street,Newport,-37.84271757,144.8835999,10555,5,11:32:40,11:33:00,10,0,20,30
2023-07-10,Monday,Normal Weekday,Metro,6234,Werribee,Northern & Cross-City,U,Laverton,Flinders Street,Spotswood,-37.83063888,144.8859335,9220,6,11:34:40,11:35:00,0,0,30,30
2023-07-10,Monday,Normal Weekday,Metro,6234,Werribee,Northern & Cross-City,U,Laverton,Flinders Street,Yarraville,-37.81585044,144.8899337,7542,7,11:36:40,11:37:00,10,0,30,40
2023-07-10,Monday,Normal Weekday,Metro,6234,Werribee,Northern & Cross-City,U,Laverton,Flinders Street,Seddon,-37.80900514,144.8956716,6618,8,11:38:40,11:39:00,0,0,40,50
2023-07-10,Monday,Normal Weekday,Metro,6234,Werribee,Northern & Cross-City,U,Laverton,Flinders Street,Footscray,-37.80108298,144.9031992,5623,9,11:40:40,11:41:00,30,0,50,70
2023-07-10,Monday,Normal Weekday,Metro,6234,Werribee,Northern & Cross-City,U,Laverton,Flinders Street,South Kensington,-37.79953087,144.925469,3492,10,11:43:40,11:44:00,10,0,70,80
2023-07-10,Monday,Normal Weekday,Metro,6234,Werribee,Northern & Cross-City,U,Laverton,Flinders Street,North Melbourne,-37.80630984,144.9415102,1680,11,11:46:40,11:47:00,0,10,80,70
2023-07-10,Monday,Normal Weekday,Metro,6234,Werribee,Northern & Cross-City,U,Laverton,Flinders Street,Southern Cross,-37.81793643,144.9514112,0,12,11:49:40,11:50:00,40,20,70,90
2023-07-10,Monday,Normal Weekday,Metro,6234,Werribee,Northern & Cross-City,U,Laverton,Flinders Street,Flinders Street,-37.81830513,144.9669643,1232,13,11:54:00,11:54:00,0,90,90,0
2023-07-10,Monday,Normal Weekday,Metro,6235,Werribee,Northern & Cross-City,D,Flinders Street,Laverton,Flinders Street,-37.81830513,144.9669643,1232,1,10:26:00,10:26:00,10,0,0,10
2023-07-10,Monday,Normal Weekday,Metro,6235,Werribee,Northern & Cross-City,D,Flinders Street,Laverton,Southern Cross,-37.81793643,144.9514112,0,2,10:29:40,10:30:00,10,0,10,20
2023-07-10,Monday,Normal Weekday,Metro,6235,Werribee,Northern & Cross-City,D,Flinders Street,Laverton,North Melbourne,-37.80630984,144.9415102,1680,3,10:32:40,10:33:00,0,0,20,20
2023-07-10,Monday,Normal Weekday,Metro,6235,Werribee,Northern & Cross-City,D,Flinders Street,Laverton,South Kensington,-37.79953087,144.925469,3492,4,10:35:40,10:36:00,0,0,20,20
2023-07-10,Monday,Normal Weekday,Metro,6235,Werribee,Northern & Cross-City,D,Flinders Street,Laverton,Footscray,-37.80108298,144.9031992,5623,5,10:38:40,10:39:00,0,0,20,20
2023-07-10,Monday,Normal Weekday,Metro,6235,Werribee,Northern & Cross-City,D,Flinders Street,Laverton,Seddon,-37.80900514,144.8956716,6618,6,10:39:40,10:40:00,0,0,20,20
2023-07-10,Monday,Normal Weekday,Metro,6235,Werribee,Northern & Cross-City,D,Flinders Street,Laverton,Yarraville,-37.81585044,144.8899337,7542,7,10:41:40,10:42:00,0,10,20,20
2023-07-10,Monday,Normal Weekday,Metro,6235,Werribee,Northern & Cross-City,D,Flinders Street,Laverton,Spotswood,-37.83063888,144.8859335,9220,8,10:43:40,10:44:00,0,10,20,10
2023-07-10,Monday,Normal Weekday,Metro,6235,Werribee,Northern & Cross-City,D,Flinders Street,Laverton,Newport,-37.84271757,144.8835999,10555,9,10:46:40,10:47:00,0,0,10,10
2023-07-10,Monday,Normal Weekday,Metro,6235,Werribee,Northern & Cross-City,D,Flinders Street,Laverton,Seaholme,-37.86784231,144.8409577,16127,10,10:53:40,10:54:00,0,0,10,10
2023-07-10,Monday,Normal Weekday,Metro,6235,Werribee,Northern & Cross-City,D,Flinders Street,Laverton,Altona,-37.8671476,144.8296447,17148,11,10:55:40,10:56:00,0,10,10,0
2023-07-10,Monday,Normal Weekday,Metro,6235,Werribee,Northern & Cross-City,D,Flinders Street,Laverton,Westona,-37.86516348,144.8134936,18533,12,10:59:00,11:00:00,0,0,0,0
2023-07-10,Monday,Normal Weekday,Metro,6235,Werribee,Northern & Cross-City,D,Flinders Street,Laverton,Laverton,-37.86369404,144.7726167,21005,13,11:04:00,11:04:00,0,0,0,0
2023-07-10,Monday,Normal Weekday,Metro,6236,Werribee,Northern & Cross-City,U,Laverton,Flinders Street,Laverton,-37.86369404,144.7726167,21005,1,11:36:00,11:36:00,10,0,0,10
2023-07-10,Monday,Normal Weekday,Metro,6236,Werribee,Northern & Cross-City,U,Laverton,Flinders Street,Westona,-37.86516348,144.8134936,18533,2,11:39:40,11:40:00,10,0,10,10
2023-07-10,Monday,Normal Weekday,Metro,6236,Werribee,Northern & Cross-City,U,Laverton,Flinders Street,Altona,-37.8671476,144.8296447,17148,3,11:41:40,11:42:00,10,0,10,10
2023-07-10,Monday,Normal Weekday,Metro,6236,Werribee,Northern & Cross-City,U,Laverton,Flinders Street,Seaholme,-37.86784231,144.8409577,16127,4,11:43:40,11:44:00,0,0,10,20
2023-07-10,Monday,Normal Weekday,Metro,6236,Werribee,Northern & Cross-City,U,Laverton,Flinders Street,Newport,-37.84271757,144.8835999,10555,5,11:52:40,11:53:00,0,10,20,10
2023-07-10,Monday,Normal Weekday,Metro,6236,Werribee,Northern & Cross-City,U,Laverton,Flinders Street,Spotswood,-37.83063888,144.8859335,9220,6,11:54:40,11:55:00,0,0,10,20
2023-07-10,Monday,Normal Weekday,Metro,6236,Werribee,Northern & Cross-City,U,Laverton,Flinders Street,Yarraville,-37.81585044,144.8899337,7542,7,11:56:40,11:57:00,10,0,20,20
2023-07-10,Monday,Normal Weekday,Metro,6236,Werribee,Northern & Cross-City,U,Laverton,Flinders Street,Seddon,-37.80900514,144.8956716,6618,8,11:58:40,11:59:00,10,0,20,30
2023-07-10,Monday,Normal Weekday,Metro,6236,Werribee,Northern & Cross-City,U,Laverton,Flinders Street,Footscray,-37.80108298,144.9031992,5623,9,12:00:40,12:01:00,30,0,30,60
2023-07-10,Monday,Normal Weekday,Metro,6236,Werribee,Northern & Cross-City,U,Laverton,Flinders Street,South Kensington,-37.79953087,144.925469,3492,10,12:03:40,12:04:00,0,0,60,60
2023-07-10,Monday,Normal Weekday,Metro,6236,Werribee,Northern & Cross-City,U,Laverton,Flinders Street,North Melbourne,-37.80630984,144.9415102,1680,11,12:06:40,12:07:00,10,10,60,60
2023-07-10,Monday,Normal Weekday,Metro,6236,Werribee,Northern & Cross-City,U,Laverton,Flinders Street,Southern Cross,-37.81793643,144.9514112,0,12,12:09:40,12:10:00,40,20,70,90
2023-07-10,Monday,Normal Weekday,Metro,6236,Werribee,Northern & Cross-City,U,Laverton,Flinders Street,Flinders Street,-37.81830513,144.9669643,1232,13,12:14:00,12:14:00,0,90,90,0
2023-07-10,Monday,Normal Weekday,Metro,6237,Werribee,Northern & Cross-City,D,Flinders Street,Laverton,Flinders Street,-37.81830513,144.9669643,1232,1,10:46:00,10:46:00,10,0,0,10
2023-07-10,Monday,Normal Weekday,Metro,6237,Werribee,Northern & Cross-City,D,Flinders Street,Laverton,Southern Cross,-37.81793643,144.9514112,0,2,10:49:40,10:50:00,20,0,10,30
2023-07-10,Monday,Normal Weekday,Metro,6237,Werribee,Northern & Cross-City,D,Flinders Street,Laverton,North Melbourne,-37.80630984,144.9415102,1680,3,10:52:40,10:53:00,0,0,30,30
2023-07-10,Monday,Normal Weekday,Metro,6237,Werribee,Northern & Cross-City,D,Flinders Street,Laverton,South Kensington,-37.79953087,144.925469,3492,4,10:55:40,10:56:00,0,0,30,30
2023-07-10,Monday,Normal Weekday,Metro,6237,Werribee,Northern & Cross-City,D,Flinders Street,Laverton,Footscray,-37.80108298,144.9031992,5623,5,10:58:40,10:59:00,0,10,30,30
2023-07-10,Monday,Normal Weekday,Metro,6237,Werribee,Northern & Cross-City,D,Flinders Street,Laverton,Seddon,-37.80900514,144.8956716,6618,6,10:59:40,11:00:00,0,10,30,30
2023-07-10,Monday,Normal Weekday,Metro,6237,Werribee,Northern & Cross-City,D,Flinders Street,Laverton,Yarraville,-37.81585044,144.8899337,7542,7,11:01:40,11:02:00,0,0,30,30
2023-07-10,Monday,Normal Weekday,Metro,6237,Werribee,Northern & Cross-City,D,Flinders Street,Laverton,Spotswood,-37.83063888,144.8859335,9220,8,11:03:40,11:04:00,0,10,30,20
2023-07-10,Monday,Normal Weekday,Metro,6237,Werribee,Northern & Cross-City,D,Flinders Street,Laverton,Newport,-37.84271757,144.8835999,10555,9,11:06:40,11:07:00,0,10,20,10
2023-07-10,Monday,Normal Weekday,Metro,6237,Werribee,Northern & Cross-City,D,Flinders Street,Laverton,Seaholme,-37.86784231,144.8409577,16127,10,11:13:40,11:14:00,0,0,10,10
2023-07-10,Monday,Normal Weekday,Metro,6237,Werribee,Northern & Cross-City,D,Flinders Street,Laverton,Altona,-37.8671476,144.8296447,17148,11,11:15:40,11:16:00,0,0,10,10
2023-07-10,Monday,Normal Weekday,Metro,6237,Werribee,Northern & Cross-City,D,Flinders Street,Laverton,Westona,-37.86516348,144.8134936,18533,12,11:19:00,11:20:00,0,0,10,0
2023-07-10,Monday,Normal Weekday,Metro,6237,Werribee,Northern & Cross-City,D,Flinders Street,Laverton,Laverton,-37.86369404,144.7726167,21005,13,11:24:00,11:24:00,0,0,0,0
2023-07-10,Monday,Normal Weekday,Metro,6238,Werribee,Northern & Cross-City,U,Laverton,Flinders Street,Laverton,-37.86369404,144.7726167,21005,1,11:56:00,11:56:00,10,0,0,10
2023-07-10,Monday,Normal Weekday,Metro,6238,Werribee,Northern & Cross-City,U,Laverton,Flinders Street,Westona,-37.86516348,144.8134936,18533,2,11:59:40,12:00:00,10,0,10,20
2023-07-10,Monday,Normal Weekday,Metro,6238,Werribee,Northern & Cross-City,U,Laverton,Flinders Street,Altona,-37.8671476,144.8296447,17148,3,12:01:40,12:02:00,0,0,20,20
2023-07-10,Monday,Normal Weekday,Metro,6238,Werribee,Northern & Cross-City,U,Laverton,Flinders Street,Seaholme,-37.86784231,144.8409577,16127,4,12:03:40,12:04:00,0,0,20,20
2023-07-10,Monday,Normal Weekday,Metro,6238,Werribee,Northern & Cross-City,U,Laverton,Flinders Street,Newport,-37.84271757,144.8835999,10555,5,12:12:40,12:13:00,0,0,20,20
2023-07-10,Monday,Normal Weekday,Metro,6238,Werribee,Northern & Cross-City,U,Laverton,Flinders Street,Spotswood,-37.83063888,144.8859335,9220,6,12:14:40,12:15:00,0,0,20,30
2023-07-10,Monday,Normal Weekday,Metro,6238,Werribee,Northern & Cross-City,U,Laverton,Flinders Street,Yarraville,-37.81585044,144.8899337,7542,7,12:16:40,12:17:00,10,0,30,30
2023-07-10,Monday,Normal Weekday,Metro,6238,Werribee,Northern & Cross-City,U,Laverton,Flinders Street,Seddon,-37.80900514,144.8956716,6618,8,12:18:40,12:19:00,0,0,30,30
2023-07-10,Monday,Normal Weekday,Metro,6238,Werribee,Northern & Cross-City,U,Laverton,Flinders Street,Footscray,-37.80108298,144.9031992,5623,9,12:20:40,12:21:00,10,10,30,40
2023-07-10,Monday,Normal Weekday,Metro,6238,Werribee,Northern & Cross-City,U,Laverton,Flinders Street,South Kensington,-37.79953087,144.925469,3492,10,12:23:40,12:24:00,10,0,40,40
2023-07-10,Monday,Normal Weekday,Metro,6238,Werribee,Northern & Cross-City,U,Laverton,Flinders Street,North Melbourne,-37.80630984,144.9415102,1680,11,12:26:40,12:27:00,0,0,40,40
2023-07-10,Monday,Normal Weekday,Metro,6238,Werribee,Northern & Cross-City,U,Laverton,Flinders Street,Southern Cross,-37.81793643,144.9514112,0,12,12:29:40,12:30:00,40,30,40,50
2023-07-10,Monday,Normal Weekday,Metro,6238,Werribee,Northern & Cross-City,U,Laverton,Flinders Street,Flinders Street,-37.81830513,144.9669643,1232,13,12:34:00,12:34:00,0,50,50,0
2023-07-10,Monday,Normal Weekday,Metro,6239,Werribee,Northern & Cross-City,D,Flinders Street,Laverton,Flinders Street,-37.81830513,144.9669643,1232,1,11:06:00,11:06:00,30,0,0,30
2023-07-10,Monday,Normal Weekday,Metro,6239,Werribee,Northern & Cross-City,D,Flinders Street,Laverton,Southern Cross,-37.81793643,144.9514112,0,2,11:09:40,11:10:00,0,10,30,20
2023-07-10,Monday,Normal Weekday,Metro,6239,Werribee,Northern & Cross-City,D,Flinders Street,Laverton,North Melbourne,-37.80630984,144.9415102,1680,3,11:12:40,11:13:00,10,0,20,30
2023-07-10,Monday,Normal Weekday,Metro,6239,Werribee,Northern & Cross-City,D,Flinders Street,Laverton,South Kensington,-37.79953087,144.925469,3492,4,11:15:40,11:16:00,0,0,30,20
2023-07-10,Monday,Normal Weekday,Metro,6239,Werribee,Northern & Cross-City,D,Flinders Street,Laverton,Footscray,-37.80108298,144.9031992,5623,5,11:18:40,11:19:00,0,10,20,20
2023-07-10,Monday,Normal Weekday,Metro,6239,Werribee,Northern & Cross-City,D,Flinders Street,Laverton,Seddon,-37.80900514,144.8956716,6618,6,11:19:40,11:20:00,0,0,20,20
2023-07-10,Monday,Normal Weekday,Metro,6239,Werribee,Northern & Cross-City,D,Flinders Street,Laverton,Yarraville,-37.81585044,144.8899337,7542,7,11:21:40,11:22:00,0,10,20,10
2023-07-10,Monday,Normal Weekday,Metro,6239,Werribee,Northern & Cross-City,D,Flinders Street,Laverton,Spotswood,-37.83063888,144.8859335,9220,8,11:23:40,11:24:00,0,0,10,10
2023-07-10,Monday,Normal Weekday,Metro,6239,Werribee,Northern & Cross-City,D,Flinders Street,Laverton,Newport,-37.84271757,144.8835999,10555,9,11:26:40,11:27:00,0,0,10,10
2023-07-10,Monday,Normal Weekday,Metro,6239,Werribee,Northern & Cross-City,D,Flinders Street,Laverton,Seaholme,-37.86784231,144.8409577,16127,10,11:33:40,11:34:00,0,0,10,10
2023-07-10,Monday,Normal Weekday,Metro,6239,Werribee,Northern & Cross-City,D,Flinders Street,Laverton,Altona,-37.8671476,144.8296447,17148,11,11:35:40,11:36:00,0,0,10,10
2023-07-10,Monday,Normal Weekday,Metro,6239,Werribee,Northern & Cross-City,D,Flinders Street,Laverton,Westona,-37.86516348,144.8134936,18533,12,11:39:00,11:40:00,0,0,10,10
2023-07-10,Monday,Normal Weekday,Metro,6239,Werribee,Northern & Cross-City,D,Flinders Street,Laverton,Laverton,-37.86369404,144.7726167,21005,13,11:44:00,11:44:00,0,10,10,0
2023-07-10,Monday,Normal Weekday,Metro,6240,Werribee,Northern & Cross-City,U,Laverton,Flinders Street,Laverton,-37.86369404,144.7726167,21005,1,12:16:00,12:16:00,10,0,0,10
2023-07-10,Monday,Normal Weekday,Metro,6240,Werribee,Northern & Cross-City,U,Laverton,Flinders Street,Westona,-37.86516348,144.8134936,18533,2,12:19:40,12:20:00,0,0,10,10
2023-07-10,Monday,Normal Weekday,Metro,6240,Werribee,Northern & Cross-City,U,Laverton,Flinders Street,Altona,-37.8671476,144.8296447,17148,3,12:21:40,12:22:00,10,10,10,10
2023-07-10,Monday,Normal Weekday,Metro,6240,Werribee,Northern & Cross-City,U,Laverton,Flinders Street,Seaholme,-37.86784231,144.8409577,16127,4,12:23:40,12:24:00,0,0,10,10
2023-07-10,Monday,Normal Weekday,Metro,6240,Werribee,Northern & Cross-City,U,Laverton,Flinders Street,Newport,-37.84271757,144.8835999,10555,5,12:32:40,12:33:00,10,0,10,20
2023-07-10,Monday,Normal Weekday,Metro,6240,Werribee,Northern & Cross-City,U,Laverton,Flinders Street,Spotswood,-37.83063888,144.8859335,9220,6,12:34:40,12:35:00,0,0,20,20
2023-07-10,Monday,Normal Weekday,Metro,6240,Werribee,Northern & Cross-City,U,Laverton,Flinders Street,Yarraville,-37.81585044,144.8899337,7542,7,12:36:40,12:37:00,10,0,20,30
2023-07-10,Monday,Normal Weekday,Metro,6240,Werribee,Northern & Cross-City,U,Laverton,Flinders Street,Seddon,-37.80900514,144.8956716,6618,8,12:38:40,12:39:00,0,0,30,30
2023-07-10,Monday,Normal Weekday,Metro,6240,Werribee,Northern & Cross-City,U,Laverton,Flinders Street,Footscray,-37.80108298,144.9031992,5623,9,12:40:40,12:41:00,40,10,30,60
2023-07-10,Monday,Normal Weekday,Metro,6240,Werribee,Northern & Cross-City,U,Laverton,Flinders Street,South Kensington,-37.79953087,144.925469,3492,10,12:43:40,12:44:00,10,0,60,70
2023-07-10,Monday,Normal Weekday,Metro,6240,Werribee,Northern & Cross-City,U,Laverton,Flinders Street,North Melbourne,-37.80630984,144.9415102,1680,11,12:46:40,12:47:00,10,0,70,80
2023-07-10,Monday,Normal Weekday,Metro,6240,Werribee,Northern & Cross-City,U,Laverton,Flinders Street,Southern Cross,-37.81793643,144.9514112,0,12,12:49:40,12:50:00,10,40,80,40
2023-07-10,Monday,Normal Weekday,Metro,6240,Werribee,Northern & Cross-City,U,Laverton,Flinders Street,Flinders Street,-37.81830513,144.9669643,1232,13,12:54:00,12:54:00,0,40,40,0
2023-07-10,Monday,Normal Weekday,Metro,6241,Werribee,Northern & Cross-City,D,Flinders Street,Laverton,Flinders Street,-37.81830513,144.9669643,1232,1,11:26:00,11:26:00,20,0,0,20
2023-07-10,Monday,Normal Weekday,Metro,6241,Werribee,Northern & Cross-City,D,Flinders Street,Laverton,Southern Cross,-37.81793643,144.9514112,0,2,11:29:40,11:30:00,10,0,20,30
2023-07-10,Monday,Normal Weekday,Metro,6241,Werribee,Northern & Cross-City,D,Flinders Street,Laverton,North Melbourne,-37.80630984,144.9415102,1680,3,11:32:40,11:33:00,10,0,30,40
2023-07-10,Monday,Normal Weekday,Metro,6241,Werribee,Northern & Cross-City,D,Flinders Street,Laverton,South Kensington,-37.79953087,144.925469,3492,4,11:35:40,11:36:00,0,10,40,30
2023-07-10,Monday,Normal Weekday,Metro,6241,Werribee,Northern & Cross-City,D,Flinders Street,Laverton,Footscray,-37.80108298,144.9031992,5623,5,11:38:40,11:39:00,0,10,30,30
2023-07-10,Monday,Normal Weekday,Metro,6241,Werribee,Northern & Cross-City,D,Flinders Street,Laverton,Seddon,-37.80900514,144.8956716,6618,6,11:39:40,11:40:00,0,0,30,30
2023-07-10,Monday,Normal Weekday,Metro,6241,Werribee,Northern & Cross-City,D,Flinders Street,Laverton,Yarraville,-37.81585044,144.8899337,7542,7,11:41:40,11:42:00,0,10,30,20
2023-07-10,Monday,Normal Weekday,Metro,6241,Werribee,Northern & Cross-City,D,Flinders Street,Laverton,Spotswood,-37.83063888,144.8859335,9220,8,11:43:40,11:44:00,0,10,20,10
2023-07-10,Monday,Normal Weekday,Metro,6241,Werribee,Northern & Cross-City,D,Flinders Street,Laverton,Newport,-37.84271757,144.8835999,10555,9,11:46:40,11:47:00,0,0,10,10
2023-07-10,Monday,Normal Weekday,Metro,6241,Werribee,Northern & Cross-City,D,Flinders Street,Laverton,Seaholme,-37.86784231,144.8409577,16127,10,11:53:40,11:54:00,0,0,10,10
2023-07-10,Monday,Normal Weekday,Metro,6241,Werribee,Northern & Cross-City,D,Flinders Street,Laverton,Altona,-37.8671476,144.8296447,17148,11,11:55:40,11:56:00,0,0,10,10
2023-07-10,Monday,Normal Weekday,Metro,6241,Werribee,Northern & Cross-City,D,Flinders Street,Laverton,Westona,-37.86516348,144.8134936,18533,12,11:59:00,12:00:00,0,0,10,10
2023-07-10,Monday,Normal Weekday,Metro,6241,Werribee,Northern & Cross-City,D,Flinders Street,Laverton,Laverton,-37.86369404,144.7726167,21005,13,12:04:00,12:04:00,0,10,10,0
2023-07-10,Monday,Normal Weekday,Metro,6242,Werribee,Northern & Cross-City,U,Laverton,Flinders Street,Laverton,-37.86369404,144.7726167,21005,1,12:36:00,12:36:00,10,0,0,10
2023-07-10,Monday,Normal Weekday,Metro,6242,Werribee,Northern & Cross-City,U,Laverton,Flinders Street,Westona,-37.86516348,144.8134936,18533,2,12:39:40,12:40:00,0,0,10,10
2023-07-10,Monday,Normal Weekday,Metro,6242,Werribee,Northern & Cross-City,U,Laverton,Flinders Street,Altona,-37.8671476,144.8296447,17148,3,12:41:40,12:42:00,0,0,10,10
2023-07-10,Monday,Normal Weekday,Metro,6242,Werribee,Northern & Cross-City,U,Laverton,Flinders Street,Seaholme,-37.86784231,144.8409577,16127,4,12:43:40,12:44:00,0,0,10,10
2023-07-10,Monday,Normal Weekday,Metro,6242,Werribee,Northern & Cross-City,U,Laverton,Flinders Street,Newport,-37.84271757,144.8835999,10555,5,12:52:40,12:53:00,10,0,10,20
2023-07-10,Monday,Normal Weekday,Metro,6242,Werribee,Northern & Cross-City,U,Laverton,Flinders Street,Spotswood,-37.83063888,144.8859335,9220,6,12:54:40,12:55:00,10,0,20,30
2023-07-10,Monday,Normal Weekday,Metro,6242,Werribee,Northern & Cross-City,U,Laverton,Flinders Street,Yarraville,-37.81585044,144.8899337,7542,7,12:56:40,12:57:00,10,0,30,40
2023-07-10,Monday,Normal Weekday,Metro,6242,Werribee,Northern & Cross-City,U,Laverton,Flinders Street,Seddon,-37.80900514,144.8956716,6618,8,12:58:40,12:59:00,0,0,40,40
2023-07-10,Monday,Normal Weekday,Metro,6242,Werribee,Northern & Cross-City,U,Laverton,Flinders Street,Footscray,-37.80108298,144.9031992,5623,9,13:00:40,13:01:00,30,0,40,70
2023-07-10,Monday,Normal Weekday,Metro,6242,Werribee,Northern & Cross-City,U,Laverton,Flinders Street,South Kensington,-37.79953087,144.925469,3492,10,13:03:40,13:04:00,0,0,70,60
2023-07-10,Monday,Normal Weekday,Metro,6242,Werribee,Northern & Cross-City,U,Laverton,Flinders Street,North Melbourne,-37.80630984,144.9415102,1680,11,13:06:40,13:07:00,0,10,60,60
2023-07-10,Monday,Normal Weekday,Metro,6242,Werribee,Northern & Cross-City,U,Laverton,Flinders Street,Southern Cross,-37.81793643,144.9514112,0,12,13:09:40,13:10:00,30,30,60,60
2023-07-10,Monday,Normal Weekday,Metro,6242,Werribee,Northern & Cross-City,U,Laverton,Flinders Street,Flinders Street,-37.81830513,144.9669643,1232,13,13:14:00,13:14:00,0,60,60,0
2023-07-10,Monday,Normal Weekday,Metro,6243,Werribee,Northern & Cross-City,D,Flinders Street,Laverton,Flinders Street,-37.81830513,144.9669643,1232,1,11:46:00,11:46:00,30,0,0,30
2023-07-10,Monday,Normal Weekday,Metro,6243,Werribee,Northern & Cross-City,D,Flinders Street,Laverton,Southern Cross,-37.81793643,144.9514112,0,2,11:49:40,11:50:00,10,20,30,30
2023-07-10,Monday,Normal Weekday,Metro,6243,Werribee,Northern & Cross-City,D,Flinders Street,Laverton,North Melbourne,-37.80630984,144.9415102,1680,3,11:52:40,11:53:00,0,0,30,30
2023-07-10,Monday,Normal Weekday,Metro,6243,Werribee,Northern & Cross-City,D,Flinders Street,Laverton,South Kensington,-37.79953087,144.925469,3492,4,11:55:40,11:56:00,0,0,30,30
2023-07-10,Monday,Normal Weekday,Metro,6243,Werribee,Northern & Cross-City,D,Flinders Street,Laverton,Footscray,-37.80108298,144.9031992,5623,5,11:58:40,11:59:00,10,0,30,30
2023-07-10,Monday,Normal Weekday,Metro,6243,Werribee,Northern & Cross-City,D,Flinders Street,Laverton,Seddon,-37.80900514,144.8956716,6618,6,11:59:40,12:00:00,0,0,30,30
2023-07-10,Monday,Normal Weekday,Metro,6243,Werribee,Northern & Cross-City,D,Flinders Street,Laverton,Yarraville,-37.81585044,144.8899337,7542,7,12:01:40,12:02:00,0,10,30,20
2023-07-10,Monday,Normal Weekday,Metro,6243,Werribee,Northern & Cross-City,D,Flinders Street,Laverton,Spotswood,-37.83063888,144.8859335,9220,8,12:03:40,12:04:00,0,0,20,10
2023-07-10,Monday,Normal Weekday,Metro,6243,Werribee,Northern & Cross-City,D,Flinders Street,Laverton,Newport,-37.84271757,144.8835999,10555,9,12:06:40,12:07:00,0,0,10,20
2023-07-10,Monday,Normal Weekday,Metro,6243,Werribee,Northern & Cross-City,D,Flinders Street,Laverton,Seaholme,-37.86784231,144.8409577,16127,10,12:13:40,12:14:00,0,0,20,10
2023-07-10,Monday,Normal Weekday,Metro,6243,Werribee,Northern & Cross-City,D,Flinders Street,Laverton,Altona,-37.8671476,144.8296447,17148,11,12:15:40,12:16:00,0,10,10,10
2023-07-10,Monday,Normal Weekday,Metro,6243,Werribee,Northern & Cross-City,D,Flinders Street,Laverton,Westona,-37.86516348,144.8134936,18533,12,12:19:00,12:20:00,0,0,10,10
2023-07-10,Monday,Normal Weekday,Metro,6243,Werribee,Northern & Cross-City,D,Flinders Street,Laverton,Laverton,-37.86369404,144.7726167,21005,13,12:24:00,12:24:00,0,10,10,0
2023-07-10,Monday,Normal Weekday,Metro,6244,Werribee,Northern & Cross-City,U,Laverton,Flinders Street,Laverton,-37.86369404,144.7726167,21005,1,12:56:00,12:56:00,10,0,0,10
2023-07-10,Monday,Normal Weekday,Metro,6244,Werribee,Northern & Cross-City,U,Laverton,Flinders Street,Westona,-37.86516348,144.8134936,18533,2,12:59:40,13:00:00,0,0,10,10
2023-07-10,Monday,Normal Weekday,Metro,6244,Werribee,Northern & Cross-City,U,Laverton,Flinders Street,Altona,-37.8671476,144.8296447,17148,3,13:01:40,13:02:00,0,0,10,10
2023-07-10,Monday,Normal Weekday,Metro,6244,Werribee,Northern & Cross-City,U,Laverton,Flinders Street,Seaholme,-37.86784231,144.8409577,16127,4,13:03:40,13:04:00,0,0,10,10
2023-07-10,Monday,Normal Weekday,Metro,6244,Werribee,Northern & Cross-City,U,Laverton,Flinders Street,Newport,-37.84271757,144.8835999,10555,5,13:12:40,13:13:00,10,0,10,20
2023-07-10,Monday,Normal Weekday,Metro,6244,Werribee,Northern & Cross-City,U,Laverton,Flinders Street,Spotswood,-37.83063888,144.8859335,9220,6,13:14:40,13:15:00,0,0,20,20
2023-07-10,Monday,Normal Weekday,Metro,6244,Werribee,Northern & Cross-City,U,Laverton,Flinders Street,Yarraville,-37.81585044,144.8899337,7542,7,13:16:40,13:17:00,10,0,20,30
2023-07-10,Monday,Normal Weekday,Metro,6244,Werribee,Northern & Cross-City,U,Laverton,Flinders Street,Seddon,-37.80900514,144.8956716,6618,8,13:18:40,13:19:00,0,0,30,30
2023-07-10,Monday,Normal Weekday,Metro,6244,Werribee,Northern & Cross-City,U,Laverton,Flinders Street,Footscray,-37.80108298,144.9031992,5623,9,13:20:40,13:21:00,50,10,30,70
2023-07-10,Monday,Normal Weekday,Metro,6244,Werribee,Northern & Cross-City,U,Laverton,Flinders Street,South Kensington,-37.79953087,144.925469,3492,10,13:23:40,13:24:00,10,0,70,80
2023-07-10,Monday,Normal Weekday,Metro,6244,Werribee,Northern & Cross-City,U,Laverton,Flinders Street,North Melbourne,-37.80630984,144.9415102,1680,11,13:26:40,13:27:00,0,20,80,60
2023-07-10,Monday,Normal Weekday,Metro,6244,Werribee,Northern & Cross-City,U,Laverton,Flinders Street,Southern Cross,-37.81793643,144.9514112,0,12,13:29:40,13:30:00,10,20,60,50
2023-07-10,Monday,Normal Weekday,Metro,6244,Werribee,Northern & Cross-City,U,Laverton,Flinders Street,Flinders Street,-37.81830513,144.9669643,1232,13,13:34:00,13:34:00,0,50,50,0
2023-07-10,Monday,Normal Weekday,Metro,6245,Werribee,Northern & Cross-City,D,Flinders Street,Laverton,Flinders Street,-37.81830513,144.9669643,1232,1,12:06:00,12:06:00,10,0,0,10
2023-07-10,Monday,Normal Weekday,Metro,6245,Werribee,Northern & Cross-City,D,Flinders Street,Laverton,Southern Cross,-37.81793643,144.9514112,0,2,12:09:40,12:10:00,10,10,10,20
2023-07-10,Monday,Normal Weekday,Metro,6245,Werribee,Northern & Cross-City,D,Flinders Street,Laverton,North Melbourne,-37.80630984,144.9415102,1680,3,12:12:40,12:13:00,10,0,20,30
2023-07-10,Monday,Normal Weekday,Metro,6245,Werribee,Northern & Cross-City,D,Flinders Street,Laverton,South Kensington,-37.79953087,144.925469,3492,4,12:15:40,12:16:00,0,0,30,30
2023-07-10,Monday,Normal Weekday,Metro,6245,Werribee,Northern & Cross-City,D,Flinders Street,Laverton,Footscray,-37.80108298,144.9031992,5623,5,12:18:40,12:19:00,0,0,30,20
2023-07-10,Monday,Normal Weekday,Metro,6245,Werribee,Northern & Cross-City,D,Flinders Street,Laverton,Seddon,-37.80900514,144.8956716,6618,6,12:19:40,12:20:00,0,0,20,20
2023-07-10,Monday,Normal Weekday,Metro,6245,Werribee,Northern & Cross-City,D,Flinders Street,Laverton,Yarraville,-37.81585044,144.8899337,7542,7,12:21:40,12:22:00,0,10,20,20
2023-07-10,Monday,Normal Weekday,Metro,6245,Werribee,Northern & Cross-City,D,Flinders Street,Laverton,Spotswood,-37.83063888,144.8859335,9220,8,12:23:40,12:24:00,0,0,20,10
2023-07-10,Monday,Normal Weekday,Metro,6245,Werribee,Northern & Cross-City,D,Flinders Street,Laverton,Newport,-37.84271757,144.8835999,10555,9,12:26:40,12:27:00,0,0,10,10
2023-07-10,Monday,Normal Weekday,Metro,6245,Werribee,Northern & Cross-City,D,Flinders Street,Laverton,Seaholme,-37.86784231,144.8409577,16127,10,12:33:40,12:34:00,0,0,10,10
2023-07-10,Monday,Normal Weekday,Metro,6245,Werribee,Northern & Cross-City,D,Flinders Street,Laverton,Altona,-37.8671476,144.8296447,17148,11,12:35:40,12:36:00,0,10,10,10
2023-07-10,Monday,Normal Weekday,Metro,6245,Werribee,Northern & Cross-City,D,Flinders Street,Laverton,Westona,-37.86516348,144.8134936,18533,12,12:39:00,12:40:00,0,0,10,10
2023-07-10,Monday,Normal Weekday,Metro,6245,Werribee,Northern & Cross-City,D,Flinders Street,Laverton,Laverton,-37.86369404,144.7726167,21005,13,12:44:00,12:44:00,0,10,10,0
2023-07-10,Monday,Normal Weekday,Metro,6246,Werribee,Northern & Cross-City,U,Laverton,Flinders Street,Laverton,-37.86369404,144.7726167,21005,1,13:16:00,13:16:00,10,0,0,10
2023-07-10,Monday,Normal Weekday,Metro,6246,Werribee,Northern & Cross-City,U,Laverton,Flinders Street,Westona,-37.86516348,144.8134936,18533,2,13:19:40,13:20:00,0,0,10,10
2023-07-10,Monday,Normal Weekday,Metro,6246,Werribee,Northern & Cross-City,U,Laverton,Flinders Street,Altona,-37.8671476,144.8296447,17148,3,13:21:40,13:22:00,0,0,10,10
2023-07-10,Monday,Normal Weekday,Metro,6246,Werribee,Northern & Cross-City,U,Laverton,Flinders Street,Seaholme,-37.86784231,144.8409577,16127,4,13:23:40,13:24:00,0,0,10,10
2023-07-10,Monday,Normal Weekday,Metro,6246,Werribee,Northern & Cross-City,U,Laverton,Flinders Street,Newport,-37.84271757,144.8835999,10555,5,13:32:40,13:33:00,10,0,10,20
2023-07-10,Monday,Normal Weekday,Metro,6246,Werribee,Northern & Cross-City,U,Laverton,Flinders Street,Spotswood,-37.83063888,144.8859335,9220,6,13:34:40,13:35:00,10,0,20,30
2023-07-10,Monday,Normal Weekday,Metro,6246,Werribee,Northern & Cross-City,U,Laverton,Flinders Street,Yarraville,-37.81585044,144.8899337,7542,7,13:36:40,13:37:00,10,0,30,40
2023-07-10,Monday,Normal Weekday,Metro,6246,Werribee,Northern & Cross-City,U,Laverton,Flinders Street,Seddon,-37.80900514,144.8956716,6618,8,13:38:40,13:39:00,0,0,40,40
2023-07-10,Monday,Normal Weekday,Metro,6246,Werribee,Northern & Cross-City,U,Laverton,Flinders Street,Footscray,-37.80108298,144.9031992,5623,9,13:40:40,13:41:00,40,10,40,70
2023-07-10,Monday,Normal Weekday,Metro,6246,Werribee,Northern & Cross-City,U,Laverton,Flinders Street,South Kensington,-37.79953087,144.925469,3492,10,13:43:40,13:44:00,0,0,70,70
2023-07-10,Monday,Normal Weekday,Metro,6246,Werribee,Northern & Cross-City,U,Laverton,Flinders Street,North Melbourne,-37.80630984,144.9415102,1680,11,13:46:40,13:47:00,30,10,70,100
2023-07-10,Monday,Normal Weekday,Metro,6246,Werribee,Northern & Cross-City,U,Laverton,Flinders Street,Southern Cross,-37.81793643,144.9514112,0,12,13:49:40,13:50:00,40,50,100,80
2023-07-10,Monday,Normal Weekday,Metro,6246,Werribee,Northern & Cross-City,U,Laverton,Flinders Street,Flinders Street,-37.81830513,144.9669643,1232,13,13:54:00,13:54:00,0,80,80,0
2023-07-10,Monday,Normal Weekday,Metro,6247,Werribee,Northern & Cross-City,D,Flinders Street,Laverton,Flinders Street,-37.81830513,144.9669643,1232,1,12:26:00,12:26:00,20,0,0,20
2023-07-10,Monday,Normal Weekday,Metro,6247,Werribee,Northern & Cross-City,D,Flinders Street,Laverton,Southern Cross,-37.81793643,144.9514112,0,2,12:29:40,12:30:00,10,10,20,30
2023-07-10,Monday,Normal Weekday,Metro,6247,Werribee,Northern & Cross-City,D,Flinders Street,Laverton,North Melbourne,-37.80630984,144.9415102,1680,3,12:32:40,12:33:00,10,0,30,30
2023-07-10,Monday,Normal Weekday,Metro,6247,Werribee,Northern & Cross-City,D,Flinders Street,Laverton,South Kensington,-37.79953087,144.925469,3492,4,12:35:40,12:36:00,0,0,30,30
2023-07-10,Monday,Normal Weekday,Metro,6247,Werribee,Northern & Cross-City,D,Flinders Street,Laverton,Footscray,-37.80108298,144.9031992,5623,5,12:38:40,12:39:00,0,10,30,20
2023-07-10,Monday,Normal Weekday,Metro,6247,Werribee,Northern & Cross-City,D,Flinders Street,Laverton,Seddon,-37.80900514,144.8956716,6618,6,12:39:40,12:40:00,0,0,20,20
2023-07-10,Monday,Normal Weekday,Metro,6247,Werribee,Northern & Cross-City,D,Flinders Street,Laverton,Yarraville,-37.81585044,144.8899337,7542,7,12:41:40,12:42:00,10,10,20,20
2023-07-10,Monday,Normal Weekday,Metro,6247,Werribee,Northern & Cross-City,D,Flinders Street,Laverton,Spotswood,-37.83063888,144.8859335,9220,8,12:43:40,12:44:00,0,0,20,20
2023-07-10,Monday,Normal Weekday,Metro,6247,Werribee,Northern & Cross-City,D,Flinders Street,Laverton,Newport,-37.84271757,144.8835999,10555,9,12:46:40,12:47:00,0,10,20,10
2023-07-10,Monday,Normal Weekday,Metro,6247,Werribee,Northern & Cross-City,D,Flinders Street,Laverton,Seaholme,-37.86784231,144.8409577,16127,10,12:53:40,12:54:00,0,0,10,10
2023-07-10,Monday,Normal Weekday,Metro,6247,Werribee,Northern & Cross-City,D,Flinders Street,Laverton,Altona,-37.8671476,144.8296447,17148,11,12:55:40,12:56:00,0,0,10,10
2023-07-10,Monday,Normal Weekday,Metro,6247,Werribee,Northern & Cross-City,D,Flinders Street,Laverton,Westona,-37.86516348,144.8134936,18533,12,12:59:00,13:00:00,0,10,10,0
2023-07-10,Monday,Normal Weekday,Metro,6247,Werribee,Northern & Cross-City,D,Flinders Street,Laverton,Laverton,-37.86369404,144.7726167,21005,13,13:04:00,13:04:00,0,0,0,0
2023-07-10,Monday,Normal Weekday,Metro,6248,Werribee,Northern & Cross-City,U,Laverton,Flinders Street,Laverton,-37.86369404,144.7726167,21005,1,13:36:00,13:36:00,0,0,0,0
2023-07-10,Monday,Normal Weekday,Metro,6248,Werribee,Northern & Cross-City,U,Laverton,Flinders Street,Westona,-37.86516348,144.8134936,18533,2,13:39:40,13:40:00,10,0,0,10
2023-07-10,Monday,Normal Weekday,Metro,6248,Werribee,Northern & Cross-City,U,Laverton,Flinders Street,Altona,-37.8671476,144.8296447,17148,3,13:41:40,13:42:00,0,0,10,10
2023-07-10,Monday,Normal Weekday,Metro,6248,Werribee,Northern & Cross-City,U,Laverton,Flinders Street,Seaholme,-37.86784231,144.8409577,16127,4,13:43:40,13:44:00,0,0,10,10
2023-07-10,Monday,Normal Weekday,Metro,6248,Werribee,Northern & Cross-City,U,Laverton,Flinders Street,Newport,-37.84271757,144.8835999,10555,5,13:52:40,13:53:00,10,0,10,20
2023-07-10,Monday,Normal Weekday,Metro,6248,Werribee,Northern & Cross-City,U,Laverton,Flinders Street,Spotswood,-37.83063888,144.8859335,9220,6,13:54:40,13:55:00,0,0,20,20
2023-07-10,Monday,Normal Weekday,Metro,6248,Werribee,Northern & Cross-City,U,Laverton,Flinders Street,Yarraville,-37.81585044,144.8899337,7542,7,13:56:40,13:57:00,0,0,20,20
2023-07-10,Monday,Normal Weekday,Metro,6248,Werribee,Northern & Cross-City,U,Laverton,Flinders Street,Seddon,-37.80900514,144.8956716,6618,8,13:58:40,13:59:00,0,0,20,20
2023-07-10,Monday,Normal Weekday,Metro,6248,Werribee,Northern & Cross-City,U,Laverton,Flinders Street,Footscray,-37.80108298,144.9031992,5623,9,14:00:40,14:01:00,20,0,20,40
2023-07-10,Monday,Normal Weekday,Metro,6248,Werribee,Northern & Cross-City,U,Laverton,Flinders Street,South Kensington,-37.79953087,144.925469,3492,10,14:03:40,14:04:00,10,0,40,50
2023-07-10,Monday,Normal Weekday,Metro,6248,Werribee,Northern & Cross-City,U,Laverton,Flinders Street,North Melbourne,-37.80630984,144.9415102,1680,11,14:06:40,14:07:00,0,10,50,40
2023-07-10,Monday,Normal Weekday,Metro,6248,Werribee,Northern & Cross-City,U,Laverton,Flinders Street,Southern Cross,-37.81793643,144.9514112,0,12,14:09:40,14:10:00,10,20,40,30
2023-07-10,Monday,Normal Weekday,Metro,6248,Werribee,Northern & Cross-City,U,Laverton,Flinders Street,Flinders Street,-37.81830513,144.9669643,1232,13,14:14:00,14:14:00,0,30,30,0
2023-07-10,Monday,Normal Weekday,Metro,6249,Werribee,Northern & Cross-City,D,Flinders Street,Laverton,Flinders Street,-37.81830513,144.9669643,1232,1,12:46:00,12:46:00,30,0,0,30
2023-07-10,Monday,Normal Weekday,Metro,6249,Werribee,Northern & Cross-City,D,Flinders Street,Laverton,Southern Cross,-37.81793643,144.9514112,0,2,12:49:40,12:50:00,20,0,30,40
2023-07-10,Monday,Normal Weekday,Metro,6249,Werribee,Northern & Cross-City,D,Flinders Street,Laverton,North Melbourne,-37.80630984,144.9415102,1680,3,12:52:40,12:53:00,0,0,40,40
2023-07-10,Monday,Normal Weekday,Metro,6249,Werribee,Northern & Cross-City,D,Flinders Street,Laverton,South Kensington,-37.79953087,144.925469,3492,4,12:55:40,12:56:00,0,0,40,40
2023-07-10,Monday,Normal Weekday,Metro,6249,Werribee,Northern & Cross-City,D,Flinders Street,Laverton,Footscray,-37.80108298,144.9031992,5623,5,12:58:40,12:59:00,10,10,40,40
2023-07-10,Monday,Normal Weekday,Metro,6249,Werribee,Northern & Cross-City,D,Flinders Street,Laverton,Seddon,-37.80900514,144.8956716,6618,6,12:59:40,13:00:00,0,0,40,40
2023-07-10,Monday,Normal Weekday,Metro,6249,Werribee,Northern & Cross-City,D,Flinders Street,Laverton,Yarraville,-37.81585044,144.8899337,7542,7,13:01:40,13:02:00,0,10,40,30
2023-07-10,Monday,Normal Weekday,Metro,6249,Werribee,Northern & Cross-City,D,Flinders Street,Laverton,Spotswood,-37.83063888,144.8859335,9220,8,13:03:40,13:04:00,0,0,30,20
2023-07-10,Monday,Normal Weekday,Metro,6249,Werribee,Northern & Cross-City,D,Flinders Street,Laverton,Newport,-37.84271757,144.8835999,10555,9,13:06:40,13:07:00,0,0,20,20
2023-07-10,Monday,Normal Weekday,Metro,6249,Werribee,Northern & Cross-City,D,Flinders Street,Laverton,Seaholme,-37.86784231,144.8409577,16127,10,13:13:40,13:14:00,0,0,20,20
2023-07-10,Monday,Normal Weekday,Metro,6249,Werribee,Northern & Cross-City,D,Flinders Street,Laverton,Altona,-37.8671476,144.8296447,17148,11,13:15:40,13:16:00,10,10,20,20
2023-07-10,Monday,Normal Weekday,Metro,6249,Werribee,Northern & Cross-City,D,Flinders Street,Laverton,Westona,-37.86516348,144.8134936,18533,12,13:19:00,13:20:00,0,10,20,10
2023-07-10,Monday,Normal Weekday,Metro,6249,Werribee,Northern & Cross-City,D,Flinders Street,Laverton,Laverton,-37.86369404,144.7726167,21005,13,13:24:00,13:24:00,0,10,10,0
2023-07-10,Monday,Normal Weekday,Metro,6250,Werribee,Northern & Cross-City,U,Laverton,Flinders Street,Laverton,-37.86369404,144.7726167,21005,1,13:56:00,13:56:00,10,0,0,10
2023-07-10,Monday,Normal Weekday,Metro,6250,Werribee,Northern & Cross-City,U,Laverton,Flinders Street,Westona,-37.86516348,144.8134936,18533,2,13:59:40,14:00:00,0,0,10,10
2023-07-10,Monday,Normal Weekday,Metro,6250,Werribee,Northern & Cross-City,U,Laverton,Flinders Street,Altona,-37.8671476,144.8296447,17148,3,14:01:40,14:02:00,0,0,10,10
2023-07-10,Monday,Normal Weekday,Metro,6250,Werribee,Northern & Cross-City,U,Laverton,Flinders Street,Seaholme,-37.86784231,144.8409577,16127,4,14:03:40,14:04:00,10,0,10,20
2023-07-10,Monday,Normal Weekday,Metro,6250,Werribee,Northern & Cross-City,U,Laverton,Flinders Street,Newport,-37.84271757,144.8835999,10555,5,14:12:40,14:13:00,10,0,20,30
2023-07-10,Monday,Normal Weekday,Metro,6250,Werribee,Northern & Cross-City,U,Laverton,Flinders Street,Spotswood,-37.83063888,144.8859335,9220,6,14:14:40,14:15:00,10,0,30,30
2023-07-10,Monday,Normal Weekday,Metro,6250,Werribee,Northern & Cross-City,U,Laverton,Flinders Street,Yarraville,-37.81585044,144.8899337,7542,7,14:16:40,14:17:00,10,0,30,40
2023-07-10,Monday,Normal Weekday,Metro,6250,Werribee,Northern & Cross-City,U,Laverton,Flinders Street,Seddon,-37.80900514,144.8956716,6618,8,14:18:40,14:19:00,0,0,40,50
2023-07-10,Monday,Normal Weekday,Metro,6250,Werribee,Northern & Cross-City,U,Laverton,Flinders Street,Footscray,-37.80108298,144.9031992,5623,9,14:20:40,14:21:00,40,10,50,80
2023-07-10,Monday,Normal Weekday,Metro,6250,Werribee,Northern & Cross-City,U,Laverton,Flinders Street,South Kensington,-37.79953087,144.925469,3492,10,14:23:40,14:24:00,10,0,80,80
2023-07-10,Monday,Normal Weekday,Metro,6250,Werribee,Northern & Cross-City,U,Laverton,Flinders Street,North Melbourne,-37.80630984,144.9415102,1680,11,14:26:40,14:27:00,20,0,80,90
2023-07-10,Monday,Normal Weekday,Metro,6250,Werribee,Northern & Cross-City,U,Laverton,Flinders Street,Southern Cross,-37.81793643,144.9514112,0,12,14:29:40,14:30:00,10,50,90,60
2023-07-10,Monday,Normal Weekday,Metro,6250,Werribee,Northern & Cross-City,U,Laverton,Flinders Street,Flinders Street,-37.81830513,144.9669643,1232,13,14:34:00,14:34:00,0,60,60,0
2023-07-10,Monday,Normal Weekday,Metro,6251,Werribee,Northern & Cross-City,D,Flinders Street,Laverton,Flinders Street,-37.81830513,144.9669643,1232,1,13:06:00,13:06:00,20,0,0,20
2023-07-10,Monday,Normal Weekday,Metro,6251,Werribee,Northern & Cross-City,D,Flinders Street,Laverton,Southern Cross,-37.81793643,144.9514112,0,2,13:09:40,13:10:00,20,0,20,40
2023-07-10,Monday,Normal Weekday,Metro,6251,Werribee,Northern & Cross-City,D,Flinders Street,Laverton,North Melbourne,-37.80630984,144.9415102,1680,3,13:12:40,13:13:00,10,0,40,40
2023-07-10,Monday,Normal Weekday,Metro,6251,Werribee,Northern & Cross-City,D,Flinders Street,Laverton,South Kensington,-37.79953087,144.925469,3492,4,13:15:40,13:16:00,0,0,40,40
2023-07-10,Monday,Normal Weekday,Metro,6251,Werribee,Northern & Cross-City,D,Flinders Street,Laverton,Footscray,-37.80108298,144.9031992,5623,5,13:18:40,13:19:00,0,10,40,30
2023-07-10,Monday,Normal Weekday,Metro,6251,Werribee,Northern & Cross-City,D,Flinders Street,Laverton,Seddon,-37.80900514,144.8956716,6618,6,13:19:40,13:20:00,0,0,30,30
2023-07-10,Monday,Normal Weekday,Metro,6251,Werribee,Northern & Cross-City,D,Flinders Street,Laverton,Yarraville,-37.81585044,144.8899337,7542,7,13:21:40,13:22:00,0,10,30,20
2023-07-10,Monday,Normal Weekday,Metro,6251,Werribee,Northern & Cross-City,D,Flinders Street,Laverton,Spotswood,-37.83063888,144.8859335,9220,8,13:23:40,13:24:00,0,0,20,20
2023-07-10,Monday,Normal Weekday,Metro,6251,Werribee,Northern & Cross-City,D,Flinders Street,Laverton,Newport,-37.84271757,144.8835999,10555,9,13:26:40,13:27:00,0,0,20,20
2023-07-10,Monday,Normal Weekday,Metro,6251,Werribee,Northern & Cross-City,D,Flinders Street,Laverton,Seaholme,-37.86784231,144.8409577,16127,10,13:33:40,13:34:00,0,0,20,20
2023-07-10,Monday,Normal Weekday,Metro,6251,Werribee,Northern & Cross-City,D,Flinders Street,Laverton,Altona,-37.8671476,144.8296447,17148,11,13:35:40,13:36:00,0,10,20,10
2023-07-10,Monday,Normal Weekday,Metro,6251,Werribee,Northern & Cross-City,D,Flinders Street,Laverton,Westona,-37.86516348,144.8134936,18533,12,13:39:00,13:40:00,0,0,10,10
2023-07-10,Monday,Normal Weekday,Metro,6251,Werribee,Northern & Cross-City,D,Flinders Street,Laverton,Laverton,-37.86369404,144.7726167,21005,13,13:44:00,13:44:00,0,10,10,0
2023-07-10,Monday,Normal Weekday,Metro,6252,Werribee,Northern & Cross-City,U,Laverton,Flinders Street,Laverton,-37.86369404,144.7726167,21005,1,14:16:00,14:16:00,0,0,0,0
2023-07-10,Monday,Normal Weekday,Metro,6252,Werribee,Northern & Cross-City,U,Laverton,Flinders Street,Westona,-37.86516348,144.8134936,18533,2,14:19:40,14:20:00,10,0,0,10
2023-07-10,Monday,Normal Weekday,Metro,6252,Werribee,Northern & Cross-City,U,Laverton,Flinders Street,Altona,-37.8671476,144.8296447,17148,3,14:21:40,14:22:00,0,0,10,10
2023-07-10,Monday,Normal Weekday,Metro,6252,Werribee,Northern & Cross-City,U,Laverton,Flinders Street,Seaholme,-37.86784231,144.8409577,16127,4,14:23:40,14:24:00,0,0,10,10
2023-07-10,Monday,Normal Weekday,Metro,6252,Werribee,Northern & Cross-City,U,Laverton,Flinders Street,Newport,-37.84271757,144.8835999,10555,5,14:32:40,14:33:00,10,0,10,10
2023-07-10,Monday,Normal Weekday,Metro,6252,Werribee,Northern & Cross-City,U,Laverton,Flinders Street,Spotswood,-37.83063888,144.8859335,9220,6,14:34:40,14:35:00,0,0,10,20
2023-07-10,Monday,Normal Weekday,Metro,6252,Werribee,Northern & Cross-City,U,Laverton,Flinders Street,Yarraville,-37.81585044,144.8899337,7542,7,14:36:40,14:37:00,10,0,20,20
2023-07-10,Monday,Normal Weekday,Metro,6252,Werribee,Northern & Cross-City,U,Laverton,Flinders Street,Seddon,-37.80900514,144.8956716,6618,8,14:38:40,14:39:00,0,0,20,30
2023-07-10,Monday,Normal Weekday,Metro,6252,Werribee,Northern & Cross-City,U,Laverton,Flinders Street,Footscray,-37.80108298,144.9031992,5623,9,14:40:40,14:41:00,40,0,30,60
2023-07-10,Monday,Normal Weekday,Metro,6252,Werribee,Northern & Cross-City,U,Laverton,Flinders Street,South Kensington,-37.79953087,144.925469,3492,10,14:43:40,14:44:00,0,0,60,60
2023-07-10,Monday,Normal Weekday,Metro,6252,Werribee,Northern & Cross-City,U,Laverton,Flinders Street,North Melbourne,-37.80630984,144.9415102,1680,11,14:46:40,14:47:00,0,10,60,60
2023-07-10,Monday,Normal Weekday,Metro,6252,Werribee,Northern & Cross-City,U,Laverton,Flinders Street,Southern Cross,-37.81793643,144.9514112,0,12,14:49:40,14:50:00,20,40,60,40
2023-07-10,Monday,Normal Weekday,Metro,6252,Werribee,Northern & Cross-City,U,Laverton,Flinders Street,Flinders Street,-37.81830513,144.9669643,1232,13,14:54:00,14:54:00,0,40,40,0
2023-07-10,Monday,Normal Weekday,Metro,6253,Werribee,Northern & Cross-City,D,Flinders Street,Laverton,Flinders Street,-37.81830513,144.9669643,1232,1,13:26:00,13:26:00,40,0,0,40
2023-07-10,Monday,Normal Weekday,Metro,6253,Werribee,Northern & Cross-City,D,Flinders Street,Laverton,Southern Cross,-37.81793643,144.9514112,0,2,13:29:40,13:30:00,10,10,40,40
2023-07-10,Monday,Normal Weekday,Metro,6253,Werribee,Northern & Cross-City,D,Flinders Street,Laverton,North Melbourne,-37.80630984,144.9415102,1680,3,13:32:40,13:33:00,10,0,40,50
2023-07-10,Monday,Normal Weekday,Metro,6253,Werribee,Northern & Cross-City,D,Flinders Street,Laverton,South Kensington,-37.79953087,144.925469,3492,4,13:35:40,13:36:00,0,0,50,50
2023-07-10,Monday,Normal Weekday,Metro,6253,Werribee,Northern & Cross-City,D,Flinders Street,Laverton,Footscray,-37.80108298,144.9031992,5623,5,13:38:40,13:39:00,10,10,50,40
2023-07-10,Monday,Normal Weekday,Metro,6253,Werribee,Northern & Cross-City,D,Flinders Street,Laverton,Seddon,-37.80900514,144.8956716,6618,6,13:39:40,13:40:00,0,10,40,40
2023-07-10,Monday,Normal Weekday,Metro,6253,Werribee,Northern & Cross-City,D,Flinders Street,Laverton,Yarraville,-37.81585044,144.8899337,7542,7,13:41:40,13:42:00,0,10,40,30
2023-07-10,Monday,Normal Weekday,Metro,6253,Werribee,Northern & Cross-City,D,Flinders Street,Laverton,Spotswood,-37.83063888,144.8859335,9220,8,13:43:40,13:44:00,0,0,30,30
2023-07-10,Monday,Normal Weekday,Metro,6253,Werribee,Northern & Cross-City,D,Flinders Street,Laverton,Newport,-37.84271757,144.8835999,10555,9,13:46:40,13:47:00,0,10,30,20
2023-07-10,Monday,Normal Weekday,Metro,6253,Werribee,Northern & Cross-City,D,Flinders Street,Laverton,Seaholme,-37.86784231,144.8409577,16127,10,13:53:40,13:54:00,0,0,20,20
2023-07-10,Monday,Normal Weekday,Metro,6253,Werribee,Northern & Cross-City,D,Flinders Street,Laverton,Altona,-37.8671476,144.8296447,17148,11,13:55:40,13:56:00,0,0,20,20
2023-07-10,Monday,Normal Weekday,Metro,6253,Werribee,Northern & Cross-City,D,Flinders Street,Laverton,Westona,-37.86516348,144.8134936,18533,12,13:59:00,14:00:00,0,10,20,10
2023-07-10,Monday,Normal Weekday,Metro,6253,Werribee,Northern & Cross-City,D,Flinders Street,Laverton,Laverton,-37.86369404,144.7726167,21005,13,14:04:00,14:04:00,0,10,10,0
2023-07-10,Monday,Normal Weekday,Metro,6254,Werribee,Northern & Cross-City,U,Laverton,Flinders Street,Laverton,-37.86369404,144.7726167,21005,1,14:36:00,14:36:00,10,0,0,10
2023-07-10,Monday,Normal Weekday,Metro,6254,Werribee,Northern & Cross-City,U,Laverton,Flinders Street,Westona,-37.86516348,144.8134936,18533,2,14:39:40,14:40:00,10,0,10,20
2023-07-10,Monday,Normal Weekday,Metro,6254,Werribee,Northern & Cross-City,U,Laverton,Flinders Street,Altona,-37.8671476,144.8296447,17148,3,14:41:40,14:42:00,0,10,20,20
2023-07-10,Monday,Normal Weekday,Metro,6254,Werribee,Northern & Cross-City,U,Laverton,Flinders Street,Seaholme,-37.86784231,144.8409577,16127,4,14:43:40,14:44:00,0,0,20,20
2023-07-10,Monday,Normal Weekday,Metro,6254,Werribee,Northern & Cross-City,U,Laverton,Flinders Street,Newport,-37.84271757,144.8835999,10555,5,14:52:40,14:53:00,10,0,20,30
2023-07-10,Monday,Normal Weekday,Metro,6254,Werribee,Northern & Cross-City,U,Laverton,Flinders Street,Spotswood,-37.83063888,144.8859335,9220,6,14:54:40,14:55:00,0,0,30,30
2023-07-10,Monday,Normal Weekday,Metro,6254,Werribee,Northern & Cross-City,U,Laverton,Flinders Street,Yarraville,-37.81585044,144.8899337,7542,7,14:56:40,14:57:00,10,0,30,30
2023-07-10,Monday,Normal Weekday,Metro,6254,Werribee,Northern & Cross-City,U,Laverton,Flinders Street,Seddon,-37.80900514,144.8956716,6618,8,14:58:40,14:59:00,0,0,30,40
2023-07-10,Monday,Normal Weekday,Metro,6254,Werribee,Northern & Cross-City,U,Laverton,Flinders Street,Footscray,-37.80108298,144.9031992,5623,9,15:00:40,15:01:00,30,10,40,60
2023-07-10,Monday,Normal Weekday,Metro,6254,Werribee,Northern & Cross-City,U,Laverton,Flinders Street,South Kensington,-37.79953087,144.925469,3492,10,15:03:40,15:04:00,0,0,60,60
2023-07-10,Monday,Normal Weekday,Metro,6254,Werribee,Northern & Cross-City,U,Laverton,Flinders Street,North Melbourne,-37.80630984,144.9415102,1680,11,15:06:40,15:07:00,0,10,60,50
2023-07-10,Monday,Normal Weekday,Metro,6254,Werribee,Northern & Cross-City,U,Laverton,Flinders Street,Southern Cross,-37.81793643,144.9514112,0,12,15:09:40,15:10:00,20,30,50,40
2023-07-10,Monday,Normal Weekday,Metro,6254,Werribee,Northern & Cross-City,U,Laverton,Flinders Street,Flinders Street,-37.81830513,144.9669643,1232,13,15:14:00,15:14:00,0,40,40,0
2023-07-10,Monday,Normal Weekday,Metro,6255,Werribee,Northern & Cross-City,D,Flinders Street,Laverton,Flinders Street,-37.81830513,144.9669643,1232,1,13:46:00,13:46:00,30,0,0,30
2023-07-10,Monday,Normal Weekday,Metro,6255,Werribee,Northern & Cross-City,D,Flinders Street,Laverton,Southern Cross,-37.81793643,144.9514112,0,2,13:49:40,13:50:00,10,10,30,40
2023-07-10,Monday,Normal Weekday,Metro,6255,Werribee,Northern & Cross-City,D,Flinders Street,Laverton,North Melbourne,-37.80630984,144.9415102,1680,3,13:52:40,13:53:00,10,0,40,50
2023-07-10,Monday,Normal Weekday,Metro,6255,Werribee,Northern & Cross-City,D,Flinders Street,Laverton,South Kensington,-37.79953087,144.925469,3492,4,13:55:40,13:56:00,0,0,50,50
2023-07-10,Monday,Normal Weekday,Metro,6255,Werribee,Northern & Cross-City,D,Flinders Street,Laverton,Footscray,-37.80108298,144.9031992,5623,5,13:58:40,13:59:00,10,10,50,40
2023-07-10,Monday,Normal Weekday,Metro,6255,Werribee,Northern & Cross-City,D,Flinders Street,Laverton,Seddon,-37.80900514,144.8956716,6618,6,13:59:40,14:00:00,0,0,40,40
2023-07-10,Monday,Normal Weekday,Metro,6255,Werribee,Northern & Cross-City,D,Flinders Street,Laverton,Yarraville,-37.81585044,144.8899337,7542,7,14:01:40,14:02:00,0,10,40,30
2023-07-10,Monday,Normal Weekday,Metro,6255,Werribee,Northern & Cross-City,D,Flinders Street,Laverton,Spotswood,-37.83063888,144.8859335,9220,8,14:03:40,14:04:00,0,10,30,20
2023-07-10,Monday,Normal Weekday,Metro,6255,Werribee,Northern & Cross-City,D,Flinders Street,Laverton,Newport,-37.84271757,144.8835999,10555,9,14:06:40,14:07:00,0,0,20,20
2023-07-10,Monday,Normal Weekday,Metro,6255,Werribee,Northern & Cross-City,D,Flinders Street,Laverton,Seaholme,-37.86784231,144.8409577,16127,10,14:13:40,14:14:00,0,0,20,20
2023-07-10,Monday,Normal Weekday,Metro,6255,Werribee,Northern & Cross-City,D,Flinders Street,Laverton,Altona,-37.8671476,144.8296447,17148,11,14:15:40,14:16:00,10,10,20,10
2023-07-10,Monday,Normal Weekday,Metro,6255,Werribee,Northern & Cross-City,D,Flinders Street,Laverton,Westona,-37.86516348,144.8134936,18533,12,14:19:00,14:20:00,0,0,10,10
2023-07-10,Monday,Normal Weekday,Metro,6255,Werribee,Northern & Cross-City,D,Flinders Street,Laverton,Laverton,-37.86369404,144.7726167,21005,13,14:24:00,14:24:00,0,10,10,0
2023-07-10,Monday,Normal Weekday,Metro,6256,Werribee,Northern & Cross-City,U,Laverton,Flinders Street,Laverton,-37.86369404,144.7726167,21005,1,14:56:00,14:56:00,10,0,0,10
2023-07-10,Monday,Normal Weekday,Metro,6256,Werribee,Northern & Cross-City,U,Laverton,Flinders Street,Westona,-37.86516348,144.8134936,18533,2,14:59:40,15:00:00,0,0,10,10
2023-07-10,Monday,Normal Weekday,Metro,6256,Werribee,Northern & Cross-City,U,Laverton,Flinders Street,Altona,-37.8671476,144.8296447,17148,3,15:01:40,15:02:00,0,10,10,10
2023-07-10,Monday,Normal Weekday,Metro,6256,Werribee,Northern & Cross-City,U,Laverton,Flinders Street,Seaholme,-37.86784231,144.8409577,16127,4,15:03:40,15:04:00,0,0,10,10
2023-07-10,Monday,Normal Weekday,Metro,6256,Werribee,Northern & Cross-City,U,Laverton,Flinders Street,Newport,-37.84271757,144.8835999,10555,5,15:12:40,15:13:00,10,0,10,20
2023-07-10,Monday,Normal Weekday,Metro,6256,Werribee,Northern & Cross-City,U,Laverton,Flinders Street,Spotswood,-37.83063888,144.8859335,9220,6,15:14:40,15:15:00,10,0,20,30
2023-07-10,Monday,Normal Weekday,Metro,6256,Werribee,Northern & Cross-City,U,Laverton,Flinders Street,Yarraville,-37.81585044,144.8899337,7542,7,15:16:40,15:17:00,10,0,30,40
2023-07-10,Monday,Normal Weekday,Metro,6256,Werribee,Northern & Cross-City,U,Laverton,Flinders Street,Seddon,-37.80900514,144.8956716,6618,8,15:18:40,15:19:00,10,0,40,40
2023-07-10,Monday,Normal Weekday,Metro,6256,Werribee,Northern & Cross-City,U,Laverton,Flinders Street,Footscray,-37.80108298,144.9031992,5623,9,15:20:40,15:21:00,40,0,40,70
2023-07-10,Monday,Normal Weekday,Metro,6256,Werribee,Northern & Cross-City,U,Laverton,Flinders Street,South Kensington,-37.79953087,144.925469,3492,10,15:23:40,15:24:00,0,0,70,80
2023-07-10,Monday,Normal Weekday,Metro,6256,Werribee,Northern & Cross-City,U,Laverton,Flinders Street,North Melbourne,-37.80630984,144.9415102,1680,11,15:26:40,15:27:00,0,10,80,70
2023-07-10,Monday,Normal Weekday,Metro,6256,Werribee,Northern & Cross-City,U,Laverton,Flinders Street,Southern Cross,-37.81793643,144.9514112,0,12,15:29:40,15:30:00,20,30,70,60
2023-07-10,Monday,Normal Weekday,Metro,6256,Werribee,Northern & Cross-City,U,Laverton,Flinders Street,Flinders Street,-37.81830513,144.9669643,1232,13,15:34:00,15:34:00,0,60,60,0
2023-07-10,Monday,Normal Weekday,Metro,6257,Werribee,Northern & Cross-City,D,Flinders Street,Laverton,Flinders Street,-37.81830513,144.9669643,1232,1,14:06:00,14:06:00,40,0,0,40
2023-07-10,Monday,Normal Weekday,Metro,6257,Werribee,Northern & Cross-City,D,Flinders Street,Laverton,Southern Cross,-37.81793643,144.9514112,0,2,14:09:40,14:10:00,10,10,40,50
2023-07-10,Monday,Normal Weekday,Metro,6257,Werribee,Northern & Cross-City,D,Flinders Street,Laverton,North Melbourne,-37.80630984,144.9415102,1680,3,14:12:40,14:13:00,10,0,50,60
2023-07-10,Monday,Normal Weekday,Metro,6257,Werribee,Northern & Cross-City,D,Flinders Street,Laverton,South Kensington,-37.79953087,144.925469,3492,4,14:15:40,14:16:00,0,0,60,50
2023-07-10,Monday,Normal Weekday,Metro,6257,Werribee,Northern & Cross-City,D,Flinders Street,Laverton,Footscray,-37.80108298,144.9031992,5623,5,14:18:40,14:19:00,10,10,50,60
2023-07-10,Monday,Normal Weekday,Metro,6257,Werribee,Northern & Cross-City,D,Flinders Street,Laverton,Seddon,-37.80900514,144.8956716,6618,6,14:19:40,14:20:00,0,0,60,60
2023-07-10,Monday,Normal Weekday,Metro,6257,Werribee,Northern & Cross-City,D,Flinders Street,Laverton,Yarraville,-37.81585044,144.8899337,7542,7,14:21:40,14:22:00,0,10,60,50
2023-07-10,Monday,Normal Weekday,Metro,6257,Werribee,Northern & Cross-City,D,Flinders Street,Laverton,Spotswood,-37.83063888,144.8859335,9220,8,14:23:40,14:24:00,0,10,50,40
2023-07-10,Monday,Normal Weekday,Metro,6257,Werribee,Northern & Cross-City,D,Flinders Street,Laverton,Newport,-37.84271757,144.8835999,10555,9,14:26:40,14:27:00,0,10,40,30
2023-07-10,Monday,Normal Weekday,Metro,6257,Werribee,Northern & Cross-City,D,Flinders Street,Laverton,Seaholme,-37.86784231,144.8409577,16127,10,14:33:40,14:34:00,0,0,30,20
2023-07-10,Monday,Normal Weekday,Metro,6257,Werribee,Northern & Cross-City,D,Flinders Street,Laverton,Altona,-37.8671476,144.8296447,17148,11,14:35:40,14:36:00,0,10,20,20
2023-07-10,Monday,Normal Weekday,Metro,6257,Werribee,Northern & Cross-City,D,Flinders Street,Laverton,Westona,-37.86516348,144.8134936,18533,12,14:39:00,14:40:00,0,10,20,10
2023-07-10,Monday,Normal Weekday,Metro,6257,Werribee,Northern & Cross-City,D,Flinders Street,Laverton,Laverton,-37.86369404,144.7726167,21005,13,14:44:00,14:44:00,0,10,10,0
2023-07-10,Monday,Normal Weekday,Metro,6260,Werribee,Northern & Cross-City,U,Laverton,Flinders Street,Laverton,-37.86369404,144.7726167,21005,1,15:35:00,15:35:00,10,0,0,10
2023-07-10,Monday,Normal Weekday,Metro,6260,Werribee,Northern & Cross-City,U,Laverton,Flinders Street,Westona,-37.86516348,144.8134936,18533,2,15:38:40,15:39:00,100,0,10,110
2023-07-10,Monday,Normal Weekday,Metro,6260,Werribee,Northern & Cross-City,U,Laverton,Flinders Street,Altona,-37.8671476,144.8296447,17148,3,15:40:40,15:41:00,10,10,110,100
2023-07-10,Monday,Normal Weekday,Metro,6260,Werribee,Northern & Cross-City,U,Laverton,Flinders Street,Seaholme,-37.86784231,144.8409577,16127,4,15:42:40,15:43:00,0,0,100,100
2023-07-10,Monday,Normal Weekday,Metro,6260,Werribee,Northern & Cross-City,U,Laverton,Flinders Street,Newport,-37.84271757,144.8835999,10555,5,15:51:40,15:52:00,10,40,100,80
2023-07-10,Monday,Normal Weekday,Metro,6260,Werribee,Northern & Cross-City,U,Laverton,Flinders Street,Spotswood,-37.83063888,144.8859335,9220,6,15:53:40,15:54:00,0,20,80,60
2023-07-10,Monday,Normal Weekday,Metro,6260,Werribee,Northern & Cross-City,U,Laverton,Flinders Street,Yarraville,-37.81585044,144.8899337,7542,7,15:55:40,15:56:00,10,10,60,60
2023-07-10,Monday,Normal Weekday,Metro,6260,Werribee,Northern & Cross-City,U,Laverton,Flinders Street,Seddon,-37.80900514,144.8956716,6618,8,15:57:40,15:58:00,0,0,60,60
2023-07-10,Monday,Normal Weekday,Metro,6260,Werribee,Northern & Cross-City,U,Laverton,Flinders Street,Footscray,-37.80108298,144.9031992,5623,9,15:59:40,16:00:00,50,20,60,90
2023-07-10,Monday,Normal Weekday,Metro,6260,Werribee,Northern & Cross-City,U,Laverton,Flinders Street,South Kensington,-37.79953087,144.925469,3492,10,16:02:40,16:03:00,10,0,90,100
2023-07-10,Monday,Normal Weekday,Metro,6260,Werribee,Northern & Cross-City,U,Laverton,Flinders Street,North Melbourne,-37.80630984,144.9415102,1680,11,16:05:40,16:06:00,0,20,100,80
2023-07-10,Monday,Normal Weekday,Metro,6260,Werribee,Northern & Cross-City,U,Laverton,Flinders Street,Southern Cross,-37.81793643,144.9514112,0,12,16:08:40,16:09:00,30,50,80,60
2023-07-10,Monday,Normal Weekday,Metro,6260,Werribee,Northern & Cross-City,U,Laverton,Flinders Street,Flinders Street,-37.81830513,144.9669643,1232,13,16:13:00,16:13:00,0,60,60,0
2023-07-10,Monday,Normal Weekday,Metro,6261,Werribee,Northern & Cross-City,D,Flinders Street,Laverton,Flinders Street,-37.81830513,144.9669643,1232,1,14:46:00,14:46:00,50,0,0,50
2023-07-10,Monday,Normal Weekday,Metro,6261,Werribee,Northern & Cross-City,D,Flinders Street,Laverton,Southern Cross,-37.81793643,144.9514112,0,2,14:49:40,14:50:00,30,10,50,70
2023-07-10,Monday,Normal Weekday,Metro,6261,Werribee,Northern & Cross-City,D,Flinders Street,Laverton,North Melbourne,-37.80630984,144.9415102,1680,3,14:52:40,14:53:00,10,0,70,80
2023-07-10,Monday,Normal Weekday,Metro,6261,Werribee,Northern & Cross-City,D,Flinders Street,Laverton,South Kensington,-37.79953087,144.925469,3492,4,14:55:40,14:56:00,0,10,80,70
2023-07-10,Monday,Normal Weekday,Metro,6261,Werribee,Northern & Cross-City,D,Flinders Street,Laverton,Footscray,-37.80108298,144.9031992,5623,5,14:58:40,14:59:00,20,20,70,70
2023-07-10,Monday,Normal Weekday,Metro,6261,Werribee,Northern & Cross-City,D,Flinders Street,Laverton,Seddon,-37.80900514,144.8956716,6618,6,14:59:40,15:00:00,0,0,70,70
2023-07-10,Monday,Normal Weekday,Metro,6261,Werribee,Northern & Cross-City,D,Flinders Street,Laverton,Yarraville,-37.81585044,144.8899337,7542,7,15:01:40,15:02:00,10,20,70,60
2023-07-10,Monday,Normal Weekday,Metro,6261,Werribee,Northern & Cross-City,D,Flinders Street,Laverton,Spotswood,-37.83063888,144.8859335,9220,8,15:03:40,15:04:00,0,10,60,50
2023-07-10,Monday,Normal Weekday,Metro,6261,Werribee,Northern & Cross-City,D,Flinders Street,Laverton,Newport,-37.84271757,144.8835999,10555,9,15:06:40,15:07:00,0,10,50,50
2023-07-10,Monday,Normal Weekday,Metro,6261,Werribee,Northern & Cross-City,D,Flinders Street,Laverton,Seaholme,-37.86784231,144.8409577,16127,10,15:13:40,15:14:00,0,10,50,40
2023-07-10,Monday,Normal Weekday,Metro,6261,Werribee,Northern & Cross-City,D,Flinders Street,Laverton,Altona,-37.8671476,144.8296447,17148,11,15:15:40,15:16:00,10,20,40,30
2023-07-10,Monday,Normal Weekday,Metro,6261,Werribee,Northern & Cross-City,D,Flinders Street,Laverton,Westona,-37.86516348,144.8134936,18533,12,15:19:00,15:20:00,90,10,30,100
2023-07-10,Monday,Normal Weekday,Metro,6261,Werribee,Northern & Cross-City,D,Flinders Street,Laverton,Laverton,-37.86369404,144.7726167,21005,13,15:24:00,15:24:00,0,100,100,0
2023-07-10,Monday,Normal Weekday,Metro,6262,Werribee,Northern & Cross-City,U,Laverton,Flinders Street,Laverton,-37.86369404,144.7726167,21005,1,15:55:00,15:55:00,10,0,0,10
2023-07-10,Monday,Normal Weekday,Metro,6262,Werribee,Northern & Cross-City,U,Laverton,Flinders Street,Westona,-37.86516348,144.8134936,18533,2,15:58:40,15:59:00,10,0,10,20
2023-07-10,Monday,Normal Weekday,Metro,6262,Werribee,Northern & Cross-City,U,Laverton,Flinders Street,Altona,-37.8671476,144.8296447,17148,3,16:00:40,16:01:00,10,0,20,30
2023-07-10,Monday,Normal Weekday,Metro,6262,Werribee,Northern & Cross-City,U,Laverton,Flinders Street,Seaholme,-37.86784231,144.8409577,16127,4,16:02:40,16:03:00,0,0,30,20
2023-07-10,Monday,Normal Weekday,Metro,6262,Werribee,Northern & Cross-City,U,Laverton,Flinders Street,Newport,-37.84271757,144.8835999,10555,5,16:12:00,16:13:00,10,0,30,30
2023-07-10,Monday,Normal Weekday,Metro,6262,Werribee,Northern & Cross-City,U,Laverton,Flinders Street,Spotswood,-37.83063888,144.8859335,9220,6,16:14:40,16:15:00,0,0,30,30
2023-07-10,Monday,Normal Weekday,Metro,6262,Werribee,Northern & Cross-City,U,Laverton,Flinders Street,Yarraville,-37.81585044,144.8899337,7542,7,16:16:40,16:17:00,10,0,30,40
2023-07-10,Monday,Normal Weekday,Metro,6262,Werribee,Northern & Cross-City,U,Laverton,Flinders Street,Seddon,-37.80900514,144.8956716,6618,8,16:18:40,16:19:00,10,0,40,40
2023-07-10,Monday,Normal Weekday,Metro,6262,Werribee,Northern & Cross-City,U,Laverton,Flinders Street,Footscray,-37.80108298,144.9031992,5623,9,16:20:40,16:21:00,20,10,40,50
2023-07-10,Monday,Normal Weekday,Metro,6262,Werribee,Northern & Cross-City,U,Laverton,Flinders Street,South Kensington,-37.79953087,144.925469,3492,10,16:23:40,16:24:00,0,0,50,50
2023-07-10,Monday,Normal Weekday,Metro,6262,Werribee,Northern & Cross-City,U,Laverton,Flinders Street,North Melbourne,-37.80630984,144.9415102,1680,11,16:26:40,16:27:00,0,0,50,50
2023-07-10,Monday,Normal Weekday,Metro,6262,Werribee,Northern & Cross-City,U,Laverton,Flinders Street,Southern Cross,-37.81793643,144.9514112,0,12,16:29:40,16:30:00,130,30,50,140
2023-07-10,Monday,Normal Weekday,Metro,6262,Werribee,Northern & Cross-City,U,Laverton,Flinders Street,Flinders Street,-37.81830513,144.9669643,1232,13,16:35:00,16:35:00,0,140,140,0
2023-07-10,Monday,Normal Weekday,Metro,6263,Werribee,Northern & Cross-City,D,Flinders Street,Laverton,Flinders Street,-37.81830513,144.9669643,1232,1,15:06:00,15:06:00,40,0,0,40
2023-07-10,Monday,Normal Weekday,Metro,6263,Werribee,Northern & Cross-City,D,Flinders Street,Laverton,Southern Cross,-37.81793643,144.9514112,0,2,15:09:40,15:10:00,50,0,40,80
2023-07-10,Monday,Normal Weekday,Metro,6263,Werribee,Northern & Cross-City,D,Flinders Street,Laverton,North Melbourne,-37.80630984,144.9415102,1680,3,15:12:40,15:13:00,20,0,80,90
2023-07-10,Monday,Normal Weekday,Metro,6263,Werribee,Northern & Cross-City,D,Flinders Street,Laverton,South Kensington,-37.79953087,144.925469,3492,4,15:15:40,15:16:00,0,10,90,80
2023-07-10,Monday,Normal Weekday,Metro,6263,Werribee,Northern & Cross-City,D,Flinders Street,Laverton,Footscray,-37.80108298,144.9031992,5623,5,15:18:40,15:19:00,10,10,80,80
2023-07-10,Monday,Normal Weekday,Metro,6263,Werribee,Northern & Cross-City,D,Flinders Street,Laverton,Seddon,-37.80900514,144.8956716,6618,6,15:19:40,15:20:00,0,10,80,80
2023-07-10,Monday,Normal Weekday,Metro,6263,Werribee,Northern & Cross-City,D,Flinders Street,Laverton,Yarraville,-37.81585044,144.8899337,7542,7,15:21:40,15:22:00,0,20,80,50
2023-07-10,Monday,Normal Weekday,Metro,6263,Werribee,Northern & Cross-City,D,Flinders Street,Laverton,Spotswood,-37.83063888,144.8859335,9220,8,15:23:40,15:24:00,0,0,50,50
2023-07-10,Monday,Normal Weekday,Metro,6263,Werribee,Northern & Cross-City,D,Flinders Street,Laverton,Newport,-37.84271757,144.8835999,10555,9,15:26:40,15:27:00,0,10,50,50
2023-07-10,Monday,Normal Weekday,Metro,6263,Werribee,Northern & Cross-City,D,Flinders Street,Laverton,Seaholme,-37.86784231,144.8409577,16127,10,15:33:40,15:34:00,0,0,50,40
2023-07-10,Monday,Normal Weekday,Metro,6263,Werribee,Northern & Cross-City,D,Flinders Street,Laverton,Altona,-37.8671476,144.8296447,17148,11,15:35:40,15:36:00,0,10,40,30
2023-07-10,Monday,Normal Weekday,Metro,6263,Werribee,Northern & Cross-City,D,Flinders Street,Laverton,Westona,-37.86516348,144.8134936,18533,12,15:38:40,15:39:00,10,20,30,30
2023-07-10,Monday,Normal Weekday,Metro,6263,Werribee,Northern & Cross-City,D,Flinders Street,Laverton,Laverton,-37.86369404,144.7726167,21005,13,15:43:00,15:43:00,0,30,30,0
2023-07-10,Monday,Normal Weekday,Metro,6264,Werribee,Northern & Cross-City,U,Laverton,Flinders Street,Laverton,-37.86369404,144.7726167,21005,1,16:15:00,16:15:00,10,0,0,10
2023-07-10,Monday,Normal Weekday,Metro,6264,Werribee,Northern & Cross-City,U,Laverton,Flinders Street,Westona,-37.86516348,144.8134936,18533,2,16:18:40,16:19:00,10,0,10,10
2023-07-10,Monday,Normal Weekday,Metro,6264,Werribee,Northern & Cross-City,U,Laverton,Flinders Street,Altona,-37.8671476,144.8296447,17148,3,16:20:40,16:21:00,10,0,10,20
2023-07-10,Monday,Normal Weekday,Metro,6264,Werribee,Northern & Cross-City,U,Laverton,Flinders Street,Seaholme,-37.86784231,144.8409577,16127,4,16:22:40,16:23:00,0,0,20,20
2023-07-10,Monday,Normal Weekday,Metro,6264,Werribee,Northern & Cross-City,U,Laverton,Flinders Street,Newport,-37.84271757,144.8835999,10555,5,16:31:40,16:32:00,10,0,20,30
2023-07-10,Monday,Normal Weekday,Metro,6264,Werribee,Northern & Cross-City,U,Laverton,Flinders Street,Spotswood,-37.83063888,144.8859335,9220,6,16:33:40,16:34:00,10,0,30,40
2023-07-10,Monday,Normal Weekday,Metro,6264,Werribee,Northern & Cross-City,U,Laverton,Flinders Street,Yarraville,-37.81585044,144.8899337,7542,7,16:35:40,16:36:00,10,10,40,30
2023-07-10,Monday,Normal Weekday,Metro,6264,Werribee,Northern & Cross-City,U,Laverton,Flinders Street,Seddon,-37.80900514,144.8956716,6618,8,16:37:40,16:38:00,0,0,30,40
2023-07-10,Monday,Normal Weekday,Metro,6264,Werribee,Northern & Cross-City,U,Laverton,Flinders Street,Footscray,-37.80108298,144.9031992,5623,9,16:39:40,16:40:00,30,10,40,50
2023-07-10,Monday,Normal Weekday,Metro,6264,Werribee,Northern & Cross-City,U,Laverton,Flinders Street,South Kensington,-37.79953087,144.925469,3492,10,16:42:40,16:43:00,0,10,50,50
2023-07-10,Monday,Normal Weekday,Metro,6264,Werribee,Northern & Cross-City,U,Laverton,Flinders Street,North Melbourne,-37.80630984,144.9415102,1680,11,16:45:40,16:46:00,0,10,50,50
2023-07-10,Monday,Normal Weekday,Metro,6264,Werribee,Northern & Cross-City,U,Laverton,Flinders Street,Southern Cross,-37.81793643,144.9514112,0,12,16:48:40,16:49:00,70,30,50,90
2023-07-10,Monday,Normal Weekday,Metro,6264,Werribee,Northern & Cross-City,U,Laverton,Flinders Street,Flinders Street,-37.81830513,144.9669643,1232,13,16:54:00,16:54:00,0,90,90,0
2023-07-10,Monday,Normal Weekday,Metro,6265,Werribee,Northern & Cross-City,D,Flinders Street,Laverton,Flinders Street,-37.81830513,144.9669643,1232,1,15:26:00,15:26:00,40,0,0,40
2023-07-10,Monday,Normal Weekday,Metro,6265,Werribee,Northern & Cross-City,D,Flinders Street,Laverton,Southern Cross,-37.81793643,144.9514112,0,2,15:29:40,15:30:00,20,0,40,60
2023-07-10,Monday,Normal Weekday,Metro,6265,Werribee,Northern & Cross-City,D,Flinders Street,Laverton,North Melbourne,-37.80630984,144.9415102,1680,3,15:32:40,15:33:00,30,0,60,90
2023-07-10,Monday,Normal Weekday,Metro,6265,Werribee,Northern & Cross-City,D,Flinders Street,Laverton,South Kensington,-37.79953087,144.925469,3492,4,15:35:40,15:36:00,0,10,90,90
2023-07-10,Monday,Normal Weekday,Metro,6265,Werribee,Northern & Cross-City,D,Flinders Street,Laverton,Footscray,-37.80108298,144.9031992,5623,5,15:38:40,15:39:00,60,10,90,140
2023-07-10,Monday,Normal Weekday,Metro,6265,Werribee,Northern & Cross-City,D,Flinders Street,Laverton,Seddon,-37.80900514,144.8956716,6618,6,15:39:40,15:40:00,0,10,140,130
2023-07-10,Monday,Normal Weekday,Metro,6265,Werribee,Northern & Cross-City,D,Flinders Street,Laverton,Yarraville,-37.81585044,144.8899337,7542,7,15:41:40,15:42:00,0,50,130,80
2023-07-10,Monday,Normal Weekday,Metro,6265,Werribee,Northern & Cross-City,D,Flinders Street,Laverton,Spotswood,-37.83063888,144.8859335,9220,8,15:43:40,15:44:00,0,20,80,60
2023-07-10,Monday,Normal Weekday,Metro,6265,Werribee,Northern & Cross-City,D,Flinders Street,Laverton,Newport,-37.84271757,144.8835999,10555,9,15:46:40,15:47:00,10,20,60,50
2023-07-10,Monday,Normal Weekday,Metro,6265,Werribee,Northern & Cross-City,D,Flinders Street,Laverton,Seaholme,-37.86784231,144.8409577,16127,10,15:53:40,15:54:00,0,0,50,40
2023-07-10,Monday,Normal Weekday,Metro,6265,Werribee,Northern & Cross-City,D,Flinders Street,Laverton,Altona,-37.8671476,144.8296447,17148,11,15:55:40,15:56:00,10,20,40,40
2023-07-10,Monday,Normal Weekday,Metro,6265,Werribee,Northern & Cross-City,D,Flinders Street,Laverton,Westona,-37.86516348,144.8134936,18533,12,15:58:40,15:59:00,0,20,40,20
2023-07-10,Monday,Normal Weekday,Metro,6265,Werribee,Northern & Cross-City,D,Flinders Street,Laverton,Laverton,-37.86369404,144.7726167,21005,13,16:03:00,16:03:00,0,20,20,0
2023-07-10,Monday,Normal Weekday,Metro,6266,Werribee,Northern & Cross-City,U,Laverton,Flinders Street,Laverton,-37.86369404,144.7726167,21005,1,16:36:00,16:36:00,20,0,0,20
2023-07-10,Monday,Normal Weekday,Metro,6266,Werribee,Northern & Cross-City,U,Laverton,Flinders Street,Westona,-37.86516348,144.8134936,18533,2,16:39:40,16:40:00,10,0,20,20
2023-07-10,Monday,Normal Weekday,Metro,6266,Werribee,Northern & Cross-City,U,Laverton,Flinders Street,Altona,-37.8671476,144.8296447,17148,3,16:41:40,16:42:00,10,10,20,20
2023-07-10,Monday,Normal Weekday,Metro,6266,Werribee,Northern & Cross-City,U,Laverton,Flinders Street,Seaholme,-37.86784231,144.8409577,16127,4,16:43:40,16:44:00,0,0,20,20
2023-07-10,Monday,Normal Weekday,Metro,6266,Werribee,Northern & Cross-City,U,Laverton,Flinders Street,Newport,-37.84271757,144.8835999,10555,5,16:52:40,16:53:00,20,0,20,40
2023-07-10,Monday,Normal Weekday,Metro,6266,Werribee,Northern & Cross-City,U,Laverton,Flinders Street,Spotswood,-37.83063888,144.8859335,9220,6,16:54:40,16:55:00,10,0,40,40
2023-07-10,Monday,Normal Weekday,Metro,6266,Werribee,Northern & Cross-City,U,Laverton,Flinders Street,Yarraville,-37.81585044,144.8899337,7542,7,16:56:40,16:57:00,0,10,40,40
2023-07-10,Monday,Normal Weekday,Metro,6266,Werribee,Northern & Cross-City,U,Laverton,Flinders Street,Seddon,-37.80900514,144.8956716,6618,8,16:58:40,16:59:00,0,0,40,40
2023-07-10,Monday,Normal Weekday,Metro,6266,Werribee,Northern & Cross-City,U,Laverton,Flinders Street,Footscray,-37.80108298,144.9031992,5623,9,17:00:40,17:01:00,30,10,40,70
2023-07-10,Monday,Normal Weekday,Metro,6266,Werribee,Northern & Cross-City,U,Laverton,Flinders Street,South Kensington,-37.79953087,144.925469,3492,10,17:03:40,17:04:00,10,0,70,80
2023-07-10,Monday,Normal Weekday,Metro,6266,Werribee,Northern & Cross-City,U,Laverton,Flinders Street,North Melbourne,-37.80630984,144.9415102,1680,11,17:06:40,17:07:00,10,10,80,80
2023-07-10,Monday,Normal Weekday,Metro,6266,Werribee,Northern & Cross-City,U,Laverton,Flinders Street,Southern Cross,-37.81793643,144.9514112,0,12,17:09:40,17:10:00,30,30,80,80
2023-07-10,Monday,Normal Weekday,Metro,6266,Werribee,Northern & Cross-City,U,Laverton,Flinders Street,Flinders Street,-37.81830513,144.9669643,1232,13,17:14:00,17:14:00,0,80,80,0
2023-07-10,Monday,Normal Weekday,Metro,6267,Werribee,Northern & Cross-City,D,Flinders Street,Laverton,Flinders Street,-37.81830513,144.9669643,1232,1,15:46:00,15:46:00,110,0,0,110
2023-07-10,Monday,Normal Weekday,Metro,6267,Werribee,Northern & Cross-City,D,Flinders Street,Laverton,Southern Cross,-37.81793643,144.9514112,0,2,15:49:40,15:50:00,50,30,110,140
2023-07-10,Monday,Normal Weekday,Metro,6267,Werribee,Northern & Cross-City,D,Flinders Street,Laverton,North Melbourne,-37.80630984,144.9415102,1680,3,15:52:40,15:53:00,20,0,140,150
2023-07-10,Monday,Normal Weekday,Metro,6267,Werribee,Northern & Cross-City,D,Flinders Street,Laverton,South Kensington,-37.79953087,144.925469,3492,4,15:55:40,15:56:00,0,10,150,150
2023-07-10,Monday,Normal Weekday,Metro,6267,Werribee,Northern & Cross-City,D,Flinders Street,Laverton,Footscray,-37.80108298,144.9031992,5623,5,15:58:40,15:59:00,10,30,150,130
2023-07-10,Monday,Normal Weekday,Metro,6267,Werribee,Northern & Cross-City,D,Flinders Street,Laverton,Seddon,-37.80900514,144.8956716,6618,6,15:59:40,16:00:00,0,20,130,120
2023-07-10,Monday,Normal Weekday,Metro,6267,Werribee,Northern & Cross-City,D,Flinders Street,Laverton,Yarraville,-37.81585044,144.8899337,7542,7,16:01:40,16:02:00,0,40,120,80
2023-07-10,Monday,Normal Weekday,Metro,6267,Werribee,Northern & Cross-City,D,Flinders Street,Laverton,Spotswood,-37.83063888,144.8859335,9220,8,16:03:40,16:04:00,0,10,80,70
2023-07-10,Monday,Normal Weekday,Metro,6267,Werribee,Northern & Cross-City,D,Flinders Street,Laverton,Newport,-37.84271757,144.8835999,10555,9,16:06:40,16:07:00,0,20,70,50
2023-07-10,Monday,Normal Weekday,Metro,6267,Werribee,Northern & Cross-City,D,Flinders Street,Laverton,Seaholme,-37.86784231,144.8409577,16127,10,16:13:40,16:14:00,0,10,50,40
2023-07-10,Monday,Normal Weekday,Metro,6267,Werribee,Northern & Cross-City,D,Flinders Street,Laverton,Altona,-37.8671476,144.8296447,17148,11,16:15:40,16:16:00,10,20,40,30
2023-07-10,Monday,Normal Weekday,Metro,6267,Werribee,Northern & Cross-City,D,Flinders Street,Laverton,Westona,-37.86516348,144.8134936,18533,12,16:18:40,16:19:00,10,20,30,20
2023-07-10,Monday,Normal Weekday,Metro,6267,Werribee,Northern & Cross-City,D,Flinders Street,Laverton,Laverton,-37.86369404,144.7726167,21005,13,16:23:00,16:23:00,0,20,20,0
2023-07-10,Monday,Normal Weekday,Metro,6268,Werribee,Northern & Cross-City,U,Laverton,Flinders Street,Laverton,-37.86369404,144.7726167,21005,1,16:56:00,16:56:00,10,0,0,10
2023-07-10,Monday,Normal Weekday,Metro,6268,Werribee,Northern & Cross-City,U,Laverton,Flinders Street,Westona,-37.86516348,144.8134936,18533,2,16:59:40,17:00:00,10,0,10,20
2023-07-10,Monday,Normal Weekday,Metro,6268,Werribee,Northern & Cross-City,U,Laverton,Flinders Street,Altona,-37.8671476,144.8296447,17148,3,17:01:40,17:02:00,0,0,20,20
2023-07-10,Monday,Normal Weekday,Metro,6268,Werribee,Northern & Cross-City,U,Laverton,Flinders Street,Seaholme,-37.86784231,144.8409577,16127,4,17:03:40,17:04:00,0,0,20,20
2023-07-10,Monday,Normal Weekday,Metro,6268,Werribee,Northern & Cross-City,U,Laverton,Flinders Street,Newport,-37.84271757,144.8835999,10555,5,17:12:40,17:13:00,10,0,20,20
2023-07-10,Monday,Normal Weekday,Metro,6268,Werribee,Northern & Cross-City,U,Laverton,Flinders Street,Spotswood,-37.83063888,144.8859335,9220,6,17:14:40,17:15:00,10,0,20,30
2023-07-10,Monday,Normal Weekday,Metro,6268,Werribee,Northern & Cross-City,U,Laverton,Flinders Street,Yarraville,-37.81585044,144.8899337,7542,7,17:16:40,17:17:00,10,0,30,40
2023-07-10,Monday,Normal Weekday,Metro,6268,Werribee,Northern & Cross-City,U,Laverton,Flinders Street,Seddon,-37.80900514,144.8956716,6618,8,17:18:40,17:19:00,0,0,40,40
2023-07-10,Monday,Normal Weekday,Metro,6268,Werribee,Northern & Cross-City,U,Laverton,Flinders Street,Footscray,-37.80108298,144.9031992,5623,9,17:20:40,17:21:00,30,10,40,60
2023-07-10,Monday,Normal Weekday,Metro,6268,Werribee,Northern & Cross-City,U,Laverton,Flinders Street,South Kensington,-37.79953087,144.925469,3492,10,17:23:40,17:24:00,0,0,60,60
2023-07-10,Monday,Normal Weekday,Metro,6268,Werribee,Northern & Cross-City,U,Laverton,Flinders Street,North Melbourne,-37.80630984,144.9415102,1680,11,17:26:40,17:27:00,0,10,60,60
2023-07-10,Monday,Normal Weekday,Metro,6268,Werribee,Northern & Cross-City,U,Laverton,Flinders Street,Southern Cross,-37.81793643,144.9514112,0,12,17:29:40,17:30:00,40,30,60,70
2023-07-10,Monday,Normal Weekday,Metro,6268,Werribee,Northern & Cross-City,U,Laverton,Flinders Street,Flinders Street,-37.81830513,144.9669643,1232,13,17:34:00,17:34:00,0,70,70,0
2023-07-10,Monday,Normal Weekday,Metro,6269,Werribee,Northern & Cross-City,D,Flinders Street,Laverton,Flinders Street,-37.81830513,144.9669643,1232,1,16:06:00,16:06:00,80,0,0,80
2023-07-10,Monday,Normal Weekday,Metro,6269,Werribee,Northern & Cross-City,D,Flinders Street,Laverton,Southern Cross,-37.81793643,144.9514112,0,2,16:09:40,16:10:00,70,10,80,140
2023-07-10,Monday,Normal Weekday,Metro,6269,Werribee,Northern & Cross-City,D,Flinders Street,Laverton,North Melbourne,-37.80630984,144.9415102,1680,3,16:12:40,16:13:00,20,20,140,140
2023-07-10,Monday,Normal Weekday,Metro,6269,Werribee,Northern & Cross-City,D,Flinders Street,Laverton,South Kensington,-37.79953087,144.925469,3492,4,16:15:40,16:16:00,0,20,140,120
2023-07-10,Monday,Normal Weekday,Metro,6269,Werribee,Northern & Cross-City,D,Flinders Street,Laverton,Footscray,-37.80108298,144.9031992,5623,5,16:18:40,16:19:00,10,20,120,120
2023-07-10,Monday,Normal Weekday,Metro,6269,Werribee,Northern & Cross-City,D,Flinders Street,Laverton,Seddon,-37.80900514,144.8956716,6618,6,16:20:40,16:21:00,0,20,120,100
2023-07-10,Monday,Normal Weekday,Metro,6269,Werribee,Northern & Cross-City,D,Flinders Street,Laverton,Yarraville,-37.81585044,144.8899337,7542,7,16:22:40,16:23:00,0,30,100,80
2023-07-10,Monday,Normal Weekday,Metro,6269,Werribee,Northern & Cross-City,D,Flinders Street,Laverton,Spotswood,-37.83063888,144.8859335,9220,8,16:24:40,16:25:00,0,10,80,70
2023-07-10,Monday,Normal Weekday,Metro,6269,Werribee,Northern & Cross-City,D,Flinders Street,Laverton,Newport,-37.84271757,144.8835999,10555,9,16:27:40,16:28:00,0,20,70,50
2023-07-10,Monday,Normal Weekday,Metro,6269,Werribee,Northern & Cross-City,D,Flinders Street,Laverton,Seaholme,-37.86784231,144.8409577,16127,10,16:34:40,16:35:00,0,10,50,50
2023-07-10,Monday,Normal Weekday,Metro,6269,Werribee,Northern & Cross-City,D,Flinders Street,Laverton,Altona,-37.8671476,144.8296447,17148,11,16:36:40,16:37:00,10,20,50,30
2023-07-10,Monday,Normal Weekday,Metro,6269,Werribee,Northern & Cross-City,D,Flinders Street,Laverton,Westona,-37.86516348,144.8134936,18533,12,16:39:40,16:40:00,0,10,30,20
2023-07-10,Monday,Normal Weekday,Metro,6269,Werribee,Northern & Cross-City,D,Flinders Street,Laverton,Laverton,-37.86369404,144.7726167,21005,13,16:44:00,16:44:00,0,20,20,0
2023-07-10,Monday,Normal Weekday,Metro,6270,Werribee,Northern & Cross-City,U,Laverton,Flinders Street,Laverton,-37.86369404,144.7726167,21005,1,17:16:00,17:16:00,10,0,0,10
2023-07-10,Monday,Normal Weekday,Metro,6270,Werribee,Northern & Cross-City,U,Laverton,Flinders Street,Westona,-37.86516348,144.8134936,18533,2,17:19:40,17:20:00,0,0,10,10
2023-07-10,Monday,Normal Weekday,Metro,6270,Werribee,Northern & Cross-City,U,Laverton,Flinders Street,Altona,-37.8671476,144.8296447,17148,3,17:21:40,17:22:00,10,0,10,10
2023-07-10,Monday,Normal Weekday,Metro,6270,Werribee,Northern & Cross-City,U,Laverton,Flinders Street,Seaholme,-37.86784231,144.8409577,16127,4,17:23:40,17:24:00,0,0,10,10
2023-07-10,Monday,Normal Weekday,Metro,6270,Werribee,Northern & Cross-City,U,Laverton,Flinders Street,Newport,-37.84271757,144.8835999,10555,5,17:32:40,17:33:00,10,0,10,20
2023-07-10,Monday,Normal Weekday,Metro,6270,Werribee,Northern & Cross-City,U,Laverton,Flinders Street,Spotswood,-37.83063888,144.8859335,9220,6,17:34:40,17:35:00,0,0,20,30
2023-07-10,Monday,Normal Weekday,Metro,6270,Werribee,Northern & Cross-City,U,Laverton,Flinders Street,Yarraville,-37.81585044,144.8899337,7542,7,17:36:40,17:37:00,0,0,30,30
2023-07-10,Monday,Normal Weekday,Metro,6270,Werribee,Northern & Cross-City,U,Laverton,Flinders Street,Seddon,-37.80900514,144.8956716,6618,8,17:38:40,17:39:00,0,0,30,30
2023-07-10,Monday,Normal Weekday,Metro,6270,Werribee,Northern & Cross-City,U,Laverton,Flinders Street,Footscray,-37.80108298,144.9031992,5623,9,17:40:40,17:41:00,20,10,30,50
2023-07-10,Monday,Normal Weekday,Metro,6270,Werribee,Northern & Cross-City,U,Laverton,Flinders Street,South Kensington,-37.79953087,144.925469,3492,10,17:43:40,17:44:00,10,0,50,50
2023-07-10,Monday,Normal Weekday,Metro,6270,Werribee,Northern & Cross-City,U,Laverton,Flinders Street,North Melbourne,-37.80630984,144.9415102,1680,11,17:46:40,17:47:00,0,10,50,50
2023-07-10,Monday,Normal Weekday,Metro,6270,Werribee,Northern & Cross-City,U,Laverton,Flinders Street,Southern Cross,-37.81793643,144.9514112,0,12,17:49:40,17:50:00,20,30,50,40
2023-07-10,Monday,Normal Weekday,Metro,6270,Werribee,Northern & Cross-City,U,Laverton,Flinders Street,Flinders Street,-37.81830513,144.9669643,1232,13,17:54:00,17:54:00,0,40,40,0
2023-07-10,Monday,Normal Weekday,Metro,6271,Werribee,Northern & Cross-City,D,Flinders Street,Laverton,Flinders Street,-37.81830513,144.9669643,1232,1,16:26:00,16:26:00,100,0,0,100
2023-07-10,Monday,Normal Weekday,Metro,6271,Werribee,Northern & Cross-City,D,Flinders Street,Laverton,Southern Cross,-37.81793643,144.9514112,0,2,16:29:40,16:30:00,60,10,100,140
2023-07-10,Monday,Normal Weekday,Metro,6271,Werribee,Northern & Cross-City,D,Flinders Street,Laverton,North Melbourne,-37.80630984,144.9415102,1680,3,16:32:40,16:33:00,20,10,140,140
2023-07-10,Monday,Normal Weekday,Metro,6271,Werribee,Northern & Cross-City,D,Flinders Street,Laverton,South Kensington,-37.79953087,144.925469,3492,4,16:35:40,16:36:00,0,10,140,130
2023-07-10,Monday,Normal Weekday,Metro,6271,Werribee,Northern & Cross-City,D,Flinders Street,Laverton,Footscray,-37.80108298,144.9031992,5623,5,16:38:40,16:39:00,20,10,130,140
2023-07-10,Monday,Normal Weekday,Metro,6271,Werribee,Northern & Cross-City,D,Flinders Street,Laverton,Seddon,-37.80900514,144.8956716,6618,6,16:40:40,16:41:00,0,10,140,130
2023-07-10,Monday,Normal Weekday,Metro,6271,Werribee,Northern & Cross-City,D,Flinders Street,Laverton,Yarraville,-37.81585044,144.8899337,7542,7,16:42:40,16:43:00,0,30,130,100
2023-07-10,Monday,Normal Weekday,Metro,6271,Werribee,Northern & Cross-City,D,Flinders Street,Laverton,Spotswood,-37.83063888,144.8859335,9220,8,16:44:40,16:45:00,0,10,100,90
2023-07-10,Monday,Normal Weekday,Metro,6271,Werribee,Northern & Cross-City,D,Flinders Street,Laverton,Newport,-37.84271757,144.8835999,10555,9,16:47:40,16:48:00,0,20,90,70
2023-07-10,Monday,Normal Weekday,Metro,6271,Werribee,Northern & Cross-City,D,Flinders Street,Laverton,Seaholme,-37.86784231,144.8409577,16127,10,16:54:40,16:55:00,0,10,70,60
2023-07-10,Monday,Normal Weekday,Metro,6271,Werribee,Northern & Cross-City,D,Flinders Street,Laverton,Altona,-37.8671476,144.8296447,17148,11,16:56:40,16:57:00,0,20,60,40
2023-07-10,Monday,Normal Weekday,Metro,6271,Werribee,Northern & Cross-City,D,Flinders Street,Laverton,Westona,-37.86516348,144.8134936,18533,12,16:59:40,17:00:00,0,30,40,20
2023-07-10,Monday,Normal Weekday,Metro,6271,Werribee,Northern & Cross-City,D,Flinders Street,Laverton,Laverton,-37.86369404,144.7726167,21005,13,17:04:00,17:04:00,0,20,20,0
2023-07-10,Monday,Normal Weekday,Metro,6272,Werribee,Northern & Cross-City,U,Laverton,Flinders Street,Laverton,-37.86369404,144.7726167,21005,1,17:36:00,17:36:00,10,0,0,10
2023-07-10,Monday,Normal Weekday,Metro,6272,Werribee,Northern & Cross-City,U,Laverton,Flinders Street,Westona,-37.86516348,144.8134936,18533,2,17:39:40,17:40:00,10,10,10,10
2023-07-10,Monday,Normal Weekday,Metro,6272,Werribee,Northern & Cross-City,U,Laverton,Flinders Street,Altona,-37.8671476,144.8296447,17148,3,17:41:40,17:42:00,0,0,10,10
2023-07-10,Monday,Normal Weekday,Metro,6272,Werribee,Northern & Cross-City,U,Laverton,Flinders Street,Seaholme,-37.86784231,144.8409577,16127,4,17:43:40,17:44:00,0,0,10,10
2023-07-10,Monday,Normal Weekday,Metro,6272,Werribee,Northern & Cross-City,U,Laverton,Flinders Street,Newport,-37.84271757,144.8835999,10555,5,17:52:40,17:53:00,0,0,10,20
2023-07-10,Monday,Normal Weekday,Metro,6272,Werribee,Northern & Cross-City,U,Laverton,Flinders Street,Spotswood,-37.83063888,144.8859335,9220,6,17:54:40,17:55:00,0,0,20,20
2023-07-10,Monday,Normal Weekday,Metro,6272,Werribee,Northern & Cross-City,U,Laverton,Flinders Street,Yarraville,-37.81585044,144.8899337,7542,7,17:56:40,17:57:00,0,0,20,20
2023-07-10,Monday,Normal Weekday,Metro,6272,Werribee,Northern & Cross-City,U,Laverton,Flinders Street,Seddon,-37.80900514,144.8956716,6618,8,17:58:40,17:59:00,0,0,20,20
2023-07-10,Monday,Normal Weekday,Metro,6272,Werribee,Northern & Cross-City,U,Laverton,Flinders Street,Footscray,-37.80108298,144.9031992,5623,9,18:00:40,18:01:00,50,10,20,60
2023-07-10,Monday,Normal Weekday,Metro,6272,Werribee,Northern & Cross-City,U,Laverton,Flinders Street,South Kensington,-37.79953087,144.925469,3492,10,18:03:40,18:04:00,0,0,60,60
2023-07-10,Monday,Normal Weekday,Metro,6272,Werribee,Northern & Cross-City,U,Laverton,Flinders Street,North Melbourne,-37.80630984,144.9415102,1680,11,18:06:40,18:07:00,0,0,60,60
2023-07-10,Monday,Normal Weekday,Metro,6272,Werribee,Northern & Cross-City,U,Laverton,Flinders Street,Southern Cross,-37.81793643,144.9514112,0,12,18:09:40,18:10:00,10,40,60,30
2023-07-10,Monday,Normal Weekday,Metro,6272,Werribee,Northern & Cross-City,U,Laverton,Flinders Street,Flinders Street,-37.81830513,144.9669643,1232,13,18:14:00,18:14:00,0,30,30,0
2023-07-10,Monday,Normal Weekday,Metro,6273,Werribee,Northern & Cross-City,D,Flinders Street,Laverton,Flinders Street,-37.81830513,144.9669643,1232,1,16:47:00,16:47:00,80,0,0,80
2023-07-10,Monday,Normal Weekday,Metro,6273,Werribee,Northern & Cross-City,D,Flinders Street,Laverton,Southern Cross,-37.81793643,144.9514112,0,2,16:50:40,16:51:00,130,0,80,200
2023-07-10,Monday,Normal Weekday,Metro,6273,Werribee,Northern & Cross-City,D,Flinders Street,Laverton,North Melbourne,-37.80630984,144.9415102,1680,3,16:53:40,16:54:00,30,20,200,220
2023-07-10,Monday,Normal Weekday,Metro,6273,Werribee,Northern & Cross-City,D,Flinders Street,Laverton,South Kensington,-37.79953087,144.925469,3492,4,16:55:40,16:56:00,0,10,220,200
2023-07-10,Monday,Normal Weekday,Metro,6273,Werribee,Northern & Cross-City,D,Flinders Street,Laverton,Footscray,-37.80108298,144.9031992,5623,5,16:58:40,16:59:00,10,30,200,180
2023-07-10,Monday,Normal Weekday,Metro,6273,Werribee,Northern & Cross-City,D,Flinders Street,Laverton,Seddon,-37.80900514,144.8956716,6618,6,17:00:40,17:01:00,0,30,180,160
2023-07-10,Monday,Normal Weekday,Metro,6273,Werribee,Northern & Cross-City,D,Flinders Street,Laverton,Yarraville,-37.81585044,144.8899337,7542,7,17:02:40,17:03:00,0,40,160,120
2023-07-10,Monday,Normal Weekday,Metro,6273,Werribee,Northern & Cross-City,D,Flinders Street,Laverton,Spotswood,-37.83063888,144.8859335,9220,8,17:04:40,17:05:00,0,10,120,110
2023-07-10,Monday,Normal Weekday,Metro,6273,Werribee,Northern & Cross-City,D,Flinders Street,Laverton,Newport,-37.84271757,144.8835999,10555,9,17:07:40,17:08:00,0,30,110,80
2023-07-10,Monday,Normal Weekday,Metro,6273,Werribee,Northern & Cross-City,D,Flinders Street,Laverton,Seaholme,-37.86784231,144.8409577,16127,10,17:14:40,17:15:00,0,10,80,70
2023-07-10,Monday,Normal Weekday,Metro,6273,Werribee,Northern & Cross-City,D,Flinders Street,Laverton,Altona,-37.8671476,144.8296447,17148,11,17:16:40,17:17:00,0,20,70,50
2023-07-10,Monday,Normal Weekday,Metro,6273,Werribee,Northern & Cross-City,D,Flinders Street,Laverton,Westona,-37.86516348,144.8134936,18533,12,17:19:40,17:20:00,0,30,50,20
2023-07-10,Monday,Normal Weekday,Metro,6273,Werribee,Northern & Cross-City,D,Flinders Street,Laverton,Laverton,-37.86369404,144.7726167,21005,13,17:24:00,17:24:00,0,20,20,0
2023-07-10,Monday,Normal Weekday,Metro,6274,Werribee,Northern & Cross-City,U,Laverton,Flinders Street,Laverton,-37.86369404,144.7726167,21005,1,17:56:00,17:56:00,0,0,0,0
2023-07-10,Monday,Normal Weekday,Metro,6274,Werribee,Northern & Cross-City,U,Laverton,Flinders Street,Westona,-37.86516348,144.8134936,18533,2,17:59:40,18:00:00,0,0,0,10
2023-07-10,Monday,Normal Weekday,Metro,6274,Werribee,Northern & Cross-City,U,Laverton,Flinders Street,Altona,-37.8671476,144.8296447,17148,3,18:01:40,18:02:00,0,0,10,10
2023-07-10,Monday,Normal Weekday,Metro,6274,Werribee,Northern & Cross-City,U,Laverton,Flinders Street,Seaholme,-37.86784231,144.8409577,16127,4,18:03:40,18:04:00,0,0,10,10
2023-07-10,Monday,Normal Weekday,Metro,6274,Werribee,Northern & Cross-City,U,Laverton,Flinders Street,Newport,-37.84271757,144.8835999,10555,5,18:12:40,18:13:00,10,0,10,20
2023-07-10,Monday,Normal Weekday,Metro,6274,Werribee,Northern & Cross-City,U,Laverton,Flinders Street,Spotswood,-37.83063888,144.8859335,9220,6,18:14:40,18:15:00,0,0,20,20
2023-07-10,Monday,Normal Weekday,Metro,6274,Werribee,Northern & Cross-City,U,Laverton,Flinders Street,Yarraville,-37.81585044,144.8899337,7542,7,18:16:40,18:17:00,10,0,20,20
2023-07-10,Monday,Normal Weekday,Metro,6274,Werribee,Northern & Cross-City,U,Laverton,Flinders Street,Seddon,-37.80900514,144.8956716,6618,8,18:18:40,18:19:00,0,0,20,20
2023-07-10,Monday,Normal Weekday,Metro,6274,Werribee,Northern & Cross-City,U,Laverton,Flinders Street,Footscray,-37.80108298,144.9031992,5623,9,18:20:40,18:21:00,20,0,20,40
2023-07-10,Monday,Normal Weekday,Metro,6274,Werribee,Northern & Cross-City,U,Laverton,Flinders Street,South Kensington,-37.79953087,144.925469,3492,10,18:23:40,18:24:00,10,0,40,50
2023-07-10,Monday,Normal Weekday,Metro,6274,Werribee,Northern & Cross-City,U,Laverton,Flinders Street,North Melbourne,-37.80630984,144.9415102,1680,11,18:26:40,18:27:00,0,0,50,50
2023-07-10,Monday,Normal Weekday,Metro,6274,Werribee,Northern & Cross-City,U,Laverton,Flinders Street,Southern Cross,-37.81793643,144.9514112,0,12,18:29:40,18:30:00,10,20,50,40
2023-07-10,Monday,Normal Weekday,Metro,6274,Werribee,Northern & Cross-City,U,Laverton,Flinders Street,Flinders Street,-37.81830513,144.9669643,1232,13,18:34:00,18:34:00,0,40,40,0
2023-07-10,Monday,Normal Weekday,Metro,6275,Werribee,Northern & Cross-City,D,Flinders Street,Laverton,Flinders Street,-37.81830513,144.9669643,1232,1,17:07:00,17:07:00,140,0,0,140
2023-07-10,Monday,Normal Weekday,Metro,6275,Werribee,Northern & Cross-City,D,Flinders Street,Laverton,Southern Cross,-37.81793643,144.9514112,0,2,17:10:40,17:11:00,180,40,140,290
2023-07-10,Monday,Normal Weekday,Metro,6275,Werribee,Northern & Cross-City,D,Flinders Street,Laverton,North Melbourne,-37.80630984,144.9415102,1680,3,17:13:40,17:14:00,40,30,290,300
2023-07-10,Monday,Normal Weekday,Metro,6275,Werribee,Northern & Cross-City,D,Flinders Street,Laverton,South Kensington,-37.79953087,144.925469,3492,4,17:15:40,17:16:00,0,20,300,280
2023-07-10,Monday,Normal Weekday,Metro,6275,Werribee,Northern & Cross-City,D,Flinders Street,Laverton,Footscray,-37.80108298,144.9031992,5623,5,17:18:40,17:19:00,10,30,280,260
2023-07-10,Monday,Normal Weekday,Metro,6275,Werribee,Northern & Cross-City,D,Flinders Street,Laverton,Seddon,-37.80900514,144.8956716,6618,6,17:20:40,17:21:00,0,20,260,240
2023-07-10,Monday,Normal Weekday,Metro,6275,Werribee,Northern & Cross-City,D,Flinders Street,Laverton,Yarraville,-37.81585044,144.8899337,7542,7,17:22:40,17:23:00,0,70,240,170
2023-07-10,Monday,Normal Weekday,Metro,6275,Werribee,Northern & Cross-City,D,Flinders Street,Laverton,Spotswood,-37.83063888,144.8859335,9220,8,17:24:40,17:25:00,0,20,170,160
2023-07-10,Monday,Normal Weekday,Metro,6275,Werribee,Northern & Cross-City,D,Flinders Street,Laverton,Newport,-37.84271757,144.8835999,10555,9,17:27:40,17:28:00,0,60,160,100
2023-07-10,Monday,Normal Weekday,Metro,6275,Werribee,Northern & Cross-City,D,Flinders Street,Laverton,Seaholme,-37.86784231,144.8409577,16127,10,17:34:40,17:35:00,0,20,100,80
2023-07-10,Monday,Normal Weekday,Metro,6275,Werribee,Northern & Cross-City,D,Flinders Street,Laverton,Altona,-37.8671476,144.8296447,17148,11,17:36:40,17:37:00,0,40,80,40
2023-07-10,Monday,Normal Weekday,Metro,6275,Werribee,Northern & Cross-City,D,Flinders Street,Laverton,Westona,-37.86516348,144.8134936,18533,12,17:39:40,17:40:00,0,30,40,10
2023-07-10,Monday,Normal Weekday,Metro,6275,Werribee,Northern & Cross-City,D,Flinders Street,Laverton,Laverton,-37.86369404,144.7726167,21005,13,17:44:00,17:44:00,0,10,10,0
2023-07-10,Monday,Normal Weekday,Metro,6276,Werribee,Northern & Cross-City,U,Laverton,Flinders Street,Laverton,-37.86369404,144.7726167,21005,1,18:16:00,18:16:00,10,0,0,10
2023-07-10,Monday,Normal Weekday,Metro,6276,Werribee,Northern & Cross-City,U,Laverton,Flinders Street,Westona,-37.86516348,144.8134936,18533,2,18:19:40,18:20:00,0,0,10,0
2023-07-10,Monday,Normal Weekday,Metro,6276,Werribee,Northern & Cross-City,U,Laverton,Flinders Street,Altona,-37.8671476,144.8296447,17148,3,18:21:40,18:22:00,10,0,0,10
2023-07-10,Monday,Normal Weekday,Metro,6276,Werribee,Northern & Cross-City,U,Laverton,Flinders Street,Seaholme,-37.86784231,144.8409577,16127,4,18:23:40,18:24:00,0,0,10,10
2023-07-10,Monday,Normal Weekday,Metro,6276,Werribee,Northern & Cross-City,U,Laverton,Flinders Street,Newport,-37.84271757,144.8835999,10555,5,18:32:40,18:33:00,0,0,10,10
2023-07-10,Monday,Normal Weekday,Metro,6276,Werribee,Northern & Cross-City,U,Laverton,Flinders Street,Spotswood,-37.83063888,144.8859335,9220,6,18:34:40,18:35:00,0,0,10,10
2023-07-10,Monday,Normal Weekday,Metro,6276,Werribee,Northern & Cross-City,U,Laverton,Flinders Street,Yarraville,-37.81585044,144.8899337,7542,7,18:36:40,18:37:00,10,0,10,20
2023-07-10,Monday,Normal Weekday,Metro,6276,Werribee,Northern & Cross-City,U,Laverton,Flinders Street,Seddon,-37.80900514,144.8956716,6618,8,18:38:40,18:39:00,0,0,20,20
2023-07-10,Monday,Normal Weekday,Metro,6276,Werribee,Northern & Cross-City,U,Laverton,Flinders Street,Footscray,-37.80108298,144.9031992,5623,9,18:40:40,18:41:00,0,10,20,20
2023-07-10,Monday,Normal Weekday,Metro,6276,Werribee,Northern & Cross-City,U,Laverton,Flinders Street,South Kensington,-37.79953087,144.925469,3492,10,18:43:40,18:44:00,0,0,20,20
2023-07-10,Monday,Normal Weekday,Metro,6276,Werribee,Northern & Cross-City,U,Laverton,Flinders Street,North Melbourne,-37.80630984,144.9415102,1680,11,18:46:40,18:47:00,0,10,20,20
2023-07-10,Monday,Normal Weekday,Metro,6276,Werribee,Northern & Cross-City,U,Laverton,Flinders Street,Southern Cross,-37.81793643,144.9514112,0,12,18:49:40,18:50:00,50,10,20,50
2023-07-10,Monday,Normal Weekday,Metro,6276,Werribee,Northern & Cross-City,U,Laverton,Flinders Street,Flinders Street,-37.81830513,144.9669643,1232,13,18:54:00,18:54:00,0,50,50,0
2023-07-10,Monday,Normal Weekday,Metro,6277,Werribee,Northern & Cross-City,D,Flinders Street,Laverton,Flinders Street,-37.81830513,144.9669643,1232,1,17:27:00,17:27:00,170,0,0,170
2023-07-10,Monday,Normal Weekday,Metro,6277,Werribee,Northern & Cross-City,D,Flinders Street,Laverton,Southern Cross,-37.81793643,144.9514112,0,2,17:30:40,17:31:00,160,30,170,310
2023-07-10,Monday,Normal Weekday,Metro,6277,Werribee,Northern & Cross-City,D,Flinders Street,Laverton,North Melbourne,-37.80630984,144.9415102,1680,3,17:33:40,17:34:00,40,30,310,320
2023-07-10,Monday,Normal Weekday,Metro,6277,Werribee,Northern & Cross-City,D,Flinders Street,Laverton,South Kensington,-37.79953087,144.925469,3492,4,17:35:40,17:36:00,0,20,320,300
2023-07-10,Monday,Normal Weekday,Metro,6277,Werribee,Northern & Cross-City,D,Flinders Street,Laverton,Footscray,-37.80108298,144.9031992,5623,5,17:38:40,17:39:00,10,50,300,260
2023-07-10,Monday,Normal Weekday,Metro,6277,Werribee,Northern & Cross-City,D,Flinders Street,Laverton,Seddon,-37.80900514,144.8956716,6618,6,17:40:40,17:41:00,0,30,260,230
2023-07-10,Monday,Normal Weekday,Metro,6277,Werribee,Northern & Cross-City,D,Flinders Street,Laverton,Yarraville,-37.81585044,144.8899337,7542,7,17:42:40,17:43:00,0,70,230,160
2023-07-10,Monday,Normal Weekday,Metro,6277,Werribee,Northern & Cross-City,D,Flinders Street,Laverton,Spotswood,-37.83063888,144.8859335,9220,8,17:44:40,17:45:00,0,20,160,150
2023-07-10,Monday,Normal Weekday,Metro,6277,Werribee,Northern & Cross-City,D,Flinders Street,Laverton,Newport,-37.84271757,144.8835999,10555,9,17:47:40,17:48:00,0,60,150,90
2023-07-10,Monday,Normal Weekday,Metro,6277,Werribee,Northern & Cross-City,D,Flinders Street,Laverton,Seaholme,-37.86784231,144.8409577,16127,10,17:54:40,17:55:00,0,10,90,70
2023-07-10,Monday,Normal Weekday,Metro,6277,Werribee,Northern & Cross-City,D,Flinders Street,Laverton,Altona,-37.8671476,144.8296447,17148,11,17:56:40,17:57:00,0,30,70,50
2023-07-10,Monday,Normal Weekday,Metro,6277,Werribee,Northern & Cross-City,D,Flinders Street,Laverton,Westona,-37.86516348,144.8134936,18533,12,17:59:40,18:00:00,0,30,50,20
2023-07-10,Monday,Normal Weekday,Metro,6277,Werribee,Northern & Cross-City,D,Flinders Street,Laverton,Laverton,-37.86369404,144.7726167,21005,13,18:04:00,18:04:00,0,20,20,0
2023-07-10,Monday,Normal Weekday,Metro,6278,Werribee,Northern & Cross-City,U,Laverton,Flinders Street,Laverton,-37.86369404,144.7726167,21005,1,18:36:00,18:36:00,10,0,0,10
2023-07-10,Monday,Normal Weekday,Metro,6278,Werribee,Northern & Cross-City,U,Laverton,Flinders Street,Westona,-37.86516348,144.8134936,18533,2,18:39:40,18:40:00,0,0,0,10
2023-07-10,Monday,Normal Weekday,Metro,6278,Werribee,Northern & Cross-City,U,Laverton,Flinders Street,Altona,-37.8671476,144.8296447,17148,3,18:41:40,18:42:00,0,0,10,10
2023-07-10,Monday,Normal Weekday,Metro,6278,Werribee,Northern & Cross-City,U,Laverton,Flinders Street,Seaholme,-37.86784231,144.8409577,16127,4,18:43:40,18:44:00,0,0,10,10
2023-07-10,Monday,Normal Weekday,Metro,6278,Werribee,Northern & Cross-City,U,Laverton,Flinders Street,Newport,-37.84271757,144.8835999,10555,5,18:52:40,18:53:00,0,0,10,10
2023-07-10,Monday,Normal Weekday,Metro,6278,Werribee,Northern & Cross-City,U,Laverton,Flinders Street,Spotswood,-37.83063888,144.8859335,9220,6,18:54:40,18:55:00,0,0,10,10
2023-07-10,Monday,Normal Weekday,Metro,6278,Werribee,Northern & Cross-City,U,Laverton,Flinders Street,Yarraville,-37.81585044,144.8899337,7542,7,18:56:40,18:57:00,10,0,10,20
2023-07-10,Monday,Normal Weekday,Metro,6278,Werribee,Northern & Cross-City,U,Laverton,Flinders Street,Seddon,-37.80900514,144.8956716,6618,8,18:58:40,18:59:00,0,0,20,20
2023-07-10,Monday,Normal Weekday,Metro,6278,Werribee,Northern & Cross-City,U,Laverton,Flinders Street,Footscray,-37.80108298,144.9031992,5623,9,19:00:40,19:01:00,10,10,20,20
2023-07-10,Monday,Normal Weekday,Metro,6278,Werribee,Northern & Cross-City,U,Laverton,Flinders Street,South Kensington,-37.79953087,144.925469,3492,10,19:03:40,19:04:00,0,0,20,20
2023-07-10,Monday,Normal Weekday,Metro,6278,Werribee,Northern & Cross-City,U,Laverton,Flinders Street,North Melbourne,-37.80630984,144.9415102,1680,11,19:06:40,19:07:00,0,0,20,10
2023-07-10,Monday,Normal Weekday,Metro,6278,Werribee,Northern & Cross-City,U,Laverton,Flinders Street,Southern Cross,-37.81793643,144.9514112,0,12,19:09:40,19:10:00,20,0,10,40
2023-07-10,Monday,Normal Weekday,Metro,6278,Werribee,Northern & Cross-City,U,Laverton,Flinders Street,Flinders Street,-37.81830513,144.9669643,1232,13,19:14:00,19:14:00,0,30,30,0
2023-07-10,Monday,Normal Weekday,Metro,6279,Werribee,Northern & Cross-City,D,Flinders Street,Laverton,Flinders Street,-37.81830513,144.9669643,1232,1,17:47:00,17:47:00,130,0,0,130
2023-07-10,Monday,Normal Weekday,Metro,6279,Werribee,Northern & Cross-City,D,Flinders Street,Laverton,Southern Cross,-37.81793643,144.9514112,0,2,17:50:40,17:51:00,90,10,130,210
2023-07-10,Monday,Normal Weekday,Metro,6279,Werribee,Northern & Cross-City,D,Flinders Street,Laverton,North Melbourne,-37.80630984,144.9415102,1680,3,17:53:40,17:54:00,30,10,210,230
2023-07-10,Monday,Normal Weekday,Metro,6279,Werribee,Northern & Cross-City,D,Flinders Street,Laverton,South Kensington,-37.79953087,144.925469,3492,4,17:55:40,17:56:00,0,10,230,220
2023-07-10,Monday,Normal Weekday,Metro,6279,Werribee,Northern & Cross-City,D,Flinders Street,Laverton,Footscray,-37.80108298,144.9031992,5623,5,17:58:40,17:59:00,0,20,220,210
2023-07-10,Monday,Normal Weekday,Metro,6279,Werribee,Northern & Cross-City,D,Flinders Street,Laverton,Seddon,-37.80900514,144.8956716,6618,6,18:00:40,18:01:00,0,30,210,180
2023-07-10,Monday,Normal Weekday,Metro,6279,Werribee,Northern & Cross-City,D,Flinders Street,Laverton,Yarraville,-37.81585044,144.8899337,7542,7,18:02:40,18:03:00,0,50,180,130
2023-07-10,Monday,Normal Weekday,Metro,6279,Werribee,Northern & Cross-City,D,Flinders Street,Laverton,Spotswood,-37.83063888,144.8859335,9220,8,18:04:40,18:05:00,0,10,130,120
2023-07-10,Monday,Normal Weekday,Metro,6279,Werribee,Northern & Cross-City,D,Flinders Street,Laverton,Newport,-37.84271757,144.8835999,10555,9,18:07:40,18:08:00,0,40,120,80
2023-07-10,Monday,Normal Weekday,Metro,6279,Werribee,Northern & Cross-City,D,Flinders Street,Laverton,Seaholme,-37.86784231,144.8409577,16127,10,18:14:40,18:15:00,0,10,80,70
2023-07-10,Monday,Normal Weekday,Metro,6279,Werribee,Northern & Cross-City,D,Flinders Street,Laverton,Altona,-37.8671476,144.8296447,17148,11,18:16:40,18:17:00,0,30,70,40
2023-07-10,Monday,Normal Weekday,Metro,6279,Werribee,Northern & Cross-City,D,Flinders Street,Laverton,Westona,-37.86516348,144.8134936,18533,12,18:19:40,18:20:00,0,20,40,20
2023-07-10,Monday,Normal Weekday,Metro,6279,Werribee,Northern & Cross-City,D,Flinders Street,Laverton,Laverton,-37.86369404,144.7726167,21005,13,18:24:00,18:24:00,0,20,20,0
2023-07-10,Monday,Normal Weekday,Metro,6280,Werribee,Northern & Cross-City,U,Laverton,Flinders Street,Laverton,-37.86369404,144.7726167,21005,1,18:56:00,18:56:00,0,0,0,0
2023-07-10,Monday,Normal Weekday,Metro,6280,Werribee,Northern & Cross-City,U,Laverton,Flinders Street,Westona,-37.86516348,144.8134936,18533,2,18:59:40,19:00:00,0,0,0,0
2023-07-10,Monday,Normal Weekday,Metro,6280,Werribee,Northern & Cross-City,U,Laverton,Flinders Street,Altona,-37.8671476,144.8296447,17148,3,19:01:40,19:02:00,0,0,0,0
2023-07-10,Monday,Normal Weekday,Metro,6280,Werribee,Northern & Cross-City,U,Laverton,Flinders Street,Seaholme,-37.86784231,144.8409577,16127,4,19:03:40,19:04:00,0,0,0,0
2023-07-10,Monday,Normal Weekday,Metro,6280,Werribee,Northern & Cross-City,U,Laverton,Flinders Street,Newport,-37.84271757,144.8835999,10555,5,19:12:40,19:13:00,0,0,0,0
2023-07-10,Monday,Normal Weekday,Metro,6280,Werribee,Northern & Cross-City,U,Laverton,Flinders Street,Spotswood,-37.83063888,144.8859335,9220,6,19:14:40,19:15:00,0,0,0,0
2023-07-10,Monday,Normal Weekday,Metro,6280,Werribee,Northern & Cross-City,U,Laverton,Flinders Street,Yarraville,-37.81585044,144.8899337,7542,7,19:16:40,19:17:00,10,0,0,10
2023-07-10,Monday,Normal Weekday,Metro,6280,Werribee,Northern & Cross-City,U,Laverton,Flinders Street,Seddon,-37.80900514,144.8956716,6618,8,19:18:40,19:19:00,0,0,10,10
2023-07-10,Monday,Normal Weekday,Metro,6280,Werribee,Northern & Cross-City,U,Laverton,Flinders Street,Footscray,-37.80108298,144.9031992,5623,9,19:20:40,19:21:00,10,0,10,20
2023-07-10,Monday,Normal Weekday,Metro,6280,Werribee,Northern & Cross-City,U,Laverton,Flinders Street,South Kensington,-37.79953087,144.925469,3492,10,19:23:40,19:24:00,0,0,20,20
2023-07-10,Monday,Normal Weekday,Metro,6280,Werribee,Northern & Cross-City,U,Laverton,Flinders Street,North Melbourne,-37.80630984,144.9415102,1680,11,19:26:40,19:27:00,0,0,20,20
2023-07-10,Monday,Normal Weekday,Metro,6280,Werribee,Northern & Cross-City,U,Laverton,Flinders Street,Southern Cross,-37.81793643,144.9514112,0,12,19:29:40,19:30:00,30,0,20,50
2023-07-10,Monday,Normal Weekday,Metro,6280,Werribee,Northern & Cross-City,U,Laverton,Flinders Street,Flinders Street,-37.81830513,144.9669643,1232,13,19:34:00,19:34:00,0,50,50,0
2023-07-10,Monday,Normal Weekday,Metro,6281,Werribee,Northern & Cross-City,D,Flinders Street,Laverton,Flinders Street,-37.81830513,144.9669643,1232,1,18:07:00,18:07:00,90,0,0,90
2023-07-10,Monday,Normal Weekday,Metro,6281,Werribee,Northern & Cross-City,D,Flinders Street,Laverton,Southern Cross,-37.81793643,144.9514112,0,2,18:10:40,18:11:00,80,10,90,160
2023-07-10,Monday,Normal Weekday,Metro,6281,Werribee,Northern & Cross-City,D,Flinders Street,Laverton,North Melbourne,-37.80630984,144.9415102,1680,3,18:13:40,18:14:00,20,20,160,160
2023-07-10,Monday,Normal Weekday,Metro,6281,Werribee,Northern & Cross-City,D,Flinders Street,Laverton,South Kensington,-37.79953087,144.925469,3492,4,18:15:40,18:16:00,0,10,160,150
2023-07-10,Monday,Normal Weekday,Metro,6281,Werribee,Northern & Cross-City,D,Flinders Street,Laverton,Footscray,-37.80108298,144.9031992,5623,5,18:18:40,18:19:00,10,20,150,140
2023-07-10,Monday,Normal Weekday,Metro,6281,Werribee,Northern & Cross-City,D,Flinders Street,Laverton,Seddon,-37.80900514,144.8956716,6618,6,18:20:40,18:21:00,0,20,140,110
2023-07-10,Monday,Normal Weekday,Metro,6281,Werribee,Northern & Cross-City,D,Flinders Street,Laverton,Yarraville,-37.81585044,144.8899337,7542,7,18:22:40,18:23:00,0,40,110,70
2023-07-10,Monday,Normal Weekday,Metro,6281,Werribee,Northern & Cross-City,D,Flinders Street,Laverton,Spotswood,-37.83063888,144.8859335,9220,8,18:24:40,18:25:00,0,10,70,70
2023-07-10,Monday,Normal Weekday,Metro,6281,Werribee,Northern & Cross-City,D,Flinders Street,Laverton,Newport,-37.84271757,144.8835999,10555,9,18:27:40,18:28:00,0,20,70,50
2023-07-10,Monday,Normal Weekday,Metro,6281,Werribee,Northern & Cross-City,D,Flinders Street,Laverton,Seaholme,-37.86784231,144.8409577,16127,10,18:34:40,18:35:00,0,10,50,40
2023-07-10,Monday,Normal Weekday,Metro,6281,Werribee,Northern & Cross-City,D,Flinders Street,Laverton,Altona,-37.8671476,144.8296447,17148,11,18:36:40,18:37:00,0,20,40,30
2023-07-10,Monday,Normal Weekday,Metro,6281,Werribee,Northern & Cross-City,D,Flinders Street,Laverton,Westona,-37.86516348,144.8134936,18533,12,18:39:40,18:40:00,0,20,30,10
2023-07-10,Monday,Normal Weekday,Metro,6281,Werribee,Northern & Cross-City,D,Flinders Street,Laverton,Laverton,-37.86369404,144.7726167,21005,13,18:44:00,18:44:00,0,10,10,0
2023-07-10,Monday,Normal Weekday,Metro,6282,Werribee,Northern & Cross-City,U,Laverton,Flinders Street,Laverton,-37.86369404,144.7726167,21005,1,19:16:00,19:16:00,0,0,0,0
2023-07-10,Monday,Normal Weekday,Metro,6282,Werribee,Northern & Cross-City,U,Laverton,Flinders Street,Westona,-37.86516348,144.8134936,18533,2,19:19:40,19:20:00,0,0,0,0
2023-07-10,Monday,Normal Weekday,Metro,6282,Werribee,Northern & Cross-City,U,Laverton,Flinders Street,Altona,-37.8671476,144.8296447,17148,3,19:21:40,19:22:00,0,0,0,0
2023-07-10,Monday,Normal Weekday,Metro,6282,Werribee,Northern & Cross-City,U,Laverton,Flinders Street,Seaholme,-37.86784231,144.8409577,16127,4,19:23:40,19:24:00,0,0,0,0
2023-07-10,Monday,Normal Weekday,Metro,6282,Werribee,Northern & Cross-City,U,Laverton,Flinders Street,Newport,-37.84271757,144.8835999,10555,5,19:31:40,19:32:00,0,0,0,0
2023-07-10,Monday,Normal Weekday,Metro,6282,Werribee,Northern & Cross-City,U,Laverton,Flinders Street,Spotswood,-37.83063888,144.8859335,9220,6,19:33:40,19:34:00,0,0,0,10
2023-07-10,Monday,Normal Weekday,Metro,6282,Werribee,Northern & Cross-City,U,Laverton,Flinders Street,Yarraville,-37.81585044,144.8899337,7542,7,19:35:40,19:36:00,0,0,10,10
2023-07-10,Monday,Normal Weekday,Metro,6282,Werribee,Northern & Cross-City,U,Laverton,Flinders Street,Seddon,-37.80900514,144.8956716,6618,8,19:37:40,19:38:00,0,0,10,10
2023-07-10,Monday,Normal Weekday,Metro,6282,Werribee,Northern & Cross-City,U,Laverton,Flinders Street,Footscray,-37.80108298,144.9031992,5623,9,19:39:40,19:40:00,10,0,10,20
2023-07-10,Monday,Normal Weekday,Metro,6282,Werribee,Northern & Cross-City,U,Laverton,Flinders Street,South Kensington,-37.79953087,144.925469,3492,10,19:42:40,19:43:00,0,0,20,20
2023-07-10,Monday,Normal Weekday,Metro,6282,Werribee,Northern & Cross-City,U,Laverton,Flinders Street,North Melbourne,-37.80630984,144.9415102,1680,11,19:45:40,19:46:00,0,0,20,20
2023-07-10,Monday,Normal Weekday,Metro,6282,Werribee,Northern & Cross-City,U,Laverton,Flinders Street,Southern Cross,-37.81793643,144.9514112,0,12,19:48:40,19:49:00,10,10,20,20
2023-07-10,Monday,Normal Weekday,Metro,6282,Werribee,Northern & Cross-City,U,Laverton,Flinders Street,Flinders Street,-37.81830513,144.9669643,1232,13,19:53:00,19:53:00,0,20,20,0
2023-07-10,Monday,Normal Weekday,Metro,6283,Werribee,Northern & Cross-City,D,Flinders Street,Laverton,Flinders Street,-37.81830513,144.9669643,1232,1,18:27:00,18:27:00,60,0,0,60
2023-07-10,Monday,Normal Weekday,Metro,6283,Werribee,Northern & Cross-City,D,Flinders Street,Laverton,Southern Cross,-37.81793643,144.9514112,0,2,18:30:40,18:31:00,60,0,60,120
2023-07-10,Monday,Normal Weekday,Metro,6283,Werribee,Northern & Cross-City,D,Flinders Street,Laverton,North Melbourne,-37.80630984,144.9415102,1680,3,18:33:40,18:34:00,20,10,120,120
2023-07-10,Monday,Normal Weekday,Metro,6283,Werribee,Northern & Cross-City,D,Flinders Street,Laverton,South Kensington,-37.79953087,144.925469,3492,4,18:35:40,18:36:00,0,10,120,120
2023-07-10,Monday,Normal Weekday,Metro,6283,Werribee,Northern & Cross-City,D,Flinders Street,Laverton,Footscray,-37.80108298,144.9031992,5623,5,18:38:40,18:39:00,0,20,120,100
2023-07-10,Monday,Normal Weekday,Metro,6283,Werribee,Northern & Cross-City,D,Flinders Street,Laverton,Seddon,-37.80900514,144.8956716,6618,6,18:40:40,18:41:00,0,10,100,90
2023-07-10,Monday,Normal Weekday,Metro,6283,Werribee,Northern & Cross-City,D,Flinders Street,Laverton,Yarraville,-37.81585044,144.8899337,7542,7,18:42:40,18:43:00,0,40,90,50
2023-07-10,Monday,Normal Weekday,Metro,6283,Werribee,Northern & Cross-City,D,Flinders Street,Laverton,Spotswood,-37.83063888,144.8859335,9220,8,18:44:40,18:45:00,0,0,50,50
2023-07-10,Monday,Normal Weekday,Metro,6283,Werribee,Northern & Cross-City,D,Flinders Street,Laverton,Newport,-37.84271757,144.8835999,10555,9,18:47:40,18:48:00,0,20,50,40
2023-07-10,Monday,Normal Weekday,Metro,6283,Werribee,Northern & Cross-City,D,Flinders Street,Laverton,Seaholme,-37.86784231,144.8409577,16127,10,18:54:40,18:55:00,0,10,40,30
2023-07-10,Monday,Normal Weekday,Metro,6283,Werribee,Northern & Cross-City,D,Flinders Street,Laverton,Altona,-37.8671476,144.8296447,17148,11,18:56:40,18:57:00,0,20,30,10
2023-07-10,Monday,Normal Weekday,Metro,6283,Werribee,Northern & Cross-City,D,Flinders Street,Laverton,Westona,-37.86516348,144.8134936,18533,12,18:59:40,19:00:00,0,10,10,0
2023-07-10,Monday,Normal Weekday,Metro,6283,Werribee,Northern & Cross-City,D,Flinders Street,Laverton,Laverton,-37.86369404,144.7726167,21005,13,19:04:00,19:04:00,0,0,0,0
2023-07-10,Monday,Normal Weekday,Metro,6284,Werribee,Northern & Cross-City,U,Laverton,Flinders Street,Laverton,-37.86369404,144.7726167,21005,1,19:36:00,19:36:00,0,0,0,0
2023-07-10,Monday,Normal Weekday,Metro,6284,Werribee,Northern & Cross-City,U,Laverton,Flinders Street,Westona,-37.86516348,144.8134936,18533,2,19:39:40,19:40:00,0,0,0,0
2023-07-10,Monday,Normal Weekday,Metro,6284,Werribee,Northern & Cross-City,U,Laverton,Flinders Street,Altona,-37.8671476,144.8296447,17148,3,19:41:40,19:42:00,0,0,0,0
2023-07-10,Monday,Normal Weekday,Metro,6284,Werribee,Northern & Cross-City,U,Laverton,Flinders Street,Seaholme,-37.86784231,144.8409577,16127,4,19:43:40,19:44:00,0,0,0,0
2023-07-10,Monday,Normal Weekday,Metro,6284,Werribee,Northern & Cross-City,U,Laverton,Flinders Street,Newport,-37.84271757,144.8835999,10555,5,19:51:40,19:52:00,0,0,0,10
2023-07-10,Monday,Normal Weekday,Metro,6284,Werribee,Northern & Cross-City,U,Laverton,Flinders Street,Spotswood,-37.83063888,144.8859335,9220,6,19:53:40,19:54:00,0,0,10,10
2023-07-10,Monday,Normal Weekday,Metro,6284,Werribee,Northern & Cross-City,U,Laverton,Flinders Street,Yarraville,-37.81585044,144.8899337,7542,7,19:55:40,19:56:00,0,0,10,0
2023-07-10,Monday,Normal Weekday,Metro,6284,Werribee,Northern & Cross-City,U,Laverton,Flinders Street,Seddon,-37.80900514,144.8956716,6618,8,19:57:40,19:58:00,0,0,0,0
2023-07-10,Monday,Normal Weekday,Metro,6284,Werribee,Northern & Cross-City,U,Laverton,Flinders Street,Footscray,-37.80108298,144.9031992,5623,9,19:59:40,20:00:00,10,0,0,10
2023-07-10,Monday,Normal Weekday,Metro,6284,Werribee,Northern & Cross-City,U,Laverton,Flinders Street,South Kensington,-37.79953087,144.925469,3492,10,20:02:40,20:03:00,0,0,10,10
2023-07-10,Monday,Normal Weekday,Metro,6284,Werribee,Northern & Cross-City,U,Laverton,Flinders Street,North Melbourne,-37.80630984,144.9415102,1680,11,20:05:40,20:06:00,0,0,10,10
2023-07-10,Monday,Normal Weekday,Metro,6284,Werribee,Northern & Cross-City,U,Laverton,Flinders Street,Southern Cross,-37.81793643,144.9514112,0,12,20:08:40,20:09:00,10,0,10,20
2023-07-10,Monday,Normal Weekday,Metro,6284,Werribee,Northern & Cross-City,U,Laverton,Flinders Street,Flinders Street,-37.81830513,144.9669643,1232,13,20:13:00,20:13:00,0,20,20,0
2023-07-10,Monday,Normal Weekday,Metro,6285,Werribee,Northern & Cross-City,D,Flinders Street,Laverton,Flinders Street,-37.81830513,144.9669643,1232,1,18:47:00,18:47:00,40,0,0,40
2023-07-10,Monday,Normal Weekday,Metro,6285,Werribee,Northern & Cross-City,D,Flinders Street,Laverton,Southern Cross,-37.81793643,144.9514112,0,2,18:50:40,18:51:00,40,10,40,70
2023-07-10,Monday,Normal Weekday,Metro,6285,Werribee,Northern & Cross-City,D,Flinders Street,Laverton,North Melbourne,-37.80630984,144.9415102,1680,3,18:53:40,18:54:00,0,10,70,60
2023-07-10,Monday,Normal Weekday,Metro,6285,Werribee,Northern & Cross-City,D,Flinders Street,Laverton,South Kensington,-37.79953087,144.925469,3492,4,18:55:40,18:56:00,0,10,60,60
2023-07-10,Monday,Normal Weekday,Metro,6285,Werribee,Northern & Cross-City,D,Flinders Street,Laverton,Footscray,-37.80108298,144.9031992,5623,5,18:58:40,18:59:00,0,10,60,50
2023-07-10,Monday,Normal Weekday,Metro,6285,Werribee,Northern & Cross-City,D,Flinders Street,Laverton,Seddon,-37.80900514,144.8956716,6618,6,19:00:40,19:01:00,0,10,50,40
2023-07-10,Monday,Normal Weekday,Metro,6285,Werribee,Northern & Cross-City,D,Flinders Street,Laverton,Yarraville,-37.81585044,144.8899337,7542,7,19:02:40,19:03:00,0,20,40,30
2023-07-10,Monday,Normal Weekday,Metro,6285,Werribee,Northern & Cross-City,D,Flinders Street,Laverton,Spotswood,-37.83063888,144.8859335,9220,8,19:04:40,19:05:00,0,0,30,20
2023-07-10,Monday,Normal Weekday,Metro,6285,Werribee,Northern & Cross-City,D,Flinders Street,Laverton,Newport,-37.84271757,144.8835999,10555,9,19:07:40,19:08:00,0,10,20,20
2023-07-10,Monday,Normal Weekday,Metro,6285,Werribee,Northern & Cross-City,D,Flinders Street,Laverton,Seaholme,-37.86784231,144.8409577,16127,10,19:14:40,19:15:00,0,10,20,10
2023-07-10,Monday,Normal Weekday,Metro,6285,Werribee,Northern & Cross-City,D,Flinders Street,Laverton,Altona,-37.8671476,144.8296447,17148,11,19:16:40,19:17:00,0,10,10,10
2023-07-10,Monday,Normal Weekday,Metro,6285,Werribee,Northern & Cross-City,D,Flinders Street,Laverton,Westona,-37.86516348,144.8134936,18533,12,19:19:40,19:20:00,0,0,10,0
2023-07-10,Monday,Normal Weekday,Metro,6285,Werribee,Northern & Cross-City,D,Flinders Street,Laverton,Laverton,-37.86369404,144.7726167,21005,13,19:24:00,19:24:00,0,0,0,0
2023-07-10,Monday,Normal Weekday,Metro,6400,Werribee,Northern & Cross-City,U,Werribee,Flinders Street,Werribee,-37.89937805,144.661118,31697,1,05:19:00,05:19:00,20,0,0,20
2023-07-10,Monday,Normal Weekday,Metro,6400,Werribee,Northern & Cross-City,U,Werribee,Flinders Street,Hoppers Crossing,-37.88327618,144.7009549,27665,2,05:21:40,05:22:00,10,0,20,40
2023-07-10,Monday,Normal Weekday,Metro,6400,Werribee,Northern & Cross-City,U,Werribee,Flinders Street,Williams Landing,-37.86986533,144.7474447,23200,3,05:24:40,05:25:00,30,0,40,70
2023-07-10,Monday,Normal Weekday,Metro,6400,Werribee,Northern & Cross-City,U,Werribee,Flinders Street,Aircraft,-37.86660595,144.7608094,22226,4,05:27:40,05:28:00,0,0,70,70
2023-07-10,Monday,Normal Weekday,Metro,6400,Werribee,Northern & Cross-City,U,Werribee,Flinders Street,Laverton,-37.86369404,144.7726167,21005,5,05:29:40,05:30:00,30,0,70,100
2023-07-10,Monday,Normal Weekday,Metro,6400,Werribee,Northern & Cross-City,U,Werribee,Flinders Street,Newport,-37.84271757,144.8835999,10555,6,05:38:40,05:39:00,0,10,100,90
2023-07-10,Monday,Normal Weekday,Metro,6400,Werribee,Northern & Cross-City,U,Werribee,Flinders Street,Footscray,-37.80108298,144.9031992,5623,7,05:44:40,05:45:00,10,0,90,90
2023-07-10,Monday,Normal Weekday,Metro,6400,Werribee,Northern & Cross-City,U,Werribee,Flinders Street,North Melbourne,-37.80630984,144.9415102,1680,8,05:49:40,05:50:00,10,10,90,90
2023-07-10,Monday,Normal Weekday,Metro,6400,Werribee,Northern & Cross-City,U,Werribee,Flinders Street,Southern Cross,-37.81793643,144.9514112,0,9,05:52:40,05:53:00,0,40,90,60
2023-07-10,Monday,Normal Weekday,Metro,6400,Werribee,Northern & Cross-City,U,Werribee,Flinders Street,Flinders Street,-37.81830513,144.9669643,1232,10,05:57:00,05:57:00,0,60,60,0
2023-07-10,Monday,Normal Weekday,Metro,6401,Werribee,Northern & Cross-City,D,Flinders Street,Werribee,Flinders Street,-37.81830513,144.9669643,1232,1,05:06:00,05:06:00,0,0,0,0
2023-07-10,Monday,Normal Weekday,Metro,6401,Werribee,Northern & Cross-City,D,Flinders Street,Werribee,Southern Cross,-37.81793643,144.9514112,0,2,05:08:40,05:09:00,0,0,0,10
2023-07-10,Monday,Normal Weekday,Metro,6401,Werribee,Northern & Cross-City,D,Flinders Street,Werribee,North Melbourne,-37.80630984,144.9415102,1680,3,05:11:40,05:12:00,10,0,10,10
2023-07-10,Monday,Normal Weekday,Metro,6401,Werribee,Northern & Cross-City,D,Flinders Street,Werribee,Footscray,-37.80108298,144.9031992,5623,4,05:16:40,05:17:00,10,0,10,20
2023-07-10,Monday,Normal Weekday,Metro,6401,Werribee,Northern & Cross-City,D,Flinders Street,Werribee,Newport,-37.84271757,144.8835999,10555,5,05:22:40,05:23:00,0,0,20,20
2023-07-10,Monday,Normal Weekday,Metro,6401,Werribee,Northern & Cross-City,D,Flinders Street,Werribee,Laverton,-37.86369404,144.7726167,21005,6,05:30:40,05:31:00,0,10,20,10
2023-07-10,Monday,Normal Weekday,Metro,6401,Werribee,Northern & Cross-City,D,Flinders Street,Werribee,Aircraft,-37.86660595,144.7608094,22226,7,05:31:40,05:32:00,0,0,10,10
2023-07-10,Monday,Normal Weekday,Metro,6401,Werribee,Northern & Cross-City,D,Flinders Street,Werribee,Williams Landing,-37.86986533,144.7474447,23200,8,05:33:40,05:34:00,0,10,10,10
2023-07-10,Monday,Normal Weekday,Metro,6401,Werribee,Northern & Cross-City,D,Flinders Street,Werribee,Hoppers Crossing,-37.88327618,144.7009549,27665,9,05:37:40,05:38:00,0,0,10,0
2023-07-10,Monday,Normal Weekday,Metro,6401,Werribee,Northern & Cross-City,D,Flinders Street,Werribee,Werribee,-37.89937805,144.661118,31697,10,05:43:00,05:43:00,0,0,0,0
2023-07-10,Monday,Normal Weekday,Metro,6402,Werribee,Northern & Cross-City,U,Werribee,Flinders Street,Werribee,-37.89937805,144.661118,31697,1,05:39:00,05:39:00,40,0,0,40
2023-07-10,Monday,Normal Weekday,Metro,6402,Werribee,Northern & Cross-City,U,Werribee,Flinders Street,Hoppers Crossing,-37.88327618,144.7009549,27665,2,05:41:40,05:42:00,40,0,40,90
2023-07-10,Monday,Normal Weekday,Metro,6402,Werribee,Northern & Cross-City,U,Werribee,Flinders Street,Williams Landing,-37.86986533,144.7474447,23200,3,05:44:40,05:45:00,50,0,80,130
2023-07-10,Monday,Normal Weekday,Metro,6402,Werribee,Northern & Cross-City,U,Werribee,Flinders Street,Aircraft,-37.86660595,144.7608094,22226,4,05:47:40,05:48:00,10,0,130,140
2023-07-10,Monday,Normal Weekday,Metro,6402,Werribee,Northern & Cross-City,U,Werribee,Flinders Street,Laverton,-37.86369404,144.7726167,21005,5,05:49:40,05:50:00,20,10,140,160
2023-07-10,Monday,Normal Weekday,Metro,6402,Werribee,Northern & Cross-City,U,Werribee,Flinders Street,Newport,-37.84271757,144.8835999,10555,6,05:58:40,05:59:00,0,10,160,160
2023-07-10,Monday,Normal Weekday,Metro,6402,Werribee,Northern & Cross-City,U,Werribee,Flinders Street,Footscray,-37.80108298,144.9031992,5623,7,06:04:40,06:05:00,20,10,160,160
2023-07-10,Monday,Normal Weekday,Metro,6402,Werribee,Northern & Cross-City,U,Werribee,Flinders Street,North Melbourne,-37.80630984,144.9415102,1680,8,06:09:40,06:10:00,0,20,160,140
2023-07-10,Monday,Normal Weekday,Metro,6402,Werribee,Northern & Cross-City,U,Werribee,Flinders Street,Southern Cross,-37.81793643,144.9514112,0,9,06:13:40,06:14:00,0,60,140,80
2023-07-10,Monday,Normal Weekday,Metro,6402,Werribee,Northern & Cross-City,U,Werribee,Flinders Street,Flinders Street,-37.81830513,144.9669643,1232,10,06:18:00,06:18:00,0,80,80,0
2023-07-10,Monday,Normal Weekday,Metro,6403,Werribee,Northern & Cross-City,D,Flinders Street,Werribee,Flinders Street,-37.81830513,144.9669643,1232,1,05:26:00,05:26:00,0,0,0,0
2023-07-10,Monday,Normal Weekday,Metro,6403,Werribee,Northern & Cross-City,D,Flinders Street,Werribee,Southern Cross,-37.81793643,144.9514112,0,2,05:28:40,05:29:00,0,0,0,10
2023-07-10,Monday,Normal Weekday,Metro,6403,Werribee,Northern & Cross-City,D,Flinders Street,Werribee,North Melbourne,-37.80630984,144.9415102,1680,3,05:31:40,05:32:00,10,0,10,10
2023-07-10,Monday,Normal Weekday,Metro,6403,Werribee,Northern & Cross-City,D,Flinders Street,Werribee,Footscray,-37.80108298,144.9031992,5623,4,05:36:40,05:37:00,0,0,10,10
2023-07-10,Monday,Normal Weekday,Metro,6403,Werribee,Northern & Cross-City,D,Flinders Street,Werribee,Newport,-37.84271757,144.8835999,10555,5,05:42:40,05:43:00,0,0,10,10
2023-07-10,Monday,Normal Weekday,Metro,6403,Werribee,Northern & Cross-City,D,Flinders Street,Werribee,Laverton,-37.86369404,144.7726167,21005,6,05:50:40,05:51:00,0,0,10,10
2023-07-10,Monday,Normal Weekday,Metro,6403,Werribee,Northern & Cross-City,D,Flinders Street,Werribee,Aircraft,-37.86660595,144.7608094,22226,7,05:51:40,05:52:00,0,0,10,10
2023-07-10,Monday,Normal Weekday,Metro,6403,Werribee,Northern & Cross-City,D,Flinders Street,Werribee,Williams Landing,-37.86986533,144.7474447,23200,8,05:53:40,05:54:00,0,10,10,10
2023-07-10,Monday,Normal Weekday,Metro,6403,Werribee,Northern & Cross-City,D,Flinders Street,Werribee,Hoppers Crossing,-37.88327618,144.7009549,27665,9,05:57:40,05:58:00,0,0,10,0
2023-07-10,Monday,Normal Weekday,Metro,6403,Werribee,Northern & Cross-City,D,Flinders Street,Werribee,Werribee,-37.89937805,144.661118,31697,10,06:03:00,06:03:00,0,0,0,0
2023-07-10,Monday,Normal Weekday,Metro,6404,Werribee,Northern & Cross-City,U,Werribee,Flinders Street,Werribee,-37.89937805,144.661118,31697,1,05:59:00,05:59:00,80,0,0,80
2023-07-10,Monday,Normal Weekday,Metro,6404,Werribee,Northern & Cross-City,U,Werribee,Flinders Street,Hoppers Crossing,-37.88327618,144.7009549,27665,2,06:01:40,06:02:00,50,0,80,130
2023-07-10,Monday,Normal Weekday,Metro,6404,Werribee,Northern & Cross-City,U,Werribee,Flinders Street,Williams Landing,-37.86986533,144.7474447,23200,3,06:04:40,06:05:00,70,0,130,200
2023-07-10,Monday,Normal Weekday,Metro,6404,Werribee,Northern & Cross-City,U,Werribee,Flinders Street,Aircraft,-37.86660595,144.7608094,22226,4,06:07:40,06:08:00,10,0,200,210
2023-07-10,Monday,Normal Weekday,Metro,6404,Werribee,Northern & Cross-City,U,Werribee,Flinders Street,Laverton,-37.86369404,144.7726167,21005,5,06:09:40,06:10:00,50,20,210,240
2023-07-10,Monday,Normal Weekday,Metro,6404,Werribee,Northern & Cross-City,U,Werribee,Flinders Street,Newport,-37.84271757,144.8835999,10555,6,06:19:00,06:21:00,10,20,240,230
2023-07-10,Monday,Normal Weekday,Metro,6404,Werribee,Northern & Cross-City,U,Werribee,Flinders Street,Footscray,-37.80108298,144.9031992,5623,7,06:26:40,06:27:00,10,10,230,230
2023-07-10,Monday,Normal Weekday,Metro,6404,Werribee,Northern & Cross-City,U,Werribee,Flinders Street,North Melbourne,-37.80630984,144.9415102,1680,8,06:31:40,06:32:00,0,50,230,180
2023-07-10,Monday,Normal Weekday,Metro,6404,Werribee,Northern & Cross-City,U,Werribee,Flinders Street,Southern Cross,-37.81793643,144.9514112,0,9,06:35:40,06:36:00,10,80,180,100
2023-07-10,Monday,Normal Weekday,Metro,6404,Werribee,Northern & Cross-City,U,Werribee,Flinders Street,Flinders Street,-37.81830513,144.9669643,1232,10,06:40:00,06:40:00,0,100,100,0
2023-07-10,Monday,Normal Weekday,Metro,6405,Werribee,Northern & Cross-City,D,Flinders Street,Werribee,Flinders Street,-37.81830513,144.9669643,1232,1,05:46:00,05:46:00,0,0,0,0
2023-07-10,Monday,Normal Weekday,Metro,6405,Werribee,Northern & Cross-City,D,Flinders Street,Werribee,Southern Cross,-37.81793643,144.9514112,0,2,05:48:40,05:49:00,0,0,0,10
2023-07-10,Monday,Normal Weekday,Metro,6405,Werribee,Northern & Cross-City,D,Flinders Street,Werribee,North Melbourne,-37.80630984,144.9415102,1680,3,05:51:40,05:52:00,10,0,10,10
2023-07-10,Monday,Normal Weekday,Metro,6405,Werribee,Northern & Cross-City,D,Flinders Street,Werribee,Footscray,-37.80108298,144.9031992,5623,4,05:56:40,05:57:00,0,0,10,20
2023-07-10,Monday,Normal Weekday,Metro,6405,Werribee,Northern & Cross-City,D,Flinders Street,Werribee,Newport,-37.84271757,144.8835999,10555,5,06:02:40,06:03:00,0,0,20,20
2023-07-10,Monday,Normal Weekday,Metro,6405,Werribee,Northern & Cross-City,D,Flinders Street,Werribee,Laverton,-37.86369404,144.7726167,21005,6,06:10:40,06:11:00,0,10,20,10
2023-07-10,Monday,Normal Weekday,Metro,6405,Werribee,Northern & Cross-City,D,Flinders Street,Werribee,Aircraft,-37.86660595,144.7608094,22226,7,06:11:40,06:12:00,0,0,10,10
2023-07-10,Monday,Normal Weekday,Metro,6405,Werribee,Northern & Cross-City,D,Flinders Street,Werribee,Williams Landing,-37.86986533,144.7474447,23200,8,06:13:40,06:14:00,0,0,10,10
2023-07-10,Monday,Normal Weekday,Metro,6405,Werribee,Northern & Cross-City,D,Flinders Street,Werribee,Hoppers Crossing,-37.88327618,144.7009549,27665,9,06:17:40,06:18:00,0,10,10,10
2023-07-10,Monday,Normal Weekday,Metro,6405,Werribee,Northern & Cross-City,D,Flinders Street,Werribee,Werribee,-37.89937805,144.661118,31697,10,06:23:00,06:23:00,0,10,10,0
2023-07-10,Monday,Normal Weekday,Metro,6406,Werribee,Northern & Cross-City,U,Werribee,Flinders Street,Werribee,-37.89937805,144.661118,31697,1,06:19:00,06:19:00,100,0,0,100
2023-07-10,Monday,Normal Weekday,Metro,6406,Werribee,Northern & Cross-City,U,Werribee,Flinders Street,Hoppers Crossing,-37.88327618,144.7009549,27665,2,06:21:40,06:22:00,60,0,100,150
2023-07-10,Monday,Normal Weekday,Metro,6406,Werribee,Northern & Cross-City,U,Werribee,Flinders Street,Williams Landing,-37.86986533,144.7474447,23200,3,06:24:40,06:25:00,80,0,150,230
2023-07-10,Monday,Normal Weekday,Metro,6406,Werribee,Northern & Cross-City,U,Werribee,Flinders Street,Aircraft,-37.86660595,144.7608094,22226,4,06:27:40,06:28:00,20,0,230,250
2023-07-10,Monday,Normal Weekday,Metro,6406,Werribee,Northern & Cross-City,U,Werribee,Flinders Street,Laverton,-37.86369404,144.7726167,21005,5,06:29:40,06:30:00,40,10,250,280
2023-07-10,Monday,Normal Weekday,Metro,6406,Werribee,Northern & Cross-City,U,Werribee,Flinders Street,Newport,-37.84271757,144.8835999,10555,6,06:39:00,06:41:00,30,10,280,300
2023-07-10,Monday,Normal Weekday,Metro,6406,Werribee,Northern & Cross-City,U,Werribee,Flinders Street,Footscray,-37.80108298,144.9031992,5623,7,06:46:40,06:47:00,10,20,300,290
2023-07-10,Monday,Normal Weekday,Metro,6406,Werribee,Northern & Cross-City,U,Werribee,Flinders Street,North Melbourne,-37.80630984,144.9415102,1680,8,06:51:40,06:52:00,0,60,290,230
2023-07-10,Monday,Normal Weekday,Metro,6406,Werribee,Northern & Cross-City,U,Werribee,Flinders Street,Southern Cross,-37.81793643,144.9514112,0,9,06:55:40,06:56:00,10,120,230,120
2023-07-10,Monday,Normal Weekday,Metro,6406,Werribee,Northern & Cross-City,U,Werribee,Flinders Street,Flinders Street,-37.81830513,144.9669643,1232,10,07:00:00,07:00:00,0,120,120,0
2023-07-10,Monday,Normal Weekday,Metro,6407,Werribee,Northern & Cross-City,D,Flinders Street,Werribee,Flinders Street,-37.81830513,144.9669643,1232,1,06:06:00,06:06:00,10,0,0,10
2023-07-10,Monday,Normal Weekday,Metro,6407,Werribee,Northern & Cross-City,D,Flinders Street,Werribee,Southern Cross,-37.81793643,144.9514112,0,2,06:08:40,06:09:00,10,0,10,20
2023-07-10,Monday,Normal Weekday,Metro,6407,Werribee,Northern & Cross-City,D,Flinders Street,Werribee,North Melbourne,-37.80630984,144.9415102,1680,3,06:11:40,06:12:00,10,0,20,30
2023-07-10,Monday,Normal Weekday,Metro,6407,Werribee,Northern & Cross-City,D,Flinders Street,Werribee,Footscray,-37.80108298,144.9031992,5623,4,06:16:40,06:17:00,10,0,30,40
2023-07-10,Monday,Normal Weekday,Metro,6407,Werribee,Northern & Cross-City,D,Flinders Street,Werribee,Newport,-37.84271757,144.8835999,10555,5,06:22:40,06:23:00,10,10,40,30
2023-07-10,Monday,Normal Weekday,Metro,6407,Werribee,Northern & Cross-City,D,Flinders Street,Werribee,Laverton,-37.86369404,144.7726167,21005,6,06:30:40,06:31:00,10,10,30,30
2023-07-10,Monday,Normal Weekday,Metro,6407,Werribee,Northern & Cross-City,D,Flinders Street,Werribee,Aircraft,-37.86660595,144.7608094,22226,7,06:31:40,06:32:00,0,10,30,30
2023-07-10,Monday,Normal Weekday,Metro,6407,Werribee,Northern & Cross-City,D,Flinders Street,Werribee,Williams Landing,-37.86986533,144.7474447,23200,8,06:33:40,06:34:00,0,10,30,20
2023-07-10,Monday,Normal Weekday,Metro,6407,Werribee,Northern & Cross-City,D,Flinders Street,Werribee,Hoppers Crossing,-37.88327618,144.7009549,27665,9,06:37:40,06:38:00,0,10,20,10
2023-07-10,Monday,Normal Weekday,Metro,6407,Werribee,Northern & Cross-City,D,Flinders Street,Werribee,Werribee,-37.89937805,144.661118,31697,10,06:43:00,06:43:00,0,10,10,0
2023-07-10,Monday,Normal Weekday,Metro,6408,Werribee,Northern & Cross-City,U,Werribee,Flinders Street,Werribee,-37.89937805,144.661118,31697,1,06:29:00,06:29:00,60,0,0,60
2023-07-10,Monday,Normal Weekday,Metro,6408,Werribee,Northern & Cross-City,U,Werribee,Flinders Street,Hoppers Crossing,-37.88327618,144.7009549,27665,2,06:31:40,06:32:00,40,0,60,110
2023-07-10,Monday,Normal Weekday,Metro,6408,Werribee,Northern & Cross-City,U,Werribee,Flinders Street,Williams Landing,-37.86986533,144.7474447,23200,3,06:34:40,06:35:00,80,0,110,180
2023-07-10,Monday,Normal Weekday,Metro,6408,Werribee,Northern & Cross-City,U,Werribee,Flinders Street,Aircraft,-37.86660595,144.7608094,22226,4,06:37:40,06:38:00,30,0,180,220
2023-07-10,Monday,Normal Weekday,Metro,6408,Werribee,Northern & Cross-City,U,Werribee,Flinders Street,Laverton,-37.86369404,144.7726167,21005,5,06:39:40,06:40:00,40,0,220,250
2023-07-10,Monday,Normal Weekday,Metro,6408,Werribee,Northern & Cross-City,U,Werribee,Flinders Street,Newport,-37.84271757,144.8835999,10555,6,06:48:40,06:49:00,20,10,250,260
2023-07-10,Monday,Normal Weekday,Metro,6408,Werribee,Northern & Cross-City,U,Werribee,Flinders Street,Footscray,-37.80108298,144.9031992,5623,7,06:54:40,06:55:00,20,10,260,270
2023-07-10,Monday,Normal Weekday,Metro,6408,Werribee,Northern & Cross-City,U,Werribee,Flinders Street,North Melbourne,-37.80630984,144.9415102,1680,8,06:59:40,07:00:00,10,30,270,240
2023-07-10,Monday,Normal Weekday,Metro,6408,Werribee,Northern & Cross-City,U,Werribee,Flinders Street,Southern Cross,-37.81793643,144.9514112,0,9,07:03:40,07:04:00,10,130,240,120
2023-07-10,Monday,Normal Weekday,Metro,6408,Werribee,Northern & Cross-City,U,Werribee,Flinders Street,Flinders Street,-37.81830513,144.9669643,1232,10,07:08:00,07:08:00,0,120,120,0
2023-07-10,Monday,Normal Weekday,Metro,6409,Werribee,Northern & Cross-City,D,Flinders Street,Werribee,Flinders Street,-37.81830513,144.9669643,1232,1,06:25:00,06:25:00,10,0,0,10
2023-07-10,Monday,Normal Weekday,Metro,6409,Werribee,Northern & Cross-City,D,Flinders Street,Werribee,Southern Cross,-37.81793643,144.9514112,0,2,06:28:40,06:29:00,10,0,10,20
2023-07-10,Monday,Normal Weekday,Metro,6409,Werribee,Northern & Cross-City,D,Flinders Street,Werribee,North Melbourne,-37.80630984,144.9415102,1680,3,06:31:40,06:32:00,10,0,20,30
2023-07-10,Monday,Normal Weekday,Metro,6409,Werribee,Northern & Cross-City,D,Flinders Street,Werribee,Footscray,-37.80108298,144.9031992,5623,4,06:36:40,06:37:00,10,10,30,40
2023-07-10,Monday,Normal Weekday,Metro,6409,Werribee,Northern & Cross-City,D,Flinders Street,Werribee,Newport,-37.84271757,144.8835999,10555,5,06:43:40,06:44:00,10,10,40,40
2023-07-10,Monday,Normal Weekday,Metro,6409,Werribee,Northern & Cross-City,D,Flinders Street,Werribee,Laverton,-37.86369404,144.7726167,21005,6,06:51:40,06:52:00,10,10,40,40
2023-07-10,Monday,Normal Weekday,Metro,6409,Werribee,Northern & Cross-City,D,Flinders Street,Werribee,Aircraft,-37.86660595,144.7608094,22226,7,06:52:40,06:53:00,0,0,40,40
2023-07-10,Monday,Normal Weekday,Metro,6409,Werribee,Northern & Cross-City,D,Flinders Street,Werribee,Williams Landing,-37.86986533,144.7474447,23200,8,06:55:40,06:56:00,0,10,40,30
2023-07-10,Monday,Normal Weekday,Metro,6409,Werribee,Northern & Cross-City,D,Flinders Street,Werribee,Hoppers Crossing,-37.88327618,144.7009549,27665,9,06:59:40,07:00:00,0,10,30,20
2023-07-10,Monday,Normal Weekday,Metro,6409,Werribee,Northern & Cross-City,D,Flinders Street,Werribee,Werribee,-37.89937805,144.661118,31697,10,07:05:00,07:05:00,0,20,20,0
2023-07-10,Monday,Normal Weekday,Metro,6410,Werribee,Northern & Cross-City,U,Werribee,Flinders Street,Werribee,-37.89937805,144.661118,31697,1,06:39:00,06:39:00,60,0,0,60
2023-07-10,Monday,Normal Weekday,Metro,6410,Werribee,Northern & Cross-City,U,Werribee,Flinders Street,Hoppers Crossing,-37.88327618,144.7009549,27665,2,06:41:40,06:42:00,50,0,60,100
2023-07-10,Monday,Normal Weekday,Metro,6410,Werribee,Northern & Cross-City,U,Werribee,Flinders Street,Williams Landing,-37.86986533,144.7474447,23200,3,06:44:40,06:45:00,80,0,100,180
2023-07-10,Monday,Normal Weekday,Metro,6410,Werribee,Northern & Cross-City,U,Werribee,Flinders Street,Aircraft,-37.86660595,144.7608094,22226,4,06:47:40,06:48:00,20,0,180,200
2023-07-10,Monday,Normal Weekday,Metro,6410,Werribee,Northern & Cross-City,U,Werribee,Flinders Street,Laverton,-37.86369404,144.7726167,21005,5,06:49:40,06:50:00,40,10,200,230
2023-07-10,Monday,Normal Weekday,Metro,6410,Werribee,Northern & Cross-City,U,Werribee,Flinders Street,Newport,-37.84271757,144.8835999,10555,6,06:58:40,06:59:00,20,10,230,250
2023-07-10,Monday,Normal Weekday,Metro,6410,Werribee,Northern & Cross-City,U,Werribee,Flinders Street,Footscray,-37.80108298,144.9031992,5623,7,07:04:40,07:05:00,30,10,250,270
2023-07-10,Monday,Normal Weekday,Metro,6410,Werribee,Northern & Cross-City,U,Werribee,Flinders Street,North Melbourne,-37.80630984,144.9415102,1680,8,07:09:40,07:10:00,0,30,270,240
2023-07-10,Monday,Normal Weekday,Metro,6410,Werribee,Northern & Cross-City,U,Werribee,Flinders Street,Southern Cross,-37.81793643,144.9514112,0,9,07:13:40,07:14:00,10,120,240,120
2023-07-10,Monday,Normal Weekday,Metro,6410,Werribee,Northern & Cross-City,U,Werribee,Flinders Street,Flinders Street,-37.81830513,144.9669643,1232,10,07:18:00,07:18:00,0,130,130,0
2023-07-10,Monday,Normal Weekday,Metro,6411,Werribee,Northern & Cross-City,D,Flinders Street,Werribee,Flinders Street,-37.81830513,144.9669643,1232,1,06:45:00,06:45:00,40,0,0,40
2023-07-10,Monday,Normal Weekday,Metro,6411,Werribee,Northern & Cross-City,D,Flinders Street,Werribee,Southern Cross,-37.81793643,144.9514112,0,2,06:48:40,06:49:00,10,20,40,40
2023-07-10,Monday,Normal Weekday,Metro,6411,Werribee,Northern & Cross-City,D,Flinders Street,Werribee,North Melbourne,-37.80630984,144.9415102,1680,3,06:51:40,06:52:00,10,0,40,50
2023-07-10,Monday,Normal Weekday,Metro,6411,Werribee,Northern & Cross-City,D,Flinders Street,Werribee,Footscray,-37.80108298,144.9031992,5623,4,06:56:40,06:57:00,20,0,50,60
2023-07-10,Monday,Normal Weekday,Metro,6411,Werribee,Northern & Cross-City,D,Flinders Street,Werribee,Newport,-37.84271757,144.8835999,10555,5,07:03:40,07:04:00,10,0,60,70
2023-07-10,Monday,Normal Weekday,Metro,6411,Werribee,Northern & Cross-City,D,Flinders Street,Werribee,Laverton,-37.86369404,144.7726167,21005,6,07:11:40,07:12:00,0,20,70,60
2023-07-10,Monday,Normal Weekday,Metro,6411,Werribee,Northern & Cross-City,D,Flinders Street,Werribee,Aircraft,-37.86660595,144.7608094,22226,7,07:12:40,07:13:00,0,10,60,50
2023-07-10,Monday,Normal Weekday,Metro,6411,Werribee,Northern & Cross-City,D,Flinders Street,Werribee,Williams Landing,-37.86986533,144.7474447,23200,8,07:15:40,07:16:00,0,10,50,50
2023-07-10,Monday,Normal Weekday,Metro,6411,Werribee,Northern & Cross-City,D,Flinders Street,Werribee,Hoppers Crossing,-37.88327618,144.7009549,27665,9,07:19:40,07:20:00,0,30,50,20
2023-07-10,Monday,Normal Weekday,Metro,6411,Werribee,Northern & Cross-City,D,Flinders Street,Werribee,Werribee,-37.89937805,144.661118,31697,10,07:25:00,07:25:00,0,20,20,0
2023-07-10,Monday,Normal Weekday,Metro,6412,Werribee,Northern & Cross-City,U,Werribee,Flinders Street,Werribee,-37.89937805,144.661118,31697,1,06:49:00,06:49:00,80,0,0,80
2023-07-10,Monday,Normal Weekday,Metro,6412,Werribee,Northern & Cross-City,U,Werribee,Flinders Street,Hoppers Crossing,-37.88327618,144.7009549,27665,2,06:51:40,06:52:00,70,0,80,150
2023-07-10,Monday,Normal Weekday,Metro,6412,Werribee,Northern & Cross-City,U,Werribee,Flinders Street,Williams Landing,-37.86986533,144.7474447,23200,3,06:54:40,06:55:00,80,0,150,230
2023-07-10,Monday,Normal Weekday,Metro,6412,Werribee,Northern & Cross-City,U,Werribee,Flinders Street,Aircraft,-37.86660595,144.7608094,22226,4,06:57:40,06:58:00,20,0,230,240
2023-07-10,Monday,Normal Weekday,Metro,6412,Werribee,Northern & Cross-City,U,Werribee,Flinders Street,Laverton,-37.86369404,144.7726167,21005,5,06:59:40,07:00:00,40,10,240,270
2023-07-10,Monday,Normal Weekday,Metro,6412,Werribee,Northern & Cross-City,U,Werribee,Flinders Street,Newport,-37.84271757,144.8835999,10555,6,07:09:00,07:10:00,40,10,270,300
2023-07-10,Monday,Normal Weekday,Metro,6412,Werribee,Northern & Cross-City,U,Werribee,Flinders Street,Footscray,-37.80108298,144.9031992,5623,7,07:15:40,07:16:00,30,10,300,320
2023-07-10,Monday,Normal Weekday,Metro,6412,Werribee,Northern & Cross-City,U,Werribee,Flinders Street,North Melbourne,-37.80630984,144.9415102,1680,8,07:20:40,07:21:00,0,50,320,270
2023-07-10,Monday,Normal Weekday,Metro,6412,Werribee,Northern & Cross-City,U,Werribee,Flinders Street,Southern Cross,-37.81793643,144.9514112,0,9,07:24:40,07:25:00,30,130,270,160
2023-07-10,Monday,Normal Weekday,Metro,6412,Werribee,Northern & Cross-City,U,Werribee,Flinders Street,Flinders Street,-37.81830513,144.9669643,1232,10,07:29:00,07:29:00,0,160,160,0
2023-07-10,Monday,Normal Weekday,Metro,6413,Werribee,Northern & Cross-City,D,Flinders Street,Werribee,Flinders Street,-37.81830513,144.9669643,1232,1,07:05:00,07:05:00,60,0,0,60
2023-07-10,Monday,Normal Weekday,Metro,6413,Werribee,Northern & Cross-City,D,Flinders Street,Werribee,Southern Cross,-37.81793643,144.9514112,0,2,07:08:40,07:09:00,20,40,60,40
2023-07-10,Monday,Normal Weekday,Metro,6413,Werribee,Northern & Cross-City,D,Flinders Street,Werribee,North Melbourne,-37.80630984,144.9415102,1680,3,07:11:40,07:12:00,10,0,40,50
2023-07-10,Monday,Normal Weekday,Metro,6413,Werribee,Northern & Cross-City,D,Flinders Street,Werribee,Footscray,-37.80108298,144.9031992,5623,4,07:16:40,07:17:00,20,0,50,70
2023-07-10,Monday,Normal Weekday,Metro,6413,Werribee,Northern & Cross-City,D,Flinders Street,Werribee,Newport,-37.84271757,144.8835999,10555,5,07:23:40,07:24:00,20,0,70,80
2023-07-10,Monday,Normal Weekday,Metro,6413,Werribee,Northern & Cross-City,D,Flinders Street,Werribee,Laverton,-37.86369404,144.7726167,21005,6,07:31:40,07:32:00,10,10,80,80
2023-07-10,Monday,Normal Weekday,Metro,6413,Werribee,Northern & Cross-City,D,Flinders Street,Werribee,Aircraft,-37.86660595,144.7608094,22226,7,07:32:40,07:33:00,0,10,80,80
2023-07-10,Monday,Normal Weekday,Metro,6413,Werribee,Northern & Cross-City,D,Flinders Street,Werribee,Williams Landing,-37.86986533,144.7474447,23200,8,07:35:40,07:36:00,10,10,80,70
2023-07-10,Monday,Normal Weekday,Metro,6413,Werribee,Northern & Cross-City,D,Flinders Street,Werribee,Hoppers Crossing,-37.88327618,144.7009549,27665,9,07:39:40,07:40:00,10,50,70,30
2023-07-10,Monday,Normal Weekday,Metro,6413,Werribee,Northern & Cross-City,D,Flinders Street,Werribee,Werribee,-37.89937805,144.661118,31697,10,07:45:00,07:45:00,0,30,30,0
2023-07-10,Monday,Normal Weekday,Metro,6414,Werribee,Northern & Cross-City,U,Werribee,Flinders Street,Werribee,-37.89937805,144.661118,31697,1,06:59:00,06:59:00,130,0,0,130
2023-07-10,Monday,Normal Weekday,Metro,6414,Werribee,Northern & Cross-City,U,Werribee,Flinders Street,Hoppers Crossing,-37.88327618,144.7009549,27665,2,07:01:40,07:02:00,80,0,130,210
2023-07-10,Monday,Normal Weekday,Metro,6414,Werribee,Northern & Cross-City,U,Werribee,Flinders Street,Williams Landing,-37.86986533,144.7474447,23200,3,07:04:40,07:05:00,140,0,210,340
2023-07-10,Monday,Normal Weekday,Metro,6414,Werribee,Northern & Cross-City,U,Werribee,Flinders Street,Aircraft,-37.86660595,144.7608094,22226,4,07:07:40,07:08:00,30,0,350,370
2023-07-10,Monday,Normal Weekday,Metro,6414,Werribee,Northern & Cross-City,U,Werribee,Flinders Street,Laverton,-37.86369404,144.7726167,21005,5,07:09:40,07:10:00,50,10,370,420
2023-07-10,Monday,Normal Weekday,Metro,6414,Werribee,Northern & Cross-City,U,Werribee,Flinders Street,Newport,-37.84271757,144.8835999,10555,6,07:19:00,07:20:00,40,10,420,440
2023-07-10,Monday,Normal Weekday,Metro,6414,Werribee,Northern & Cross-City,U,Werribee,Flinders Street,Footscray,-37.80108298,144.9031992,5623,7,07:25:40,07:26:00,40,30,440,450
2023-07-10,Monday,Normal Weekday,Metro,6414,Werribee,Northern & Cross-City,U,Werribee,Flinders Street,North Melbourne,-37.80630984,144.9415102,1680,8,07:30:40,07:31:00,10,60,450,400
2023-07-10,Monday,Normal Weekday,Metro,6414,Werribee,Northern & Cross-City,U,Werribee,Flinders Street,Southern Cross,-37.81793643,144.9514112,0,9,07:34:40,07:35:00,10,200,400,210
2023-07-10,Monday,Normal Weekday,Metro,6414,Werribee,Northern & Cross-City,U,Werribee,Flinders Street,Flinders Street,-37.81830513,144.9669643,1232,10,07:39:00,07:39:00,0,210,210,0
2023-07-10,Monday,Normal Weekday,Metro,6415,Werribee,Northern & Cross-City,D,Flinders Street,Werribee,Flinders Street,-37.81830513,144.9669643,1232,1,07:24:00,07:24:00,40,0,0,40
2023-07-10,Monday,Normal Weekday,Metro,6415,Werribee,Northern & Cross-City,D,Flinders Street,Werribee,Southern Cross,-37.81793643,144.9514112,0,2,07:27:40,07:28:00,40,20,40,60
2023-07-10,Monday,Normal Weekday,Metro,6415,Werribee,Northern & Cross-City,D,Flinders Street,Werribee,North Melbourne,-37.80630984,144.9415102,1680,3,07:30:40,07:31:00,10,10,60,60
2023-07-10,Monday,Normal Weekday,Metro,6415,Werribee,Northern & Cross-City,D,Flinders Street,Werribee,Footscray,-37.80108298,144.9031992,5623,4,07:35:40,07:36:00,30,0,60,90
2023-07-10,Monday,Normal Weekday,Metro,6415,Werribee,Northern & Cross-City,D,Flinders Street,Werribee,Newport,-37.84271757,144.8835999,10555,5,07:42:40,07:43:00,40,0,90,130
2023-07-10,Monday,Normal Weekday,Metro,6415,Werribee,Northern & Cross-City,D,Flinders Street,Werribee,Laverton,-37.86369404,144.7726167,21005,6,07:50:40,07:51:00,10,40,130,110
2023-07-10,Monday,Normal Weekday,Metro,6415,Werribee,Northern & Cross-City,D,Flinders Street,Werribee,Aircraft,-37.86660595,144.7608094,22226,7,07:51:40,07:52:00,0,10,110,100
2023-07-10,Monday,Normal Weekday,Metro,6415,Werribee,Northern & Cross-City,D,Flinders Street,Werribee,Williams Landing,-37.86986533,144.7474447,23200,8,07:54:40,07:55:00,10,10,100,100
2023-07-10,Monday,Normal Weekday,Metro,6415,Werribee,Northern & Cross-City,D,Flinders Street,Werribee,Hoppers Crossing,-37.88327618,144.7009549,27665,9,07:58:40,07:59:00,10,60,100,40
2023-07-10,Monday,Normal Weekday,Metro,6415,Werribee,Northern & Cross-City,D,Flinders Street,Werribee,Werribee,-37.89937805,144.661118,31697,10,08:04:00,08:04:00,0,40,40,0
2023-07-10,Monday,Normal Weekday,Metro,6416,Werribee,Northern & Cross-City,U,Werribee,Flinders Street,Werribee,-37.89937805,144.661118,31697,1,07:09:00,07:09:00,140,0,0,140
2023-07-10,Monday,Normal Weekday,Metro,6416,Werribee,Northern & Cross-City,U,Werribee,Flinders Street,Hoppers Crossing,-37.88327618,144.7009549,27665,2,07:11:40,07:12:00,90,0,140,230
2023-07-10,Monday,Normal Weekday,Metro,6416,Werribee,Northern & Cross-City,U,Werribee,Flinders Street,Williams Landing,-37.86986533,144.7474447,23200,3,07:14:40,07:15:00,160,0,230,390
2023-07-10,Monday,Normal Weekday,Metro,6416,Werribee,Northern & Cross-City,U,Werribee,Flinders Street,Aircraft,-37.86660595,144.7608094,22226,4,07:17:40,07:18:00,20,0,390,410
2023-07-10,Monday,Normal Weekday,Metro,6416,Werribee,Northern & Cross-City,U,Werribee,Flinders Street,Laverton,-37.86369404,144.7726167,21005,5,07:19:40,07:20:00,70,10,410,480
2023-07-10,Monday,Normal Weekday,Metro,6416,Werribee,Northern & Cross-City,U,Werribee,Flinders Street,Newport,-37.84271757,144.8835999,10555,6,07:29:00,07:30:00,60,20,480,520
2023-07-10,Monday,Normal Weekday,Metro,6416,Werribee,Northern & Cross-City,U,Werribee,Flinders Street,Footscray,-37.80108298,144.9031992,5623,7,07:35:40,07:36:00,40,20,520,550
2023-07-10,Monday,Normal Weekday,Metro,6416,Werribee,Northern & Cross-City,U,Werribee,Flinders Street,North Melbourne,-37.80630984,144.9415102,1680,8,07:40:40,07:41:00,0,50,550,500
2023-07-10,Monday,Normal Weekday,Metro,6416,Werribee,Northern & Cross-City,U,Werribee,Flinders Street,Southern Cross,-37.81793643,144.9514112,0,9,07:44:40,07:45:00,10,270,500,240
2023-07-10,Monday,Normal Weekday,Metro,6416,Werribee,Northern & Cross-City,U,Werribee,Flinders Street,Flinders Street,-37.81830513,144.9669643,1232,10,07:49:00,07:49:00,0,240,240,0
2023-07-10,Monday,Normal Weekday,Metro,6417,Werribee,Northern & Cross-City,D,Flinders Street,Werribee,Flinders Street,-37.81830513,144.9669643,1232,1,07:31:00,07:31:00,80,0,0,80
2023-07-10,Monday,Normal Weekday,Metro,6417,Werribee,Northern & Cross-City,D,Flinders Street,Werribee,Southern Cross,-37.81793643,144.9514112,0,2,07:34:40,07:35:00,20,60,80,40
2023-07-10,Monday,Normal Weekday,Metro,6417,Werribee,Northern & Cross-City,D,Flinders Street,Werribee,North Melbourne,-37.80630984,144.9415102,1680,3,07:37:40,07:38:00,10,0,40,60
2023-07-10,Monday,Normal Weekday,Metro,6417,Werribee,Northern & Cross-City,D,Flinders Street,Werribee,South Kensington,-37.79953087,144.925469,3492,4,07:40:40,07:41:00,0,0,60,60
2023-07-10,Monday,Normal Weekday,Metro,6417,Werribee,Northern & Cross-City,D,Flinders Street,Werribee,Footscray,-37.80108298,144.9031992,5623,5,07:43:40,07:44:00,0,20,60,40
2023-07-10,Monday,Normal Weekday,Metro,6417,Werribee,Northern & Cross-City,D,Flinders Street,Werribee,Seddon,-37.80900514,144.8956716,6618,6,07:44:40,07:45:00,0,10,40,40
2023-07-10,Monday,Normal Weekday,Metro,6417,Werribee,Northern & Cross-City,D,Flinders Street,Werribee,Yarraville,-37.81585044,144.8899337,7542,7,07:46:40,07:47:00,0,10,40,40
2023-07-10,Monday,Normal Weekday,Metro,6417,Werribee,Northern & Cross-City,D,Flinders Street,Werribee,Spotswood,-37.83063888,144.8859335,9220,8,07:48:40,07:49:00,0,0,40,30
2023-07-10,Monday,Normal Weekday,Metro,6417,Werribee,Northern & Cross-City,D,Flinders Street,Werribee,Newport,-37.84271757,144.8835999,10555,9,07:51:40,07:52:00,0,0,30,30
2023-07-10,Monday,Normal Weekday,Metro,6417,Werribee,Northern & Cross-City,D,Flinders Street,Werribee,Laverton,-37.86369404,144.7726167,21005,10,07:59:40,08:00:00,0,10,30,20
2023-07-10,Monday,Normal Weekday,Metro,6417,Werribee,Northern & Cross-City,D,Flinders Street,Werribee,Werribee,-37.89937805,144.661118,31697,11,08:08:00,08:08:00,0,20,20,0
2023-07-10,Monday,Normal Weekday,Metro,6418,Werribee,Northern & Cross-City,U,Werribee,Flinders Street,Werribee,-37.89937805,144.661118,31697,1,07:19:00,07:19:00,170,0,0,170
2023-07-10,Monday,Normal Weekday,Metro,6418,Werribee,Northern & Cross-City,U,Werribee,Flinders Street,Hoppers Crossing,-37.88327618,144.7009549,27665,2,07:21:40,07:22:00,150,10,170,310
2023-07-10,Monday,Normal Weekday,Metro,6418,Werribee,Northern & Cross-City,U,Werribee,Flinders Street,Williams Landing,-37.86986533,144.7474447,23200,3,07:24:40,07:25:00,180,0,310,490
2023-07-10,Monday,Normal Weekday,Metro,6418,Werribee,Northern & Cross-City,U,Werribee,Flinders Street,Aircraft,-37.86660595,144.7608094,22226,4,07:27:40,07:28:00,50,0,490,540
2023-07-10,Monday,Normal Weekday,Metro,6418,Werribee,Northern & Cross-City,U,Werribee,Flinders Street,Laverton,-37.86369404,144.7726167,21005,5,07:29:40,07:30:00,110,10,540,640
2023-07-10,Monday,Normal Weekday,Metro,6418,Werribee,Northern & Cross-City,U,Werribee,Flinders Street,Newport,-37.84271757,144.8835999,10555,6,07:39:00,07:40:00,100,10,640,730
2023-07-10,Monday,Normal Weekday,Metro,6418,Werribee,Northern & Cross-City,U,Werribee,Flinders Street,Footscray,-37.80108298,144.9031992,5623,7,07:45:40,07:46:00,60,30,730,750
2023-07-10,Monday,Normal Weekday,Metro,6418,Werribee,Northern & Cross-City,U,Werribee,Flinders Street,North Melbourne,-37.80630984,144.9415102,1680,8,07:50:40,07:51:00,10,90,750,670
2023-07-10,Monday,Normal Weekday,Metro,6418,Werribee,Northern & Cross-City,U,Werribee,Flinders Street,Southern Cross,-37.81793643,144.9514112,0,9,07:54:40,07:55:00,20,310,670,370
2023-07-10,Monday,Normal Weekday,Metro,6418,Werribee,Northern & Cross-City,U,Werribee,Flinders Street,Flinders Street,-37.81830513,144.9669643,1232,10,07:59:00,07:59:00,0,370,370,0
2023-07-10,Monday,Normal Weekday,Metro,6419,Werribee,Northern & Cross-City,D,Flinders Street,Werribee,Flinders Street,-37.81830513,144.9669643,1232,1,07:36:00,07:36:00,60,0,0,60
2023-07-10,Monday,Normal Weekday,Metro,6419,Werribee,Northern & Cross-City,D,Flinders Street,Werribee,Southern Cross,-37.81793643,144.9514112,0,2,07:39:40,07:40:00,20,40,60,40
2023-07-10,Monday,Normal Weekday,Metro,6419,Werribee,Northern & Cross-City,D,Flinders Street,Werribee,North Melbourne,-37.80630984,144.9415102,1680,3,07:42:40,07:43:00,40,0,40,80
2023-07-10,Monday,Normal Weekday,Metro,6419,Werribee,Northern & Cross-City,D,Flinders Street,Werribee,Footscray,-37.80108298,144.9031992,5623,4,07:47:40,07:48:00,40,10,80,110
2023-07-10,Monday,Normal Weekday,Metro,6419,Werribee,Northern & Cross-City,D,Flinders Street,Werribee,Newport,-37.84271757,144.8835999,10555,5,07:54:40,07:55:00,10,0,110,120
2023-07-10,Monday,Normal Weekday,Metro,6419,Werribee,Northern & Cross-City,D,Flinders Street,Werribee,Laverton,-37.86369404,144.7726167,21005,6,08:02:40,08:03:00,10,0,120,130
2023-07-10,Monday,Normal Weekday,Metro,6419,Werribee,Northern & Cross-City,D,Flinders Street,Werribee,Aircraft,-37.86660595,144.7608094,22226,7,08:03:40,08:04:00,0,10,130,120
2023-07-10,Monday,Normal Weekday,Metro,6419,Werribee,Northern & Cross-City,D,Flinders Street,Werribee,Williams Landing,-37.86986533,144.7474447,23200,8,08:06:40,08:07:00,10,20,120,120
2023-07-10,Monday,Normal Weekday,Metro,6419,Werribee,Northern & Cross-City,D,Flinders Street,Werribee,Hoppers Crossing,-37.88327618,144.7009549,27665,9,08:10:40,08:11:00,10,110,120,20
2023-07-10,Monday,Normal Weekday,Metro,6419,Werribee,Northern & Cross-City,D,Flinders Street,Werribee,Werribee,-37.89937805,144.661118,31697,10,08:16:00,08:16:00,0,20,20,0
2023-07-10,Monday,Normal Weekday,Metro,6420,Werribee,Northern & Cross-City,U,Werribee,Flinders Street,Werribee,-37.89937805,144.661118,31697,1,07:29:00,07:29:00,210,0,0,210
2023-07-10,Monday,Normal Weekday,Metro,6420,Werribee,Northern & Cross-City,U,Werribee,Flinders Street,Hoppers Crossing,-37.88327618,144.7009549,27665,2,07:31:40,07:32:00,120,10,210,330
2023-07-10,Monday,Normal Weekday,Metro,6420,Werribee,Northern & Cross-City,U,Werribee,Flinders Street,Williams Landing,-37.86986533,144.7474447,23200,3,07:34:40,07:35:00,230,0,330,550
2023-07-10,Monday,Normal Weekday,Metro,6420,Werribee,Northern & Cross-City,U,Werribee,Flinders Street,Aircraft,-37.86660595,144.7608094,22226,4,07:37:40,07:38:00,30,0,550,580
2023-07-10,Monday,Normal Weekday,Metro,6420,Werribee,Northern & Cross-City,U,Werribee,Flinders Street,Laverton,-37.86369404,144.7726167,21005,5,07:39:40,07:40:00,80,20,580,650
2023-07-10,Monday,Normal Weekday,Metro,6420,Werribee,Northern & Cross-City,U,Werribee,Flinders Street,Newport,-37.84271757,144.8835999,10555,6,07:48:40,07:49:00,80,20,650,700
2023-07-10,Monday,Normal Weekday,Metro,6420,Werribee,Northern & Cross-City,U,Werribee,Flinders Street,Footscray,-37.80108298,144.9031992,5623,7,07:54:40,07:55:00,30,40,700,690
2023-07-10,Monday,Normal Weekday,Metro,6420,Werribee,Northern & Cross-City,U,Werribee,Flinders Street,North Melbourne,-37.80630984,144.9415102,1680,8,07:59:40,08:00:00,20,90,690,620
2023-07-10,Monday,Normal Weekday,Metro,6420,Werribee,Northern & Cross-City,U,Werribee,Flinders Street,Southern Cross,-37.81793643,144.9514112,0,9,08:03:40,08:04:00,20,340,620,300
2023-07-10,Monday,Normal Weekday,Metro,6420,Werribee,Northern & Cross-City,U,Werribee,Flinders Street,Flinders Street,-37.81830513,144.9669643,1232,10,08:09:00,08:09:00,0,300,300,0
2023-07-10,Monday,Normal Weekday,Metro,6421,Werribee,Northern & Cross-City,D,Flinders Street,Werribee,Flinders Street,-37.81830513,144.9669643,1232,1,07:51:00,07:51:00,40,0,0,40
2023-07-10,Monday,Normal Weekday,Metro,6421,Werribee,Northern & Cross-City,D,Flinders Street,Werribee,Southern Cross,-37.81793643,144.9514112,0,2,07:54:40,07:55:00,30,10,40,50
2023-07-10,Monday,Normal Weekday,Metro,6421,Werribee,Northern & Cross-City,D,Flinders Street,Werribee,North Melbourne,-37.80630984,144.9415102,1680,3,07:57:40,07:58:00,10,0,50,60
2023-07-10,Monday,Normal Weekday,Metro,6421,Werribee,Northern & Cross-City,D,Flinders Street,Werribee,Footscray,-37.80108298,144.9031992,5623,4,08:02:40,08:03:00,50,10,60,100
2023-07-10,Monday,Normal Weekday,Metro,6421,Werribee,Northern & Cross-City,D,Flinders Street,Werribee,Newport,-37.84271757,144.8835999,10555,5,08:09:40,08:10:00,30,10,100,130
2023-07-10,Monday,Normal Weekday,Metro,6421,Werribee,Northern & Cross-City,D,Flinders Street,Werribee,Laverton,-37.86369404,144.7726167,21005,6,08:17:40,08:18:00,10,10,130,130
2023-07-10,Monday,Normal Weekday,Metro,6421,Werribee,Northern & Cross-City,D,Flinders Street,Werribee,Aircraft,-37.86660595,144.7608094,22226,7,08:18:40,08:19:00,0,0,130,120
2023-07-10,Monday,Normal Weekday,Metro,6421,Werribee,Northern & Cross-City,D,Flinders Street,Werribee,Williams Landing,-37.86986533,144.7474447,23200,8,08:21:40,08:22:00,20,20,120,120
2023-07-10,Monday,Normal Weekday,Metro,6421,Werribee,Northern & Cross-City,D,Flinders Street,Werribee,Hoppers Crossing,-37.88327618,144.7009549,27665,9,08:25:40,08:26:00,10,80,120,40
2023-07-10,Monday,Normal Weekday,Metro,6421,Werribee,Northern & Cross-City,D,Flinders Street,Werribee,Werribee,-37.89937805,144.661118,31697,10,08:31:00,08:31:00,0,40,40,0
2023-07-10,Monday,Normal Weekday,Metro,6422,Werribee,Northern & Cross-City,U,Werribee,Flinders Street,Werribee,-37.89937805,144.661118,31697,1,07:39:00,07:39:00,170,0,0,170
2023-07-10,Monday,Normal Weekday,Metro,6422,Werribee,Northern & Cross-City,U,Werribee,Flinders Street,Hoppers Crossing,-37.88327618,144.7009549,27665,2,07:41:40,07:42:00,130,0,170,300
2023-07-10,Monday,Normal Weekday,Metro,6422,Werribee,Northern & Cross-City,U,Werribee,Flinders Street,Williams Landing,-37.86986533,144.7474447,23200,3,07:44:40,07:45:00,220,0,300,520
2023-07-10,Monday,Normal Weekday,Metro,6422,Werribee,Northern & Cross-City,U,Werribee,Flinders Street,Aircraft,-37.86660595,144.7608094,22226,4,07:47:40,07:48:00,20,0,520,540
2023-07-10,Monday,Normal Weekday,Metro,6422,Werribee,Northern & Cross-City,U,Werribee,Flinders Street,Laverton,-37.86369404,144.7726167,21005,5,07:49:40,07:50:00,80,20,540,610
2023-07-10,Monday,Normal Weekday,Metro,6422,Werribee,Northern & Cross-City,U,Werribee,Flinders Street,Newport,-37.84271757,144.8835999,10555,6,07:58:40,07:59:00,80,20,610,670
2023-07-10,Monday,Normal Weekday,Metro,6422,Werribee,Northern & Cross-City,U,Werribee,Flinders Street,Footscray,-37.80108298,144.9031992,5623,7,08:04:40,08:05:00,40,40,670,670
2023-07-10,Monday,Normal Weekday,Metro,6422,Werribee,Northern & Cross-City,U,Werribee,Flinders Street,North Melbourne,-37.80630984,144.9415102,1680,8,08:09:40,08:10:00,20,80,670,600
2023-07-10,Monday,Normal Weekday,Metro,6422,Werribee,Northern & Cross-City,U,Werribee,Flinders Street,Southern Cross,-37.81793643,144.9514112,0,9,08:13:40,08:14:00,20,350,600,270
2023-07-10,Monday,Normal Weekday,Metro,6422,Werribee,Northern & Cross-City,U,Werribee,Flinders Street,Flinders Street,-37.81830513,144.9669643,1232,10,08:18:00,08:18:00,0,270,270,0
2023-07-10,Monday,Normal Weekday,Metro,6423,Werribee,Northern & Cross-City,D,Flinders Street,Werribee,Flinders Street,-37.81830513,144.9669643,1232,1,08:00:00,08:00:00,130,0,0,130
2023-07-10,Monday,Normal Weekday,Metro,6423,Werribee,Northern & Cross-City,D,Flinders Street,Werribee,Southern Cross,-37.81793643,144.9514112,0,2,08:03:40,08:04:00,30,100,130,50
2023-07-10,Monday,Normal Weekday,Metro,6423,Werribee,Northern & Cross-City,D,Flinders Street,Werribee,North Melbourne,-37.80630984,144.9415102,1680,3,08:06:40,08:07:00,10,10,50,60
2023-07-10,Monday,Normal Weekday,Metro,6423,Werribee,Northern & Cross-City,D,Flinders Street,Werribee,Footscray,-37.80108298,144.9031992,5623,4,08:11:40,08:12:00,10,20,60,40
2023-07-10,Monday,Normal Weekday,Metro,6423,Werribee,Northern & Cross-City,D,Flinders Street,Werribee,Newport,-37.84271757,144.8835999,10555,5,08:19:40,08:20:00,20,10,40,50
2023-07-10,Monday,Normal Weekday,Metro,6423,Werribee,Northern & Cross-City,D,Flinders Street,Werribee,Laverton,-37.86369404,144.7726167,21005,6,08:27:40,08:28:00,0,30,50,30
2023-07-10,Monday,Normal Weekday,Metro,6423,Werribee,Northern & Cross-City,D,Flinders Street,Werribee,Werribee,-37.89937805,144.661118,31697,7,08:36:00,08:36:00,0,30,30,0
2023-07-10,Monday,Normal Weekday,Metro,6424,Werribee,Northern & Cross-City,U,Werribee,Flinders Street,Werribee,-37.89937805,144.661118,31697,1,07:49:00,07:49:00,220,0,0,220
2023-07-10,Monday,Normal Weekday,Metro,6424,Werribee,Northern & Cross-City,U,Werribee,Flinders Street,Hoppers Crossing,-37.88327618,144.7009549,27665,2,07:51:40,07:52:00,160,10,220,370
2023-07-10,Monday,Normal Weekday,Metro,6424,Werribee,Northern & Cross-City,U,Werribee,Flinders Street,Williams Landing,-37.86986533,144.7474447,23200,3,07:54:40,07:55:00,220,0,370,590
2023-07-10,Monday,Normal Weekday,Metro,6424,Werribee,Northern & Cross-City,U,Werribee,Flinders Street,Aircraft,-37.86660595,144.7608094,22226,4,07:57:40,07:58:00,30,0,590,620
2023-07-10,Monday,Normal Weekday,Metro,6424,Werribee,Northern & Cross-City,U,Werribee,Flinders Street,Laverton,-37.86369404,144.7726167,21005,5,07:59:40,08:00:00,120,30,620,710
2023-07-10,Monday,Normal Weekday,Metro,6424,Werribee,Northern & Cross-City,U,Werribee,Flinders Street,Newport,-37.84271757,144.8835999,10555,6,08:08:40,08:09:00,120,30,710,810
2023-07-10,Monday,Normal Weekday,Metro,6424,Werribee,Northern & Cross-City,U,Werribee,Flinders Street,Footscray,-37.80108298,144.9031992,5623,7,08:14:40,08:15:00,50,50,810,810
2023-07-10,Monday,Normal Weekday,Metro,6424,Werribee,Northern & Cross-City,U,Werribee,Flinders Street,North Melbourne,-37.80630984,144.9415102,1680,8,08:19:40,08:20:00,10,120,810,700
2023-07-10,Monday,Normal Weekday,Metro,6424,Werribee,Northern & Cross-City,U,Werribee,Flinders Street,Southern Cross,-37.81793643,144.9514112,0,9,08:23:40,08:24:00,0,380,700,320
2023-07-10,Monday,Normal Weekday,Metro,6424,Werribee,Northern & Cross-City,U,Werribee,Flinders Street,Flinders Street,-37.81830513,144.9669643,1232,10,08:28:00,08:28:00,0,320,320,0
2023-07-10,Monday,Normal Weekday,Metro,6425,Werribee,Northern & Cross-City,D,Flinders Street,Werribee,Flinders Street,-37.81830513,144.9669643,1232,1,08:03:00,08:03:00,30,0,0,30
2023-07-10,Monday,Normal Weekday,Metro,6425,Werribee,Northern & Cross-City,D,Flinders Street,Werribee,Southern Cross,-37.81793643,144.9514112,0,2,08:06:40,08:07:00,30,0,30,50
2023-07-10,Monday,Normal Weekday,Metro,6425,Werribee,Northern & Cross-City,D,Flinders Street,Werribee,North Melbourne,-37.80630984,144.9415102,1680,3,08:09:40,08:10:00,20,0,50,70
2023-07-10,Monday,Normal Weekday,Metro,6425,Werribee,Northern & Cross-City,D,Flinders Street,Werribee,South Kensington,-37.79953087,144.925469,3492,4,08:12:40,08:13:00,0,10,70,70
2023-07-10,Monday,Normal Weekday,Metro,6425,Werribee,Northern & Cross-City,D,Flinders Street,Werribee,Footscray,-37.80108298,144.9031992,5623,5,08:15:40,08:16:00,10,10,70,80
2023-07-10,Monday,Normal Weekday,Metro,6425,Werribee,Northern & Cross-City,D,Flinders Street,Werribee,Seddon,-37.80900514,144.8956716,6618,6,08:16:40,08:17:00,0,10,80,70
2023-07-10,Monday,Normal Weekday,Metro,6425,Werribee,Northern & Cross-City,D,Flinders Street,Werribee,Yarraville,-37.81585044,144.8899337,7542,7,08:18:40,08:19:00,10,10,70,70
2023-07-10,Monday,Normal Weekday,Metro,6425,Werribee,Northern & Cross-City,D,Flinders Street,Werribee,Spotswood,-37.83063888,144.8859335,9220,8,08:20:40,08:21:00,0,10,70,70
2023-07-10,Monday,Normal Weekday,Metro,6425,Werribee,Northern & Cross-City,D,Flinders Street,Werribee,Newport,-37.84271757,144.8835999,10555,9,08:23:40,08:24:00,10,10,70,70
2023-07-10,Monday,Normal Weekday,Metro,6425,Werribee,Northern & Cross-City,D,Flinders Street,Werribee,Laverton,-37.86369404,144.7726167,21005,10,08:31:40,08:32:00,10,0,70,70
2023-07-10,Monday,Normal Weekday,Metro,6425,Werribee,Northern & Cross-City,D,Flinders Street,Werribee,Aircraft,-37.86660595,144.7608094,22226,11,08:32:40,08:33:00,0,10,70,60
2023-07-10,Monday,Normal Weekday,Metro,6425,Werribee,Northern & Cross-City,D,Flinders Street,Werribee,Williams Landing,-37.86986533,144.7474447,23200,12,08:35:40,08:36:00,10,10,60,60
2023-07-10,Monday,Normal Weekday,Metro,6425,Werribee,Northern & Cross-City,D,Flinders Street,Werribee,Hoppers Crossing,-37.88327618,144.7009549,27665,13,08:39:40,08:40:00,10,50,60,20
2023-07-10,Monday,Normal Weekday,Metro,6425,Werribee,Northern & Cross-City,D,Flinders Street,Werribee,Werribee,-37.89937805,144.661118,31697,14,08:45:00,08:45:00,0,20,20,0
2023-07-10,Monday,Normal Weekday,Metro,6426,Werribee,Northern & Cross-City,U,Werribee,Flinders Street,Werribee,-37.89937805,144.661118,31697,1,07:59:00,07:59:00,150,0,0,150
2023-07-10,Monday,Normal Weekday,Metro,6426,Werribee,Northern & Cross-City,U,Werribee,Flinders Street,Hoppers Crossing,-37.88327618,144.7009549,27665,2,08:01:40,08:02:00,100,0,150,250
2023-07-10,Monday,Normal Weekday,Metro,6426,Werribee,Northern & Cross-City,U,Werribee,Flinders Street,Williams Landing,-37.86986533,144.7474447,23200,3,08:04:40,08:05:00,190,0,250,440
2023-07-10,Monday,Normal Weekday,Metro,6426,Werribee,Northern & Cross-City,U,Werribee,Flinders Street,Aircraft,-37.86660595,144.7608094,22226,4,08:07:40,08:08:00,20,0,440,450
2023-07-10,Monday,Normal Weekday,Metro,6426,Werribee,Northern & Cross-City,U,Werribee,Flinders Street,Laverton,-37.86369404,144.7726167,21005,5,08:09:40,08:10:00,90,30,450,520
2023-07-10,Monday,Normal Weekday,Metro,6426,Werribee,Northern & Cross-City,U,Werribee,Flinders Street,Newport,-37.84271757,144.8835999,10555,6,08:19:00,08:20:00,90,10,520,600
2023-07-10,Monday,Normal Weekday,Metro,6426,Werribee,Northern & Cross-City,U,Werribee,Flinders Street,Footscray,-37.80108298,144.9031992,5623,7,08:25:40,08:26:00,40,30,600,610
2023-07-10,Monday,Normal Weekday,Metro,6426,Werribee,Northern & Cross-City,U,Werribee,Flinders Street,North Melbourne,-37.80630984,144.9415102,1680,8,08:30:40,08:31:00,20,60,610,570
2023-07-10,Monday,Normal Weekday,Metro,6426,Werribee,Northern & Cross-City,U,Werribee,Flinders Street,Southern Cross,-37.81793643,144.9514112,0,9,08:34:40,08:35:00,10,340,570,240
2023-07-10,Monday,Normal Weekday,Metro,6426,Werribee,Northern & Cross-City,U,Werribee,Flinders Street,Flinders Street,-37.81830513,144.9669643,1232,10,08:40:00,08:40:00,0,240,240,0
2023-07-10,Monday,Normal Weekday,Metro,6427,Werribee,Northern & Cross-City,D,Flinders Street,Newport,Flinders Street,-37.81830513,144.9669643,1232,6,08:12:00,08:12:00,10,0,0,10
2023-07-10,Monday,Normal Weekday,Metro,6427,Werribee,Northern & Cross-City,D,Flinders Street,Newport,Southern Cross,-37.81793643,144.9514112,0,7,08:15:40,08:16:00,20,10,10,20
2023-07-10,Monday,Normal Weekday,Metro,6427,Werribee,Northern & Cross-City,D,Flinders Street,Newport,North Melbourne,-37.80630984,144.9415102,1680,8,08:18:40,08:19:00,10,10,20,20
2023-07-10,Monday,Normal Weekday,Metro,6427,Werribee,Northern & Cross-City,D,Flinders Street,Newport,Footscray,-37.80108298,144.9031992,5623,9,08:23:40,08:24:00,0,20,20,0
2023-07-10,Monday,Normal Weekday,Metro,6427,Werribee,Northern & Cross-City,D,Flinders Street,Newport,Newport,-37.84271757,144.8835999,10555,10,08:30:40,08:31:00,0,0,0,0
2023-07-10,Monday,Normal Weekday,Metro,6428,Werribee,Northern & Cross-City,U,Werribee,Flinders Street,Werribee,-37.89937805,144.661118,31697,1,08:09:00,08:09:00,110,0,0,110
2023-07-10,Monday,Normal Weekday,Metro,6428,Werribee,Northern & Cross-City,U,Werribee,Flinders Street,Hoppers Crossing,-37.88327618,144.7009549,27665,2,08:11:40,08:12:00,120,10,110,220
2023-07-10,Monday,Normal Weekday,Metro,6428,Werribee,Northern & Cross-City,U,Werribee,Flinders Street,Williams Landing,-37.86986533,144.7474447,23200,3,08:14:40,08:15:00,210,0,220,430
2023-07-10,Monday,Normal Weekday,Metro,6428,Werribee,Northern & Cross-City,U,Werribee,Flinders Street,Aircraft,-37.86660595,144.7608094,22226,4,08:17:40,08:18:00,20,0,430,440
2023-07-10,Monday,Normal Weekday,Metro,6428,Werribee,Northern & Cross-City,U,Werribee,Flinders Street,Laverton,-37.86369404,144.7726167,21005,5,08:19:40,08:20:00,100,10,440,530
2023-07-10,Monday,Normal Weekday,Metro,6428,Werribee,Northern & Cross-City,U,Werribee,Flinders Street,Newport,-37.84271757,144.8835999,10555,6,08:29:00,08:30:00,90,20,530,600
2023-07-10,Monday,Normal Weekday,Metro,6428,Werribee,Northern & Cross-City,U,Werribee,Flinders Street,Footscray,-37.80108298,144.9031992,5623,7,08:35:40,08:36:00,60,30,600,630
2023-07-10,Monday,Normal Weekday,Metro,6428,Werribee,Northern & Cross-City,U,Werribee,Flinders Street,North Melbourne,-37.80630984,144.9415102,1680,8,08:40:40,08:41:00,30,80,630,580
2023-07-10,Monday,Normal Weekday,Metro,6428,Werribee,Northern & Cross-City,U,Werribee,Flinders Street,Southern Cross,-37.81793643,144.9514112,0,9,08:44:40,08:45:00,10,350,580,240
2023-07-10,Monday,Normal Weekday,Metro,6428,Werribee,Northern & Cross-City,U,Werribee,Flinders Street,Flinders Street,-37.81830513,144.9669643,1232,10,08:50:00,08:50:00,0,240,240,0
2023-07-10,Monday,Normal Weekday,Metro,6429,Werribee,Northern & Cross-City,D,Flinders Street,Werribee,Flinders Street,-37.81830513,144.9669643,1232,1,08:22:00,08:22:00,140,0,0,140
2023-07-10,Monday,Normal Weekday,Metro,6429,Werribee,Northern & Cross-City,D,Flinders Street,Werribee,Southern Cross,-37.81793643,144.9514112,0,2,08:25:40,08:26:00,20,110,140,50
2023-07-10,Monday,Normal Weekday,Metro,6429,Werribee,Northern & Cross-City,D,Flinders Street,Werribee,North Melbourne,-37.80630984,144.9415102,1680,3,08:28:40,08:29:00,20,0,50,80
2023-07-10,Monday,Normal Weekday,Metro,6429,Werribee,Northern & Cross-City,D,Flinders Street,Werribee,Footscray,-37.80108298,144.9031992,5623,4,08:33:40,08:34:00,20,20,80,70
2023-07-10,Monday,Normal Weekday,Metro,6429,Werribee,Northern & Cross-City,D,Flinders Street,Werribee,Newport,-37.84271757,144.8835999,10555,5,08:40:00,08:43:00,20,10,70,80
2023-07-10,Monday,Normal Weekday,Metro,6429,Werribee,Northern & Cross-City,D,Flinders Street,Werribee,Laverton,-37.86369404,144.7726167,21005,6,08:50:40,08:51:00,10,10,80,80
2023-07-10,Monday,Normal Weekday,Metro,6429,Werribee,Northern & Cross-City,D,Flinders Street,Werribee,Aircraft,-37.86660595,144.7608094,22226,7,08:51:40,08:52:00,0,10,80,70
2023-07-10,Monday,Normal Weekday,Metro,6429,Werribee,Northern & Cross-City,D,Flinders Street,Werribee,Williams Landing,-37.86986533,144.7474447,23200,8,08:54:40,08:55:00,0,10,70,60
2023-07-10,Monday,Normal Weekday,Metro,6429,Werribee,Northern & Cross-City,D,Flinders Street,Werribee,Hoppers Crossing,-37.88327618,144.7009549,27665,9,08:58:40,08:59:00,0,40,60,30
2023-07-10,Monday,Normal Weekday,Metro,6429,Werribee,Northern & Cross-City,D,Flinders Street,Werribee,Werribee,-37.89937805,144.661118,31697,10,09:04:00,09:04:00,0,30,30,0
2023-07-10,Monday,Normal Weekday,Metro,6430,Werribee,Northern & Cross-City,U,Werribee,Flinders Street,Werribee,-37.89937805,144.661118,31697,1,08:19:00,08:19:00,140,0,0,140
2023-07-10,Monday,Normal Weekday,Metro,6430,Werribee,Northern & Cross-City,U,Werribee,Flinders Street,Hoppers Crossing,-37.88327618,144.7009549,27665,2,08:21:40,08:22:00,60,10,140,190
2023-07-10,Monday,Normal Weekday,Metro,6430,Werribee,Northern & Cross-City,U,Werribee,Flinders Street,Williams Landing,-37.86986533,144.7474447,23200,3,08:24:40,08:25:00,90,0,190,280
2023-07-10,Monday,Normal Weekday,Metro,6430,Werribee,Northern & Cross-City,U,Werribee,Flinders Street,Aircraft,-37.86660595,144.7608094,22226,4,08:27:40,08:28:00,10,0,280,290
2023-07-10,Monday,Normal Weekday,Metro,6430,Werribee,Northern & Cross-City,U,Werribee,Flinders Street,Laverton,-37.86369404,144.7726167,21005,5,08:29:40,08:30:00,60,20,290,340
2023-07-10,Monday,Normal Weekday,Metro,6430,Werribee,Northern & Cross-City,U,Werribee,Flinders Street,Newport,-37.84271757,144.8835999,10555,6,08:38:40,08:39:00,50,10,340,370
2023-07-10,Monday,Normal Weekday,Metro,6430,Werribee,Northern & Cross-City,U,Werribee,Flinders Street,Footscray,-37.80108298,144.9031992,5623,7,08:44:40,08:45:00,30,20,370,390
2023-07-10,Monday,Normal Weekday,Metro,6430,Werribee,Northern & Cross-City,U,Werribee,Flinders Street,North Melbourne,-37.80630984,144.9415102,1680,8,08:49:40,08:50:00,20,30,390,370
2023-07-10,Monday,Normal Weekday,Metro,6430,Werribee,Northern & Cross-City,U,Werribee,Flinders Street,Southern Cross,-37.81793643,144.9514112,0,9,08:53:40,08:54:00,10,230,370,160
2023-07-10,Monday,Normal Weekday,Metro,6430,Werribee,Northern & Cross-City,U,Werribee,Flinders Street,Flinders Street,-37.81830513,144.9669643,1232,10,08:58:00,08:58:00,0,160,160,0
2023-07-10,Monday,Normal Weekday,Metro,6431,Werribee,Northern & Cross-City,D,Flinders Street,Werribee,Flinders Street,-37.81830513,144.9669643,1232,1,08:37:00,08:37:00,30,0,0,30
2023-07-10,Monday,Normal Weekday,Metro,6431,Werribee,Northern & Cross-City,D,Flinders Street,Werribee,Southern Cross,-37.81793643,144.9514112,0,2,08:40:40,08:41:00,20,10,30,50
2023-07-10,Monday,Normal Weekday,Metro,6431,Werribee,Northern & Cross-City,D,Flinders Street,Werribee,North Melbourne,-37.80630984,144.9415102,1680,3,08:43:40,08:44:00,20,0,50,60
2023-07-10,Monday,Normal Weekday,Metro,6431,Werribee,Northern & Cross-City,D,Flinders Street,Werribee,Footscray,-37.80108298,144.9031992,5623,4,08:48:40,08:49:00,10,20,60,50
2023-07-10,Monday,Normal Weekday,Metro,6431,Werribee,Northern & Cross-City,D,Flinders Street,Werribee,Newport,-37.84271757,144.8835999,10555,5,08:55:40,08:56:00,20,0,50,60
2023-07-10,Monday,Normal Weekday,Metro,6431,Werribee,Northern & Cross-City,D,Flinders Street,Werribee,Laverton,-37.86369404,144.7726167,21005,6,09:03:40,09:04:00,10,10,60,60
2023-07-10,Monday,Normal Weekday,Metro,6431,Werribee,Northern & Cross-City,D,Flinders Street,Werribee,Aircraft,-37.86660595,144.7608094,22226,7,09:04:40,09:05:00,0,0,60,60
2023-07-10,Monday,Normal Weekday,Metro,6431,Werribee,Northern & Cross-City,D,Flinders Street,Werribee,Williams Landing,-37.86986533,144.7474447,23200,8,09:07:40,09:08:00,10,10,60,60
2023-07-10,Monday,Normal Weekday,Metro,6431,Werribee,Northern & Cross-City,D,Flinders Street,Werribee,Hoppers Crossing,-37.88327618,144.7009549,27665,9,09:11:40,09:12:00,0,20,60,30
2023-07-10,Monday,Normal Weekday,Metro,6431,Werribee,Northern & Cross-City,D,Flinders Street,Werribee,Werribee,-37.89937805,144.661118,31697,10,09:17:00,09:17:00,0,30,30,0
2023-07-10,Monday,Normal Weekday,Metro,6432,Werribee,Northern & Cross-City,U,Werribee,Flinders Street,Werribee,-37.89937805,144.661118,31697,1,08:29:00,08:29:00,80,0,0,80
2023-07-10,Monday,Normal Weekday,Metro,6432,Werribee,Northern & Cross-City,U,Werribee,Flinders Street,Hoppers Crossing,-37.88327618,144.7009549,27665,2,08:31:40,08:32:00,50,10,80,130
2023-07-10,Monday,Normal Weekday,Metro,6432,Werribee,Northern & Cross-City,U,Werribee,Flinders Street,Williams Landing,-37.86986533,144.7474447,23200,3,08:34:40,08:35:00,160,0,130,290
2023-07-10,Monday,Normal Weekday,Metro,6432,Werribee,Northern & Cross-City,U,Werribee,Flinders Street,Aircraft,-37.86660595,144.7608094,22226,4,08:37:40,08:38:00,10,0,290,300
2023-07-10,Monday,Normal Weekday,Metro,6432,Werribee,Northern & Cross-City,U,Werribee,Flinders Street,Laverton,-37.86369404,144.7726167,21005,5,08:39:40,08:40:00,50,10,300,330
2023-07-10,Monday,Normal Weekday,Metro,6432,Werribee,Northern & Cross-City,U,Werribee,Flinders Street,Newport,-37.84271757,144.8835999,10555,6,08:49:00,08:50:00,30,10,330,350
2023-07-10,Monday,Normal Weekday,Metro,6432,Werribee,Northern & Cross-City,U,Werribee,Flinders Street,Footscray,-37.80108298,144.9031992,5623,7,08:55:40,08:56:00,20,40,350,340
2023-07-10,Monday,Normal Weekday,Metro,6432,Werribee,Northern & Cross-City,U,Werribee,Flinders Street,North Melbourne,-37.80630984,144.9415102,1680,8,09:00:40,09:01:00,20,50,340,310
2023-07-10,Monday,Normal Weekday,Metro,6432,Werribee,Northern & Cross-City,U,Werribee,Flinders Street,Southern Cross,-37.81793643,144.9514112,0,9,09:04:40,09:05:00,0,170,310,140
2023-07-10,Monday,Normal Weekday,Metro,6432,Werribee,Northern & Cross-City,U,Werribee,Flinders Street,Flinders Street,-37.81830513,144.9669643,1232,10,09:10:00,09:10:00,0,140,140,0
2023-07-10,Monday,Normal Weekday,Metro,6433,Werribee,Northern & Cross-City,D,Flinders Street,Werribee,Flinders Street,-37.81830513,144.9669643,1232,1,08:45:00,08:45:00,50,0,0,50
2023-07-10,Monday,Normal Weekday,Metro,6433,Werribee,Northern & Cross-City,D,Flinders Street,Werribee,Southern Cross,-37.81793643,144.9514112,0,2,08:48:40,08:49:00,30,40,50,40
2023-07-10,Monday,Normal Weekday,Metro,6433,Werribee,Northern & Cross-City,D,Flinders Street,Werribee,North Melbourne,-37.80630984,144.9415102,1680,3,08:51:40,08:52:00,10,0,40,50
2023-07-10,Monday,Normal Weekday,Metro,6433,Werribee,Northern & Cross-City,D,Flinders Street,Werribee,Footscray,-37.80108298,144.9031992,5623,4,08:56:40,08:57:00,10,10,50,40
2023-07-10,Monday,Normal Weekday,Metro,6433,Werribee,Northern & Cross-City,D,Flinders Street,Werribee,Newport,-37.84271757,144.8835999,10555,5,09:03:40,09:04:00,0,10,40,30
2023-07-10,Monday,Normal Weekday,Metro,6433,Werribee,Northern & Cross-City,D,Flinders Street,Werribee,Laverton,-37.86369404,144.7726167,21005,6,09:11:40,09:12:00,0,10,30,30
2023-07-10,Monday,Normal Weekday,Metro,6433,Werribee,Northern & Cross-City,D,Flinders Street,Werribee,Aircraft,-37.86660595,144.7608094,22226,7,09:12:40,09:13:00,0,0,30,30
2023-07-10,Monday,Normal Weekday,Metro,6433,Werribee,Northern & Cross-City,D,Flinders Street,Werribee,Williams Landing,-37.86986533,144.7474447,23200,8,09:15:40,09:16:00,0,10,30,30
2023-07-10,Monday,Normal Weekday,Metro,6433,Werribee,Northern & Cross-City,D,Flinders Street,Werribee,Hoppers Crossing,-37.88327618,144.7009549,27665,9,09:19:40,09:20:00,0,10,30,10
2023-07-10,Monday,Normal Weekday,Metro,6433,Werribee,Northern & Cross-City,D,Flinders Street,Werribee,Werribee,-37.89937805,144.661118,31697,10,09:25:00,09:25:00,0,10,10,0
2023-07-10,Monday,Normal Weekday,Metro,6434,Werribee,Northern & Cross-City,U,Werribee,Flinders Street,Werribee,-37.89937805,144.661118,31697,1,08:39:00,08:39:00,80,0,0,80
2023-07-10,Monday,Normal Weekday,Metro,6434,Werribee,Northern & Cross-City,U,Werribee,Flinders Street,Hoppers Crossing,-37.88327618,144.7009549,27665,2,08:41:40,08:42:00,60,10,80,130
2023-07-10,Monday,Normal Weekday,Metro,6434,Werribee,Northern & Cross-City,U,Werribee,Flinders Street,Williams Landing,-37.86986533,144.7474447,23200,3,08:44:40,08:45:00,70,0,130,200
2023-07-10,Monday,Normal Weekday,Metro,6434,Werribee,Northern & Cross-City,U,Werribee,Flinders Street,Aircraft,-37.86660595,144.7608094,22226,4,08:47:40,08:48:00,10,0,200,210
2023-07-10,Monday,Normal Weekday,Metro,6434,Werribee,Northern & Cross-City,U,Werribee,Flinders Street,Laverton,-37.86369404,144.7726167,21005,5,08:49:40,08:50:00,50,10,210,260
2023-07-10,Monday,Normal Weekday,Metro,6434,Werribee,Northern & Cross-City,U,Werribee,Flinders Street,Newport,-37.84271757,144.8835999,10555,6,08:58:40,08:59:00,10,10,260,260
2023-07-10,Monday,Normal Weekday,Metro,6434,Werribee,Northern & Cross-City,U,Werribee,Flinders Street,Footscray,-37.80108298,144.9031992,5623,7,09:04:40,09:05:00,10,20,260,250
2023-07-10,Monday,Normal Weekday,Metro,6434,Werribee,Northern & Cross-City,U,Werribee,Flinders Street,North Melbourne,-37.80630984,144.9415102,1680,8,09:09:40,09:10:00,30,30,250,260
2023-07-10,Monday,Normal Weekday,Metro,6434,Werribee,Northern & Cross-City,U,Werribee,Flinders Street,Southern Cross,-37.81793643,144.9514112,0,9,09:13:40,09:14:00,10,150,260,110
2023-07-10,Monday,Normal Weekday,Metro,6434,Werribee,Northern & Cross-City,U,Werribee,Flinders Street,Flinders Street,-37.81830513,144.9669643,1232,10,09:18:00,09:18:00,0,110,110,0
2023-07-10,Monday,Normal Weekday,Metro,6435,Werribee,Northern & Cross-City,D,Flinders Street,Werribee,Flinders Street,-37.81830513,144.9669643,1232,1,08:59:00,08:59:00,40,0,0,40
2023-07-10,Monday,Normal Weekday,Metro,6435,Werribee,Northern & Cross-City,D,Flinders Street,Werribee,Southern Cross,-37.81793643,144.9514112,0,2,09:02:40,09:03:00,20,10,40,40
2023-07-10,Monday,Normal Weekday,Metro,6435,Werribee,Northern & Cross-City,D,Flinders Street,Werribee,North Melbourne,-37.80630984,144.9415102,1680,3,09:05:40,09:06:00,10,0,40,50
2023-07-10,Monday,Normal Weekday,Metro,6435,Werribee,Northern & Cross-City,D,Flinders Street,Werribee,Footscray,-37.80108298,144.9031992,5623,4,09:10:40,09:11:00,10,10,50,50
2023-07-10,Monday,Normal Weekday,Metro,6435,Werribee,Northern & Cross-City,D,Flinders Street,Werribee,Newport,-37.84271757,144.8835999,10555,5,09:16:40,09:17:00,10,0,50,60
2023-07-10,Monday,Normal Weekday,Metro,6435,Werribee,Northern & Cross-City,D,Flinders Street,Werribee,Laverton,-37.86369404,144.7726167,21005,6,09:24:40,09:25:00,0,10,60,50
2023-07-10,Monday,Normal Weekday,Metro,6435,Werribee,Northern & Cross-City,D,Flinders Street,Werribee,Aircraft,-37.86660595,144.7608094,22226,7,09:25:40,09:26:00,0,0,50,50
2023-07-10,Monday,Normal Weekday,Metro,6435,Werribee,Northern & Cross-City,D,Flinders Street,Werribee,Williams Landing,-37.86986533,144.7474447,23200,8,09:28:40,09:29:00,0,10,50,40
2023-07-10,Monday,Normal Weekday,Metro,6435,Werribee,Northern & Cross-City,D,Flinders Street,Werribee,Hoppers Crossing,-37.88327618,144.7009549,27665,9,09:32:40,09:33:00,0,20,40,20
2023-07-10,Monday,Normal Weekday,Metro,6435,Werribee,Northern & Cross-City,D,Flinders Street,Werribee,Werribee,-37.89937805,144.661118,31697,10,09:38:00,09:38:00,0,20,20,0
2023-07-10,Monday,Normal Weekday,Metro,6436,Werribee,Northern & Cross-City,U,Werribee,Flinders Street,Werribee,-37.89937805,144.661118,31697,1,08:48:00,08:48:00,40,0,0,40
2023-07-10,Monday,Normal Weekday,Metro,6436,Werribee,Northern & Cross-City,U,Werribee,Flinders Street,Hoppers Crossing,-37.88327618,144.7009549,27665,2,08:50:40,08:51:00,40,0,40,70
2023-07-10,Monday,Normal Weekday,Metro,6436,Werribee,Northern & Cross-City,U,Werribee,Flinders Street,Williams Landing,-37.86986533,144.7474447,23200,3,08:53:40,08:54:00,70,0,70,140
2023-07-10,Monday,Normal Weekday,Metro,6436,Werribee,Northern & Cross-City,U,Werribee,Flinders Street,Aircraft,-37.86660595,144.7608094,22226,4,08:56:40,08:57:00,10,0,140,150
2023-07-10,Monday,Normal Weekday,Metro,6436,Werribee,Northern & Cross-City,U,Werribee,Flinders Street,Laverton,-37.86369404,144.7726167,21005,5,08:58:40,08:59:00,50,0,150,200
2023-07-10,Monday,Normal Weekday,Metro,6436,Werribee,Northern & Cross-City,U,Werribee,Flinders Street,Newport,-37.84271757,144.8835999,10555,6,09:07:40,09:08:00,20,10,200,210
2023-07-10,Monday,Normal Weekday,Metro,6436,Werribee,Northern & Cross-City,U,Werribee,Flinders Street,Footscray,-37.80108298,144.9031992,5623,7,09:13:40,09:14:00,20,20,210,200
2023-07-10,Monday,Normal Weekday,Metro,6436,Werribee,Northern & Cross-City,U,Werribee,Flinders Street,North Melbourne,-37.80630984,144.9415102,1680,8,09:18:40,09:19:00,0,30,200,180
2023-07-10,Monday,Normal Weekday,Metro,6436,Werribee,Northern & Cross-City,U,Werribee,Flinders Street,Southern Cross,-37.81793643,144.9514112,0,9,09:22:40,09:23:00,10,110,180,90
2023-07-10,Monday,Normal Weekday,Metro,6436,Werribee,Northern & Cross-City,U,Werribee,Flinders Street,Flinders Street,-37.81830513,144.9669643,1232,10,09:27:00,09:27:00,0,90,90,0
2023-07-10,Monday,Normal Weekday,Metro,6437,Werribee,Northern & Cross-City,D,Flinders Street,Werribee,Flinders Street,-37.81830513,144.9669643,1232,1,09:13:00,09:13:00,30,0,0,30
2023-07-10,Monday,Normal Weekday,Metro,6437,Werribee,Northern & Cross-City,D,Flinders Street,Werribee,Southern Cross,-37.81793643,144.9514112,0,2,09:16:40,09:17:00,20,10,30,40
2023-07-10,Monday,Normal Weekday,Metro,6437,Werribee,Northern & Cross-City,D,Flinders Street,Werribee,North Melbourne,-37.80630984,144.9415102,1680,3,09:20:00,09:21:00,20,0,40,50
2023-07-10,Monday,Normal Weekday,Metro,6437,Werribee,Northern & Cross-City,D,Flinders Street,Werribee,Footscray,-37.80108298,144.9031992,5623,4,09:25:40,09:26:00,10,20,50,50
2023-07-10,Monday,Normal Weekday,Metro,6437,Werribee,Northern & Cross-City,D,Flinders Street,Werribee,Newport,-37.84271757,144.8835999,10555,5,09:31:40,09:32:00,10,0,50,60
2023-07-10,Monday,Normal Weekday,Metro,6437,Werribee,Northern & Cross-City,D,Flinders Street,Werribee,Laverton,-37.86369404,144.7726167,21005,6,09:39:40,09:40:00,0,10,60,50
2023-07-10,Monday,Normal Weekday,Metro,6437,Werribee,Northern & Cross-City,D,Flinders Street,Werribee,Aircraft,-37.86660595,144.7608094,22226,7,09:40:40,09:41:00,0,0,50,50
2023-07-10,Monday,Normal Weekday,Metro,6437,Werribee,Northern & Cross-City,D,Flinders Street,Werribee,Williams Landing,-37.86986533,144.7474447,23200,8,09:43:40,09:44:00,0,10,50,40
2023-07-10,Monday,Normal Weekday,Metro,6437,Werribee,Northern & Cross-City,D,Flinders Street,Werribee,Hoppers Crossing,-37.88327618,144.7009549,27665,9,09:47:40,09:48:00,0,20,40,20
2023-07-10,Monday,Normal Weekday,Metro,6437,Werribee,Northern & Cross-City,D,Flinders Street,Werribee,Werribee,-37.89937805,144.661118,31697,10,09:53:00,09:53:00,0,20,20,0
2023-07-10,Monday,Normal Weekday,Metro,6438,Werribee,Northern & Cross-City,U,Werribee,Flinders Street,Werribee,-37.89937805,144.661118,31697,1,08:59:00,08:59:00,70,0,0,70
2023-07-10,Monday,Normal Weekday,Metro,6438,Werribee,Northern & Cross-City,U,Werribee,Flinders Street,Hoppers Crossing,-37.88327618,144.7009549,27665,2,09:01:40,09:02:00,50,0,70,110
2023-07-10,Monday,Normal Weekday,Metro,6438,Werribee,Northern & Cross-City,U,Werribee,Flinders Street,Williams Landing,-37.86986533,144.7474447,23200,3,09:04:40,09:05:00,80,10,110,180
2023-07-10,Monday,Normal Weekday,Metro,6438,Werribee,Northern & Cross-City,U,Werribee,Flinders Street,Aircraft,-37.86660595,144.7608094,22226,4,09:07:40,09:08:00,10,0,180,190
2023-07-10,Monday,Normal Weekday,Metro,6438,Werribee,Northern & Cross-City,U,Werribee,Flinders Street,Laverton,-37.86369404,144.7726167,21005,5,09:09:40,09:10:00,40,10,190,230
2023-07-10,Monday,Normal Weekday,Metro,6438,Werribee,Northern & Cross-City,U,Werribee,Flinders Street,Newport,-37.84271757,144.8835999,10555,6,09:19:00,09:20:00,10,10,230,230
2023-07-10,Monday,Normal Weekday,Metro,6438,Werribee,Northern & Cross-City,U,Werribee,Flinders Street,Footscray,-37.80108298,144.9031992,5623,7,09:25:40,09:26:00,20,20,230,230
2023-07-10,Monday,Normal Weekday,Metro,6438,Werribee,Northern & Cross-City,U,Werribee,Flinders Street,North Melbourne,-37.80630984,144.9415102,1680,8,09:30:40,09:31:00,10,30,230,210
2023-07-10,Monday,Normal Weekday,Metro,6438,Werribee,Northern & Cross-City,U,Werribee,Flinders Street,Southern Cross,-37.81793643,144.9514112,0,9,09:34:40,09:35:00,20,120,210,110
2023-07-10,Monday,Normal Weekday,Metro,6438,Werribee,Northern & Cross-City,U,Werribee,Flinders Street,Flinders Street,-37.81830513,144.9669643,1232,10,09:39:00,09:39:00,0,110,110,0
2023-07-10,Monday,Normal Weekday,Metro,6439,Werribee,Northern & Cross-City,D,Flinders Street,Werribee,Flinders Street,-37.81830513,144.9669643,1232,1,09:24:00,09:24:00,40,0,0,40
2023-07-10,Monday,Normal Weekday,Metro,6439,Werribee,Northern & Cross-City,D,Flinders Street,Werribee,Southern Cross,-37.81793643,144.9514112,0,2,09:27:40,09:28:00,20,20,40,30
2023-07-10,Monday,Normal Weekday,Metro,6439,Werribee,Northern & Cross-City,D,Flinders Street,Werribee,North Melbourne,-37.80630984,144.9415102,1680,3,09:30:40,09:31:00,0,0,30,40
2023-07-10,Monday,Normal Weekday,Metro,6439,Werribee,Northern & Cross-City,D,Flinders Street,Werribee,Footscray,-37.80108298,144.9031992,5623,4,09:35:40,09:36:00,10,10,40,50
2023-07-10,Monday,Normal Weekday,Metro,6439,Werribee,Northern & Cross-City,D,Flinders Street,Werribee,Newport,-37.84271757,144.8835999,10555,5,09:42:40,09:43:00,0,10,50,40
2023-07-10,Monday,Normal Weekday,Metro,6439,Werribee,Northern & Cross-City,D,Flinders Street,Werribee,Laverton,-37.86369404,144.7726167,21005,6,09:50:40,09:51:00,0,10,40,40
2023-07-10,Monday,Normal Weekday,Metro,6439,Werribee,Northern & Cross-City,D,Flinders Street,Werribee,Aircraft,-37.86660595,144.7608094,22226,7,09:51:40,09:52:00,0,10,40,30
2023-07-10,Monday,Normal Weekday,Metro,6439,Werribee,Northern & Cross-City,D,Flinders Street,Werribee,Williams Landing,-37.86986533,144.7474447,23200,8,09:54:40,09:55:00,0,10,30,20
2023-07-10,Monday,Normal Weekday,Metro,6439,Werribee,Northern & Cross-City,D,Flinders Street,Werribee,Hoppers Crossing,-37.88327618,144.7009549,27665,9,09:58:40,09:59:00,0,10,20,10
2023-07-10,Monday,Normal Weekday,Metro,6439,Werribee,Northern & Cross-City,D,Flinders Street,Werribee,Werribee,-37.89937805,144.661118,31697,10,10:04:00,10:04:00,0,10,10,0
2023-07-10,Monday,Normal Weekday,Metro,6440,Werribee,Northern & Cross-City,U,Werribee,Flinders Street,Werribee,-37.89937805,144.661118,31697,1,09:09:00,09:09:00,70,0,0,70
2023-07-10,Monday,Normal Weekday,Metro,6440,Werribee,Northern & Cross-City,U,Werribee,Flinders Street,Hoppers Crossing,-37.88327618,144.7009549,27665,2,09:11:40,09:12:00,40,0,70,110
2023-07-10,Monday,Normal Weekday,Metro,6440,Werribee,Northern & Cross-City,U,Werribee,Flinders Street,Williams Landing,-37.86986533,144.7474447,23200,3,09:14:40,09:15:00,80,0,110,190
2023-07-10,Monday,Normal Weekday,Metro,6440,Werribee,Northern & Cross-City,U,Werribee,Flinders Street,Aircraft,-37.86660595,144.7608094,22226,4,09:17:40,09:18:00,10,0,190,200
2023-07-10,Monday,Normal Weekday,Metro,6440,Werribee,Northern & Cross-City,U,Werribee,Flinders Street,Laverton,-37.86369404,144.7726167,21005,5,09:19:40,09:20:00,40,0,200,230
2023-07-10,Monday,Normal Weekday,Metro,6440,Werribee,Northern & Cross-City,U,Werribee,Flinders Street,Newport,-37.84271757,144.8835999,10555,6,09:29:00,09:30:00,20,10,230,250
2023-07-10,Monday,Normal Weekday,Metro,6440,Werribee,Northern & Cross-City,U,Werribee,Flinders Street,Footscray,-37.80108298,144.9031992,5623,7,09:35:40,09:36:00,40,20,250,270
2023-07-10,Monday,Normal Weekday,Metro,6440,Werribee,Northern & Cross-City,U,Werribee,Flinders Street,North Melbourne,-37.80630984,144.9415102,1680,8,09:40:40,09:41:00,0,30,270,240
2023-07-10,Monday,Normal Weekday,Metro,6440,Werribee,Northern & Cross-City,U,Werribee,Flinders Street,Southern Cross,-37.81793643,144.9514112,0,9,09:44:40,09:45:00,0,120,240,130
2023-07-10,Monday,Normal Weekday,Metro,6440,Werribee,Northern & Cross-City,U,Werribee,Flinders Street,Flinders Street,-37.81830513,144.9669643,1232,10,09:49:00,09:49:00,0,130,130,0
2023-07-10,Monday,Normal Weekday,Metro,6441,Werribee,Northern & Cross-City,D,Flinders Street,Werribee,Flinders Street,-37.81830513,144.9669643,1232,1,09:44:00,09:44:00,20,0,0,20
2023-07-10,Monday,Normal Weekday,Metro,6441,Werribee,Northern & Cross-City,D,Flinders Street,Werribee,Southern Cross,-37.81793643,144.9514112,0,2,09:47:40,09:48:00,20,0,20,40
2023-07-10,Monday,Normal Weekday,Metro,6441,Werribee,Northern & Cross-City,D,Flinders Street,Werribee,North Melbourne,-37.80630984,144.9415102,1680,3,09:50:40,09:51:00,10,0,40,40
2023-07-10,Monday,Normal Weekday,Metro,6441,Werribee,Northern & Cross-City,D,Flinders Street,Werribee,Footscray,-37.80108298,144.9031992,5623,4,09:55:40,09:56:00,10,10,40,50
2023-07-10,Monday,Normal Weekday,Metro,6441,Werribee,Northern & Cross-City,D,Flinders Street,Werribee,Newport,-37.84271757,144.8835999,10555,5,10:02:00,10:03:00,0,10,50,40
2023-07-10,Monday,Normal Weekday,Metro,6441,Werribee,Northern & Cross-City,D,Flinders Street,Werribee,Laverton,-37.86369404,144.7726167,21005,6,10:10:40,10:11:00,10,0,40,40
2023-07-10,Monday,Normal Weekday,Metro,6441,Werribee,Northern & Cross-City,D,Flinders Street,Werribee,Aircraft,-37.86660595,144.7608094,22226,7,10:11:40,10:12:00,0,0,40,40
2023-07-10,Monday,Normal Weekday,Metro,6441,Werribee,Northern & Cross-City,D,Flinders Street,Werribee,Williams Landing,-37.86986533,144.7474447,23200,8,10:14:40,10:15:00,10,10,40,40
2023-07-10,Monday,Normal Weekday,Metro,6441,Werribee,Northern & Cross-City,D,Flinders Street,Werribee,Hoppers Crossing,-37.88327618,144.7009549,27665,9,10:18:40,10:19:00,10,20,40,20
2023-07-10,Monday,Normal Weekday,Metro,6441,Werribee,Northern & Cross-City,D,Flinders Street,Werribee,Werribee,-37.89937805,144.661118,31697,10,10:24:00,10:24:00,0,20,20,0
2023-07-10,Monday,Normal Weekday,Metro,6442,Werribee,Northern & Cross-City,U,Werribee,Flinders Street,Werribee,-37.89937805,144.661118,31697,1,09:19:00,09:19:00,30,0,0,30
2023-07-10,Monday,Normal Weekday,Metro,6442,Werribee,Northern & Cross-City,U,Werribee,Flinders Street,Hoppers Crossing,-37.88327618,144.7009549,27665,2,09:21:40,09:22:00,20,0,30,40
2023-07-10,Monday,Normal Weekday,Metro,6442,Werribee,Northern & Cross-City,U,Werribee,Flinders Street,Williams Landing,-37.86986533,144.7474447,23200,3,09:24:40,09:25:00,20,0,40,60
2023-07-10,Monday,Normal Weekday,Metro,6442,Werribee,Northern & Cross-City,U,Werribee,Flinders Street,Aircraft,-37.86660595,144.7608094,22226,4,09:27:40,09:28:00,0,0,60,60
2023-07-10,Monday,Normal Weekday,Metro,6442,Werribee,Northern & Cross-City,U,Werribee,Flinders Street,Laverton,-37.86369404,144.7726167,21005,5,09:29:40,09:30:00,10,0,60,70
2023-07-10,Monday,Normal Weekday,Metro,6442,Werribee,Northern & Cross-City,U,Werribee,Flinders Street,Newport,-37.84271757,144.8835999,10555,6,09:39:00,09:40:00,0,10,70,70
2023-07-10,Monday,Normal Weekday,Metro,6442,Werribee,Northern & Cross-City,U,Werribee,Flinders Street,Footscray,-37.80108298,144.9031992,5623,7,09:45:40,09:46:00,20,0,70,80
2023-07-10,Monday,Normal Weekday,Metro,6442,Werribee,Northern & Cross-City,U,Werribee,Flinders Street,North Melbourne,-37.80630984,144.9415102,1680,8,09:50:40,09:51:00,0,10,80,70
2023-07-10,Monday,Normal Weekday,Metro,6442,Werribee,Northern & Cross-City,U,Werribee,Flinders Street,Southern Cross,-37.81793643,144.9514112,0,9,09:54:40,09:55:00,20,30,70,60
2023-07-10,Monday,Normal Weekday,Metro,6442,Werribee,Northern & Cross-City,U,Werribee,Flinders Street,Flinders Street,-37.81830513,144.9669643,1232,10,09:59:00,09:59:00,0,60,60,0
2023-07-10,Monday,Normal Weekday,Metro,6443,Werribee,Northern & Cross-City,D,Flinders Street,Werribee,Flinders Street,-37.81830513,144.9669643,1232,1,10:04:00,10:04:00,30,0,0,30
2023-07-10,Monday,Normal Weekday,Metro,6443,Werribee,Northern & Cross-City,D,Flinders Street,Werribee,Southern Cross,-37.81793643,144.9514112,0,2,10:07:40,10:08:00,30,10,30,40
2023-07-10,Monday,Normal Weekday,Metro,6443,Werribee,Northern & Cross-City,D,Flinders Street,Werribee,North Melbourne,-37.80630984,144.9415102,1680,3,10:10:40,10:11:00,10,0,40,50
2023-07-10,Monday,Normal Weekday,Metro,6443,Werribee,Northern & Cross-City,D,Flinders Street,Werribee,Footscray,-37.80108298,144.9031992,5623,4,10:15:40,10:16:00,20,10,50,50
2023-07-10,Monday,Normal Weekday,Metro,6443,Werribee,Northern & Cross-City,D,Flinders Street,Werribee,Newport,-37.84271757,144.8835999,10555,5,10:22:00,10:23:00,10,10,50,50
2023-07-10,Monday,Normal Weekday,Metro,6443,Werribee,Northern & Cross-City,D,Flinders Street,Werribee,Laverton,-37.86369404,144.7726167,21005,6,10:30:40,10:31:00,10,10,50,60
2023-07-10,Monday,Normal Weekday,Metro,6443,Werribee,Northern & Cross-City,D,Flinders Street,Werribee,Aircraft,-37.86660595,144.7608094,22226,7,10:31:40,10:32:00,0,0,60,60
2023-07-10,Monday,Normal Weekday,Metro,6443,Werribee,Northern & Cross-City,D,Flinders Street,Werribee,Williams Landing,-37.86986533,144.7474447,23200,8,10:34:40,10:35:00,0,0,60,50
2023-07-10,Monday,Normal Weekday,Metro,6443,Werribee,Northern & Cross-City,D,Flinders Street,Werribee,Hoppers Crossing,-37.88327618,144.7009549,27665,9,10:38:40,10:39:00,0,20,50,40
2023-07-10,Monday,Normal Weekday,Metro,6443,Werribee,Northern & Cross-City,D,Flinders Street,Werribee,Werribee,-37.89937805,144.661118,31697,10,10:44:00,10:44:00,0,40,40,0
2023-07-10,Monday,Normal Weekday,Metro,6444,Werribee,Northern & Cross-City,U,Werribee,Flinders Street,Werribee,-37.89937805,144.661118,31697,1,09:29:00,09:29:00,40,0,0,40
2023-07-10,Monday,Normal Weekday,Metro,6444,Werribee,Northern & Cross-City,U,Werribee,Flinders Street,Hoppers Crossing,-37.88327618,144.7009549,27665,2,09:31:40,09:32:00,20,0,40,50
2023-07-10,Monday,Normal Weekday,Metro,6444,Werribee,Northern & Cross-City,U,Werribee,Flinders Street,Williams Landing,-37.86986533,144.7474447,23200,3,09:34:40,09:35:00,40,0,50,100
2023-07-10,Monday,Normal Weekday,Metro,6444,Werribee,Northern & Cross-City,U,Werribee,Flinders Street,Aircraft,-37.86660595,144.7608094,22226,4,09:37:40,09:38:00,0,0,100,100
2023-07-10,Monday,Normal Weekday,Metro,6444,Werribee,Northern & Cross-City,U,Werribee,Flinders Street,Laverton,-37.86369404,144.7726167,21005,5,09:39:40,09:40:00,20,10,100,110
2023-07-10,Monday,Normal Weekday,Metro,6444,Werribee,Northern & Cross-City,U,Werribee,Flinders Street,Newport,-37.84271757,144.8835999,10555,6,09:49:00,09:50:00,10,0,110,120
2023-07-10,Monday,Normal Weekday,Metro,6444,Werribee,Northern & Cross-City,U,Werribee,Flinders Street,Footscray,-37.80108298,144.9031992,5623,7,09:55:40,09:56:00,20,10,120,130
2023-07-10,Monday,Normal Weekday,Metro,6444,Werribee,Northern & Cross-City,U,Werribee,Flinders Street,North Melbourne,-37.80630984,144.9415102,1680,8,10:00:40,10:01:00,0,10,130,120
2023-07-10,Monday,Normal Weekday,Metro,6444,Werribee,Northern & Cross-City,U,Werribee,Flinders Street,Southern Cross,-37.81793643,144.9514112,0,9,10:04:40,10:05:00,20,80,120,60
2023-07-10,Monday,Normal Weekday,Metro,6444,Werribee,Northern & Cross-City,U,Werribee,Flinders Street,Flinders Street,-37.81830513,144.9669643,1232,10,10:09:00,10:09:00,0,60,60,0
2023-07-10,Monday,Normal Weekday,Metro,6445,Werribee,Northern & Cross-City,D,Flinders Street,Werribee,Flinders Street,-37.81830513,144.9669643,1232,1,10:24:00,10:24:00,50,0,0,50
2023-07-10,Monday,Normal Weekday,Metro,6445,Werribee,Northern & Cross-City,D,Flinders Street,Werribee,Southern Cross,-37.81793643,144.9514112,0,2,10:27:40,10:28:00,30,10,50,70
2023-07-10,Monday,Normal Weekday,Metro,6445,Werribee,Northern & Cross-City,D,Flinders Street,Werribee,North Melbourne,-37.80630984,144.9415102,1680,3,10:30:40,10:31:00,10,0,70,80
2023-07-10,Monday,Normal Weekday,Metro,6445,Werribee,Northern & Cross-City,D,Flinders Street,Werribee,Footscray,-37.80108298,144.9031992,5623,4,10:35:40,10:36:00,20,40,80,60
2023-07-10,Monday,Normal Weekday,Metro,6445,Werribee,Northern & Cross-City,D,Flinders Street,Werribee,Newport,-37.84271757,144.8835999,10555,5,10:42:00,10:43:00,10,0,60,70
2023-07-10,Monday,Normal Weekday,Metro,6445,Werribee,Northern & Cross-City,D,Flinders Street,Werribee,Laverton,-37.86369404,144.7726167,21005,6,10:50:40,10:51:00,10,10,70,70
2023-07-10,Monday,Normal Weekday,Metro,6445,Werribee,Northern & Cross-City,D,Flinders Street,Werribee,Aircraft,-37.86660595,144.7608094,22226,7,10:51:40,10:52:00,0,0,70,60
2023-07-10,Monday,Normal Weekday,Metro,6445,Werribee,Northern & Cross-City,D,Flinders Street,Werribee,Williams Landing,-37.86986533,144.7474447,23200,8,10:54:40,10:55:00,0,10,60,50
2023-07-10,Monday,Normal Weekday,Metro,6445,Werribee,Northern & Cross-City,D,Flinders Street,Werribee,Hoppers Crossing,-37.88327618,144.7009549,27665,9,10:58:40,10:59:00,0,20,50,40
2023-07-10,Monday,Normal Weekday,Metro,6445,Werribee,Northern & Cross-City,D,Flinders Street,Werribee,Werribee,-37.89937805,144.661118,31697,10,11:04:00,11:04:00,0,40,40,0
2023-07-10,Monday,Normal Weekday,Metro,6446,Werribee,Northern & Cross-City,U,Werribee,Flinders Street,Werribee,-37.89937805,144.661118,31697,1,09:39:00,09:39:00,30,0,0,30
2023-07-10,Monday,Normal Weekday,Metro,6446,Werribee,Northern & Cross-City,U,Werribee,Flinders Street,Hoppers Crossing,-37.88327618,144.7009549,27665,2,09:41:40,09:42:00,10,0,30,40
2023-07-10,Monday,Normal Weekday,Metro,6446,Werribee,Northern & Cross-City,U,Werribee,Flinders Street,Williams Landing,-37.86986533,144.7474447,23200,3,09:44:40,09:45:00,30,0,40,60
2023-07-10,Monday,Normal Weekday,Metro,6446,Werribee,Northern & Cross-City,U,Werribee,Flinders Street,Aircraft,-37.86660595,144.7608094,22226,4,09:47:40,09:48:00,0,0,60,60
2023-07-10,Monday,Normal Weekday,Metro,6446,Werribee,Northern & Cross-City,U,Werribee,Flinders Street,Laverton,-37.86369404,144.7726167,21005,5,09:49:40,09:50:00,20,0,60,70
2023-07-10,Monday,Normal Weekday,Metro,6446,Werribee,Northern & Cross-City,U,Werribee,Flinders Street,Newport,-37.84271757,144.8835999,10555,6,09:59:00,10:00:00,10,0,70,80
2023-07-10,Monday,Normal Weekday,Metro,6446,Werribee,Northern & Cross-City,U,Werribee,Flinders Street,Footscray,-37.80108298,144.9031992,5623,7,10:05:40,10:06:00,10,10,80,80
2023-07-10,Monday,Normal Weekday,Metro,6446,Werribee,Northern & Cross-City,U,Werribee,Flinders Street,North Melbourne,-37.80630984,144.9415102,1680,8,10:10:40,10:11:00,20,20,80,80
2023-07-10,Monday,Normal Weekday,Metro,6446,Werribee,Northern & Cross-City,U,Werribee,Flinders Street,Southern Cross,-37.81793643,144.9514112,0,9,10:14:40,10:15:00,10,50,80,40
2023-07-10,Monday,Normal Weekday,Metro,6446,Werribee,Northern & Cross-City,U,Werribee,Flinders Street,Flinders Street,-37.81830513,144.9669643,1232,10,10:19:00,10:19:00,0,40,40,0
2023-07-10,Monday,Normal Weekday,Metro,6447,Werribee,Northern & Cross-City,D,Flinders Street,Werribee,Flinders Street,-37.81830513,144.9669643,1232,1,10:44:00,10:44:00,50,0,0,50
2023-07-10,Monday,Normal Weekday,Metro,6447,Werribee,Northern & Cross-City,D,Flinders Street,Werribee,Southern Cross,-37.81793643,144.9514112,0,2,10:47:40,10:48:00,30,10,50,80
2023-07-10,Monday,Normal Weekday,Metro,6447,Werribee,Northern & Cross-City,D,Flinders Street,Werribee,North Melbourne,-37.80630984,144.9415102,1680,3,10:50:40,10:51:00,10,0,80,80
2023-07-10,Monday,Normal Weekday,Metro,6447,Werribee,Northern & Cross-City,D,Flinders Street,Werribee,Footscray,-37.80108298,144.9031992,5623,4,10:55:40,10:56:00,10,20,80,70
2023-07-10,Monday,Normal Weekday,Metro,6447,Werribee,Northern & Cross-City,D,Flinders Street,Werribee,Newport,-37.84271757,144.8835999,10555,5,11:02:00,11:03:00,10,0,70,70
2023-07-10,Monday,Normal Weekday,Metro,6447,Werribee,Northern & Cross-City,D,Flinders Street,Werribee,Laverton,-37.86369404,144.7726167,21005,6,11:10:40,11:11:00,10,10,70,70
2023-07-10,Monday,Normal Weekday,Metro,6447,Werribee,Northern & Cross-City,D,Flinders Street,Werribee,Aircraft,-37.86660595,144.7608094,22226,7,11:11:40,11:12:00,0,0,70,70
2023-07-10,Monday,Normal Weekday,Metro,6447,Werribee,Northern & Cross-City,D,Flinders Street,Werribee,Williams Landing,-37.86986533,144.7474447,23200,8,11:14:40,11:15:00,10,20,70,60
2023-07-10,Monday,Normal Weekday,Metro,6447,Werribee,Northern & Cross-City,D,Flinders Street,Werribee,Hoppers Crossing,-37.88327618,144.7009549,27665,9,11:18:40,11:19:00,0,20,60,40
2023-07-10,Monday,Normal Weekday,Metro,6447,Werribee,Northern & Cross-City,D,Flinders Street,Werribee,Werribee,-37.89937805,144.661118,31697,10,11:24:00,11:24:00,0,40,40,0
2023-07-10,Monday,Normal Weekday,Metro,6448,Werribee,Northern & Cross-City,U,Werribee,Flinders Street,Werribee,-37.89937805,144.661118,31697,1,09:59:00,09:59:00,60,0,0,60
2023-07-10,Monday,Normal Weekday,Metro,6448,Werribee,Northern & Cross-City,U,Werribee,Flinders Street,Hoppers Crossing,-37.88327618,144.7009549,27665,2,10:01:40,10:02:00,40,0,60,100
2023-07-10,Monday,Normal Weekday,Metro,6448,Werribee,Northern & Cross-City,U,Werribee,Flinders Street,Williams Landing,-37.86986533,144.7474447,23200,3,10:04:40,10:05:00,60,10,100,150
2023-07-10,Monday,Normal Weekday,Metro,6448,Werribee,Northern & Cross-City,U,Werribee,Flinders Street,Aircraft,-37.86660595,144.7608094,22226,4,10:07:40,10:08:00,10,0,150,150
2023-07-10,Monday,Normal Weekday,Metro,6448,Werribee,Northern & Cross-City,U,Werribee,Flinders Street,Laverton,-37.86369404,144.7726167,21005,5,10:09:40,10:10:00,30,10,150,170
2023-07-10,Monday,Normal Weekday,Metro,6448,Werribee,Northern & Cross-City,U,Werribee,Flinders Street,Newport,-37.84271757,144.8835999,10555,6,10:19:00,10:20:00,20,10,170,180
2023-07-10,Monday,Normal Weekday,Metro,6448,Werribee,Northern & Cross-City,U,Werribee,Flinders Street,Footscray,-37.80108298,144.9031992,5623,7,10:25:40,10:26:00,30,20,180,190
2023-07-10,Monday,Normal Weekday,Metro,6448,Werribee,Northern & Cross-City,U,Werribee,Flinders Street,North Melbourne,-37.80630984,144.9415102,1680,8,10:30:40,10:31:00,0,30,190,160
2023-07-10,Monday,Normal Weekday,Metro,6448,Werribee,Northern & Cross-City,U,Werribee,Flinders Street,Southern Cross,-37.81793643,144.9514112,0,9,10:34:40,10:35:00,20,60,160,120
2023-07-10,Monday,Normal Weekday,Metro,6448,Werribee,Northern & Cross-City,U,Werribee,Flinders Street,Flinders Street,-37.81830513,144.9669643,1232,10,10:39:00,10:39:00,0,120,120,0
2023-07-10,Monday,Normal Weekday,Metro,6449,Werribee,Northern & Cross-City,D,Flinders Street,Werribee,Flinders Street,-37.81830513,144.9669643,1232,1,11:04:00,11:04:00,60,0,0,60
2023-07-10,Monday,Normal Weekday,Metro,6449,Werribee,Northern & Cross-City,D,Flinders Street,Werribee,Southern Cross,-37.81793643,144.9514112,0,2,11:07:40,11:08:00,30,20,60,80
2023-07-10,Monday,Normal Weekday,Metro,6449,Werribee,Northern & Cross-City,D,Flinders Street,Werribee,North Melbourne,-37.80630984,144.9415102,1680,3,11:10:40,11:11:00,0,0,80,80
2023-07-10,Monday,Normal Weekday,Metro,6449,Werribee,Northern & Cross-City,D,Flinders Street,Werribee,Footscray,-37.80108298,144.9031992,5623,4,11:15:40,11:16:00,10,20,80,70
2023-07-10,Monday,Normal Weekday,Metro,6449,Werribee,Northern & Cross-City,D,Flinders Street,Werribee,Newport,-37.84271757,144.8835999,10555,5,11:22:00,11:23:00,10,0,70,70
2023-07-10,Monday,Normal Weekday,Metro,6449,Werribee,Northern & Cross-City,D,Flinders Street,Werribee,Laverton,-37.86369404,144.7726167,21005,6,11:30:40,11:31:00,10,10,70,60
2023-07-10,Monday,Normal Weekday,Metro,6449,Werribee,Northern & Cross-City,D,Flinders Street,Werribee,Aircraft,-37.86660595,144.7608094,22226,7,11:31:40,11:32:00,0,10,60,60
2023-07-10,Monday,Normal Weekday,Metro,6449,Werribee,Northern & Cross-City,D,Flinders Street,Werribee,Williams Landing,-37.86986533,144.7474447,23200,8,11:34:40,11:35:00,10,10,60,50
2023-07-10,Monday,Normal Weekday,Metro,6449,Werribee,Northern & Cross-City,D,Flinders Street,Werribee,Hoppers Crossing,-37.88327618,144.7009549,27665,9,11:38:40,11:39:00,10,10,50,50
2023-07-10,Monday,Normal Weekday,Metro,6449,Werribee,Northern & Cross-City,D,Flinders Street,Werribee,Werribee,-37.89937805,144.661118,31697,10,11:44:00,11:44:00,0,50,50,0
2023-07-10,Monday,Normal Weekday,Metro,6450,Werribee,Northern & Cross-City,U,Werribee,Flinders Street,Werribee,-37.89937805,144.661118,31697,1,10:19:00,10:19:00,40,0,0,40
2023-07-10,Monday,Normal Weekday,Metro,6450,Werribee,Northern & Cross-City,U,Werribee,Flinders Street,Hoppers Crossing,-37.88327618,144.7009549,27665,2,10:21:40,10:22:00,20,10,40,60
2023-07-10,Monday,Normal Weekday,Metro,6450,Werribee,Northern & Cross-City,U,Werribee,Flinders Street,Williams Landing,-37.86986533,144.7474447,23200,3,10:24:40,10:25:00,50,0,60,110
2023-07-10,Monday,Normal Weekday,Metro,6450,Werribee,Northern & Cross-City,U,Werribee,Flinders Street,Aircraft,-37.86660595,144.7608094,22226,4,10:27:40,10:28:00,0,0,110,110
2023-07-10,Monday,Normal Weekday,Metro,6450,Werribee,Northern & Cross-City,U,Werribee,Flinders Street,Laverton,-37.86369404,144.7726167,21005,5,10:29:40,10:30:00,20,10,110,120
2023-07-10,Monday,Normal Weekday,Metro,6450,Werribee,Northern & Cross-City,U,Werribee,Flinders Street,Newport,-37.84271757,144.8835999,10555,6,10:38:40,10:39:00,10,0,120,130
2023-07-10,Monday,Normal Weekday,Metro,6450,Werribee,Northern & Cross-City,U,Werribee,Flinders Street,Footscray,-37.80108298,144.9031992,5623,7,10:44:40,10:45:00,20,20,130,130
2023-07-10,Monday,Normal Weekday,Metro,6450,Werribee,Northern & Cross-City,U,Werribee,Flinders Street,North Melbourne,-37.80630984,144.9415102,1680,8,10:49:40,10:50:00,0,20,130,120
2023-07-10,Monday,Normal Weekday,Metro,6450,Werribee,Northern & Cross-City,U,Werribee,Flinders Street,Southern Cross,-37.81793643,144.9514112,0,9,10:52:40,10:53:00,30,60,120,90
2023-07-10,Monday,Normal Weekday,Metro,6450,Werribee,Northern & Cross-City,U,Werribee,Flinders Street,Flinders Street,-37.81830513,144.9669643,1232,10,10:58:00,10:58:00,0,90,90,0
2023-07-10,Monday,Normal Weekday,Metro,6451,Werribee,Northern & Cross-City,D,Flinders Street,Werribee,Flinders Street,-37.81830513,144.9669643,1232,1,11:24:00,11:24:00,60,0,0,60
2023-07-10,Monday,Normal Weekday,Metro,6451,Werribee,Northern & Cross-City,D,Flinders Street,Werribee,Southern Cross,-37.81793643,144.9514112,0,2,11:27:40,11:28:00,30,20,60,70
2023-07-10,Monday,Normal Weekday,Metro,6451,Werribee,Northern & Cross-City,D,Flinders Street,Werribee,North Melbourne,-37.80630984,144.9415102,1680,3,11:30:40,11:31:00,0,0,70,70
2023-07-10,Monday,Normal Weekday,Metro,6451,Werribee,Northern & Cross-City,D,Flinders Street,Werribee,Footscray,-37.80108298,144.9031992,5623,4,11:35:40,11:36:00,10,10,70,60
2023-07-10,Monday,Normal Weekday,Metro,6451,Werribee,Northern & Cross-City,D,Flinders Street,Werribee,Newport,-37.84271757,144.8835999,10555,5,11:42:00,11:43:00,10,10,70,70
2023-07-10,Monday,Normal Weekday,Metro,6451,Werribee,Northern & Cross-City,D,Flinders Street,Werribee,Laverton,-37.86369404,144.7726167,21005,6,11:50:40,11:51:00,10,10,70,60
2023-07-10,Monday,Normal Weekday,Metro,6451,Werribee,Northern & Cross-City,D,Flinders Street,Werribee,Aircraft,-37.86660595,144.7608094,22226,7,11:51:40,11:52:00,0,0,60,60
2023-07-10,Monday,Normal Weekday,Metro,6451,Werribee,Northern & Cross-City,D,Flinders Street,Werribee,Williams Landing,-37.86986533,144.7474447,23200,8,11:54:40,11:55:00,0,10,60,50
2023-07-10,Monday,Normal Weekday,Metro,6451,Werribee,Northern & Cross-City,D,Flinders Street,Werribee,Hoppers Crossing,-37.88327618,144.7009549,27665,9,11:58:40,11:59:00,0,20,50,40
2023-07-10,Monday,Normal Weekday,Metro,6451,Werribee,Northern & Cross-City,D,Flinders Street,Werribee,Werribee,-37.89937805,144.661118,31697,10,12:04:00,12:04:00,0,40,40,0
2023-07-10,Monday,Normal Weekday,Metro,6452,Werribee,Northern & Cross-City,U,Werribee,Flinders Street,Werribee,-37.89937805,144.661118,31697,1,10:39:00,10:39:00,40,0,0,40
2023-07-10,Monday,Normal Weekday,Metro,6452,Werribee,Northern & Cross-City,U,Werribee,Flinders Street,Hoppers Crossing,-37.88327618,144.7009549,27665,2,10:41:40,10:42:00,30,0,40,70
2023-07-10,Monday,Normal Weekday,Metro,6452,Werribee,Northern & Cross-City,U,Werribee,Flinders Street,Williams Landing,-37.86986533,144.7474447,23200,3,10:44:40,10:45:00,50,0,70,120
2023-07-10,Monday,Normal Weekday,Metro,6452,Werribee,Northern & Cross-City,U,Werribee,Flinders Street,Aircraft,-37.86660595,144.7608094,22226,4,10:47:40,10:48:00,0,0,120,120
2023-07-10,Monday,Normal Weekday,Metro,6452,Werribee,Northern & Cross-City,U,Werribee,Flinders Street,Laverton,-37.86369404,144.7726167,21005,5,10:49:40,10:50:00,20,10,120,130
2023-07-10,Monday,Normal Weekday,Metro,6452,Werribee,Northern & Cross-City,U,Werribee,Flinders Street,Newport,-37.84271757,144.8835999,10555,6,10:58:40,10:59:00,10,0,130,140
2023-07-10,Monday,Normal Weekday,Metro,6452,Werribee,Northern & Cross-City,U,Werribee,Flinders Street,Footscray,-37.80108298,144.9031992,5623,7,11:04:40,11:05:00,10,20,140,130
2023-07-10,Monday,Normal Weekday,Metro,6452,Werribee,Northern & Cross-City,U,Werribee,Flinders Street,North Melbourne,-37.80630984,144.9415102,1680,8,11:09:40,11:10:00,0,10,130,120
2023-07-10,Monday,Normal Weekday,Metro,6452,Werribee,Northern & Cross-City,U,Werribee,Flinders Street,Southern Cross,-37.81793643,144.9514112,0,9,11:12:40,11:13:00,20,50,130,90
2023-07-10,Monday,Normal Weekday,Metro,6452,Werribee,Northern & Cross-City,U,Werribee,Flinders Street,Flinders Street,-37.81830513,144.9669643,1232,10,11:18:00,11:18:00,0,90,90,0
2023-07-10,Monday,Normal Weekday,Metro,6453,Werribee,Northern & Cross-City,D,Flinders Street,Werribee,Flinders Street,-37.81830513,144.9669643,1232,1,11:44:00,11:44:00,20,0,0,20
2023-07-10,Monday,Normal Weekday,Metro,6453,Werribee,Northern & Cross-City,D,Flinders Street,Werribee,Southern Cross,-37.81793643,144.9514112,0,2,11:47:40,11:48:00,30,0,20,60
2023-07-10,Monday,Normal Weekday,Metro,6453,Werribee,Northern & Cross-City,D,Flinders Street,Werribee,North Melbourne,-37.80630984,144.9415102,1680,3,11:50:40,11:51:00,0,0,60,60
2023-07-10,Monday,Normal Weekday,Metro,6453,Werribee,Northern & Cross-City,D,Flinders Street,Werribee,Footscray,-37.80108298,144.9031992,5623,4,11:55:40,11:56:00,10,0,60,70
2023-07-10,Monday,Normal Weekday,Metro,6453,Werribee,Northern & Cross-City,D,Flinders Street,Werribee,Newport,-37.84271757,144.8835999,10555,5,12:02:00,12:03:00,10,0,70,70
2023-07-10,Monday,Normal Weekday,Metro,6453,Werribee,Northern & Cross-City,D,Flinders Street,Werribee,Laverton,-37.86369404,144.7726167,21005,6,12:10:40,12:11:00,0,10,70,70
2023-07-10,Monday,Normal Weekday,Metro,6453,Werribee,Northern & Cross-City,D,Flinders Street,Werribee,Aircraft,-37.86660595,144.7608094,22226,7,12:11:40,12:12:00,0,0,70,70
2023-07-10,Monday,Normal Weekday,Metro,6453,Werribee,Northern & Cross-City,D,Flinders Street,Werribee,Williams Landing,-37.86986533,144.7474447,23200,8,12:14:40,12:15:00,0,10,70,60
2023-07-10,Monday,Normal Weekday,Metro,6453,Werribee,Northern & Cross-City,D,Flinders Street,Werribee,Hoppers Crossing,-37.88327618,144.7009549,27665,9,12:18:40,12:19:00,0,20,60,40
2023-07-10,Monday,Normal Weekday,Metro,6453,Werribee,Northern & Cross-City,D,Flinders Street,Werribee,Werribee,-37.89937805,144.661118,31697,10,12:24:00,12:24:00,0,40,40,0
2023-07-10,Monday,Normal Weekday,Metro,6454,Werribee,Northern & Cross-City,U,Werribee,Flinders Street,Werribee,-37.89937805,144.661118,31697,1,10:59:00,10:59:00,50,0,0,50
2023-07-10,Monday,Normal Weekday,Metro,6454,Werribee,Northern & Cross-City,U,Werribee,Flinders Street,Hoppers Crossing,-37.88327618,144.7009549,27665,2,11:01:40,11:02:00,20,0,50,70
2023-07-10,Monday,Normal Weekday,Metro,6454,Werribee,Northern & Cross-City,U,Werribee,Flinders Street,Williams Landing,-37.86986533,144.7474447,23200,3,11:04:40,11:05:00,70,0,70,130
2023-07-10,Monday,Normal Weekday,Metro,6454,Werribee,Northern & Cross-City,U,Werribee,Flinders Street,Aircraft,-37.86660595,144.7608094,22226,4,11:07:40,11:08:00,10,0,130,140
2023-07-10,Monday,Normal Weekday,Metro,6454,Werribee,Northern & Cross-City,U,Werribee,Flinders Street,Laverton,-37.86369404,144.7726167,21005,5,11:09:40,11:10:00,40,10,140,160
2023-07-10,Monday,Normal Weekday,Metro,6454,Werribee,Northern & Cross-City,U,Werribee,Flinders Street,Newport,-37.84271757,144.8835999,10555,6,11:18:40,11:19:00,10,10,160,160
2023-07-10,Monday,Normal Weekday,Metro,6454,Werribee,Northern & Cross-City,U,Werribee,Flinders Street,Footscray,-37.80108298,144.9031992,5623,7,11:24:40,11:25:00,20,10,160,170
2023-07-10,Monday,Normal Weekday,Metro,6454,Werribee,Northern & Cross-City,U,Werribee,Flinders Street,North Melbourne,-37.80630984,144.9415102,1680,8,11:29:40,11:30:00,0,30,170,150
2023-07-10,Monday,Normal Weekday,Metro,6454,Werribee,Northern & Cross-City,U,Werribee,Flinders Street,Southern Cross,-37.81793643,144.9514112,0,9,11:32:40,11:33:00,10,60,150,100
2023-07-10,Monday,Normal Weekday,Metro,6454,Werribee,Northern & Cross-City,U,Werribee,Flinders Street,Flinders Street,-37.81830513,144.9669643,1232,10,11:38:00,11:38:00,0,100,100,0
2023-07-10,Monday,Normal Weekday,Metro,6455,Werribee,Northern & Cross-City,D,Flinders Street,Werribee,Flinders Street,-37.81830513,144.9669643,1232,1,12:04:00,12:04:00,60,0,0,60
2023-07-10,Monday,Normal Weekday,Metro,6455,Werribee,Northern & Cross-City,D,Flinders Street,Werribee,Southern Cross,-37.81793643,144.9514112,0,2,12:07:40,12:08:00,60,10,60,100
2023-07-10,Monday,Normal Weekday,Metro,6455,Werribee,Northern & Cross-City,D,Flinders Street,Werribee,North Melbourne,-37.80630984,144.9415102,1680,3,12:10:40,12:11:00,10,0,100,110
2023-07-10,Monday,Normal Weekday,Metro,6455,Werribee,Northern & Cross-City,D,Flinders Street,Werribee,Footscray,-37.80108298,144.9031992,5623,4,12:15:40,12:16:00,10,30,110,90
2023-07-10,Monday,Normal Weekday,Metro,6455,Werribee,Northern & Cross-City,D,Flinders Street,Werribee,Newport,-37.84271757,144.8835999,10555,5,12:22:00,12:23:00,0,10,90,80
2023-07-10,Monday,Normal Weekday,Metro,6455,Werribee,Northern & Cross-City,D,Flinders Street,Werribee,Laverton,-37.86369404,144.7726167,21005,6,12:30:40,12:31:00,10,10,80,70
2023-07-10,Monday,Normal Weekday,Metro,6455,Werribee,Northern & Cross-City,D,Flinders Street,Werribee,Aircraft,-37.86660595,144.7608094,22226,7,12:31:40,12:32:00,0,0,70,70
2023-07-10,Monday,Normal Weekday,Metro,6455,Werribee,Northern & Cross-City,D,Flinders Street,Werribee,Williams Landing,-37.86986533,144.7474447,23200,8,12:34:40,12:35:00,10,20,70,60
2023-07-10,Monday,Normal Weekday,Metro,6455,Werribee,Northern & Cross-City,D,Flinders Street,Werribee,Hoppers Crossing,-37.88327618,144.7009549,27665,9,12:38:40,12:39:00,10,20,60,50
2023-07-10,Monday,Normal Weekday,Metro,6455,Werribee,Northern & Cross-City,D,Flinders Street,Werribee,Werribee,-37.89937805,144.661118,31697,10,12:44:00,12:44:00,0,50,50,0
2023-07-10,Monday,Normal Weekday,Metro,6456,Werribee,Northern & Cross-City,U,Werribee,Flinders Street,Werribee,-37.89937805,144.661118,31697,1,11:19:00,11:19:00,50,0,0,50
2023-07-10,Monday,Normal Weekday,Metro,6456,Werribee,Northern & Cross-City,U,Werribee,Flinders Street,Hoppers Crossing,-37.88327618,144.7009549,27665,2,11:21:40,11:22:00,30,0,50,70
2023-07-10,Monday,Normal Weekday,Metro,6456,Werribee,Northern & Cross-City,U,Werribee,Flinders Street,Williams Landing,-37.86986533,144.7474447,23200,3,11:24:40,11:25:00,50,0,70,120
2023-07-10,Monday,Normal Weekday,Metro,6456,Werribee,Northern & Cross-City,U,Werribee,Flinders Street,Aircraft,-37.86660595,144.7608094,22226,4,11:27:40,11:28:00,10,0,120,120
2023-07-10,Monday,Normal Weekday,Metro,6456,Werribee,Northern & Cross-City,U,Werribee,Flinders Street,Laverton,-37.86369404,144.7726167,21005,5,11:29:40,11:30:00,10,10,120,130
2023-07-10,Monday,Normal Weekday,Metro,6456,Werribee,Northern & Cross-City,U,Werribee,Flinders Street,Newport,-37.84271757,144.8835999,10555,6,11:38:40,11:39:00,10,10,130,140
2023-07-10,Monday,Normal Weekday,Metro,6456,Werribee,Northern & Cross-City,U,Werribee,Flinders Street,Footscray,-37.80108298,144.9031992,5623,7,11:44:40,11:45:00,20,10,140,150
2023-07-10,Monday,Normal Weekday,Metro,6456,Werribee,Northern & Cross-City,U,Werribee,Flinders Street,North Melbourne,-37.80630984,144.9415102,1680,8,11:49:40,11:50:00,10,20,150,140
2023-07-10,Monday,Normal Weekday,Metro,6456,Werribee,Northern & Cross-City,U,Werribee,Flinders Street,Southern Cross,-37.81793643,144.9514112,0,9,11:52:40,11:53:00,0,60,140,90
2023-07-10,Monday,Normal Weekday,Metro,6456,Werribee,Northern & Cross-City,U,Werribee,Flinders Street,Flinders Street,-37.81830513,144.9669643,1232,10,11:58:00,11:58:00,0,90,90,0
2023-07-10,Monday,Normal Weekday,Metro,6457,Werribee,Northern & Cross-City,D,Flinders Street,Werribee,Flinders Street,-37.81830513,144.9669643,1232,1,12:24:00,12:24:00,70,0,0,70
2023-07-10,Monday,Normal Weekday,Metro,6457,Werribee,Northern & Cross-City,D,Flinders Street,Werribee,Southern Cross,-37.81793643,144.9514112,0,2,12:27:40,12:28:00,40,10,70,100
2023-07-10,Monday,Normal Weekday,Metro,6457,Werribee,Northern & Cross-City,D,Flinders Street,Werribee,North Melbourne,-37.80630984,144.9415102,1680,3,12:30:40,12:31:00,10,0,100,110
2023-07-10,Monday,Normal Weekday,Metro,6457,Werribee,Northern & Cross-City,D,Flinders Street,Werribee,Footscray,-37.80108298,144.9031992,5623,4,12:35:40,12:36:00,10,20,110,100
2023-07-10,Monday,Normal Weekday,Metro,6457,Werribee,Northern & Cross-City,D,Flinders Street,Werribee,Newport,-37.84271757,144.8835999,10555,5,12:42:00,12:43:00,0,10,100,90
2023-07-10,Monday,Normal Weekday,Metro,6457,Werribee,Northern & Cross-City,D,Flinders Street,Werribee,Laverton,-37.86369404,144.7726167,21005,6,12:50:40,12:51:00,0,20,90,80
2023-07-10,Monday,Normal Weekday,Metro,6457,Werribee,Northern & Cross-City,D,Flinders Street,Werribee,Aircraft,-37.86660595,144.7608094,22226,7,12:51:40,12:52:00,0,0,80,70
2023-07-10,Monday,Normal Weekday,Metro,6457,Werribee,Northern & Cross-City,D,Flinders Street,Werribee,Williams Landing,-37.86986533,144.7474447,23200,8,12:54:40,12:55:00,0,20,70,50
2023-07-10,Monday,Normal Weekday,Metro,6457,Werribee,Northern & Cross-City,D,Flinders Street,Werribee,Hoppers Crossing,-37.88327618,144.7009549,27665,9,12:58:40,12:59:00,10,10,50,40
2023-07-10,Monday,Normal Weekday,Metro,6457,Werribee,Northern & Cross-City,D,Flinders Street,Werribee,Werribee,-37.89937805,144.661118,31697,10,13:04:00,13:04:00,0,40,40,0
2023-07-10,Monday,Normal Weekday,Metro,6458,Werribee,Northern & Cross-City,U,Werribee,Flinders Street,Werribee,-37.89937805,144.661118,31697,1,11:39:00,11:39:00,20,0,0,20
2023-07-10,Monday,Normal Weekday,Metro,6458,Werribee,Northern & Cross-City,U,Werribee,Flinders Street,Hoppers Crossing,-37.88327618,144.7009549,27665,2,11:41:40,11:42:00,30,0,20,50
2023-07-10,Monday,Normal Weekday,Metro,6458,Werribee,Northern & Cross-City,U,Werribee,Flinders Street,Williams Landing,-37.86986533,144.7474447,23200,3,11:44:40,11:45:00,50,0,50,100
2023-07-10,Monday,Normal Weekday,Metro,6458,Werribee,Northern & Cross-City,U,Werribee,Flinders Street,Aircraft,-37.86660595,144.7608094,22226,4,11:47:40,11:48:00,10,0,100,100
2023-07-10,Monday,Normal Weekday,Metro,6458,Werribee,Northern & Cross-City,U,Werribee,Flinders Street,Laverton,-37.86369404,144.7726167,21005,5,11:49:40,11:50:00,20,0,100,120
2023-07-10,Monday,Normal Weekday,Metro,6458,Werribee,Northern & Cross-City,U,Werribee,Flinders Street,Newport,-37.84271757,144.8835999,10555,6,11:58:40,11:59:00,10,0,120,120
2023-07-10,Monday,Normal Weekday,Metro,6458,Werribee,Northern & Cross-City,U,Werribee,Flinders Street,Footscray,-37.80108298,144.9031992,5623,7,12:04:40,12:05:00,20,20,120,120
2023-07-10,Monday,Normal Weekday,Metro,6458,Werribee,Northern & Cross-City,U,Werribee,Flinders Street,North Melbourne,-37.80630984,144.9415102,1680,8,12:09:40,12:10:00,0,10,120,110
2023-07-10,Monday,Normal Weekday,Metro,6458,Werribee,Northern & Cross-City,U,Werribee,Flinders Street,Southern Cross,-37.81793643,144.9514112,0,9,12:12:40,12:13:00,20,40,110,90
2023-07-10,Monday,Normal Weekday,Metro,6458,Werribee,Northern & Cross-City,U,Werribee,Flinders Street,Flinders Street,-37.81830513,144.9669643,1232,10,12:18:00,12:18:00,0,90,90,0
2023-07-10,Monday,Normal Weekday,Metro,6459,Werribee,Northern & Cross-City,D,Flinders Street,Werribee,Flinders Street,-37.81830513,144.9669643,1232,1,12:44:00,12:44:00,60,0,0,60
2023-07-10,Monday,Normal Weekday,Metro,6459,Werribee,Northern & Cross-City,D,Flinders Street,Werribee,Southern Cross,-37.81793643,144.9514112,0,2,12:47:40,12:48:00,50,10,60,110
2023-07-10,Monday,Normal Weekday,Metro,6459,Werribee,Northern & Cross-City,D,Flinders Street,Werribee,North Melbourne,-37.80630984,144.9415102,1680,3,12:50:40,12:51:00,10,10,110,110
2023-07-10,Monday,Normal Weekday,Metro,6459,Werribee,Northern & Cross-City,D,Flinders Street,Werribee,Footscray,-37.80108298,144.9031992,5623,4,12:55:40,12:56:00,10,10,110,110
2023-07-10,Monday,Normal Weekday,Metro,6459,Werribee,Northern & Cross-City,D,Flinders Street,Werribee,Newport,-37.84271757,144.8835999,10555,5,13:02:00,13:03:00,10,10,110,110
2023-07-10,Monday,Normal Weekday,Metro,6459,Werribee,Northern & Cross-City,D,Flinders Street,Werribee,Laverton,-37.86369404,144.7726167,21005,6,13:10:40,13:11:00,10,30,110,90
2023-07-10,Monday,Normal Weekday,Metro,6459,Werribee,Northern & Cross-City,D,Flinders Street,Werribee,Aircraft,-37.86660595,144.7608094,22226,7,13:11:40,13:12:00,0,10,90,80
2023-07-10,Monday,Normal Weekday,Metro,6459,Werribee,Northern & Cross-City,D,Flinders Street,Werribee,Williams Landing,-37.86986533,144.7474447,23200,8,13:14:40,13:15:00,0,20,80,60
2023-07-10,Monday,Normal Weekday,Metro,6459,Werribee,Northern & Cross-City,D,Flinders Street,Werribee,Hoppers Crossing,-37.88327618,144.7009549,27665,9,13:18:40,13:19:00,0,20,60,40
2023-07-10,Monday,Normal Weekday,Metro,6459,Werribee,Northern & Cross-City,D,Flinders Street,Werribee,Werribee,-37.89937805,144.661118,31697,10,13:24:00,13:24:00,0,40,40,0
2023-07-10,Monday,Normal Weekday,Metro,6460,Werribee,Northern & Cross-City,U,Werribee,Flinders Street,Werribee,-37.89937805,144.661118,31697,1,11:59:00,11:59:00,40,0,0,40
2023-07-10,Monday,Normal Weekday,Metro,6460,Werribee,Northern & Cross-City,U,Werribee,Flinders Street,Hoppers Crossing,-37.88327618,144.7009549,27665,2,12:01:40,12:02:00,20,0,40,60
2023-07-10,Monday,Normal Weekday,Metro,6460,Werribee,Northern & Cross-City,U,Werribee,Flinders Street,Williams Landing,-37.86986533,144.7474447,23200,3,12:04:40,12:05:00,30,0,60,80
2023-07-10,Monday,Normal Weekday,Metro,6460,Werribee,Northern & Cross-City,U,Werribee,Flinders Street,Aircraft,-37.86660595,144.7608094,22226,4,12:07:40,12:08:00,10,0,80,90
2023-07-10,Monday,Normal Weekday,Metro,6460,Werribee,Northern & Cross-City,U,Werribee,Flinders Street,Laverton,-37.86369404,144.7726167,21005,5,12:09:40,12:10:00,10,10,90,90
2023-07-10,Monday,Normal Weekday,Metro,6460,Werribee,Northern & Cross-City,U,Werribee,Flinders Street,Newport,-37.84271757,144.8835999,10555,6,12:18:40,12:19:00,10,0,90,100
2023-07-10,Monday,Normal Weekday,Metro,6460,Werribee,Northern & Cross-City,U,Werribee,Flinders Street,Footscray,-37.80108298,144.9031992,5623,7,12:24:40,12:25:00,20,20,100,100
2023-07-10,Monday,Normal Weekday,Metro,6460,Werribee,Northern & Cross-City,U,Werribee,Flinders Street,North Melbourne,-37.80630984,144.9415102,1680,8,12:29:40,12:30:00,0,10,100,80
2023-07-10,Monday,Normal Weekday,Metro,6460,Werribee,Northern & Cross-City,U,Werribee,Flinders Street,Southern Cross,-37.81793643,144.9514112,0,9,12:32:40,12:33:00,10,40,80,40
2023-07-10,Monday,Normal Weekday,Metro,6460,Werribee,Northern & Cross-City,U,Werribee,Flinders Street,Flinders Street,-37.81830513,144.9669643,1232,10,12:38:00,12:38:00,0,40,40,0
2023-07-10,Monday,Normal Weekday,Metro,6461,Werribee,Northern & Cross-City,D,Flinders Street,Werribee,Flinders Street,-37.81830513,144.9669643,1232,1,13:04:00,13:04:00,70,0,0,70
2023-07-10,Monday,Normal Weekday,Metro,6461,Werribee,Northern & Cross-City,D,Flinders Street,Werribee,Southern Cross,-37.81793643,144.9514112,0,2,13:07:40,13:08:00,70,10,70,130
2023-07-10,Monday,Normal Weekday,Metro,6461,Werribee,Northern & Cross-City,D,Flinders Street,Werribee,North Melbourne,-37.80630984,144.9415102,1680,3,13:10:40,13:11:00,10,10,130,130
2023-07-10,Monday,Normal Weekday,Metro,6461,Werribee,Northern & Cross-City,D,Flinders Street,Werribee,Footscray,-37.80108298,144.9031992,5623,4,13:15:40,13:16:00,20,20,130,130
2023-07-10,Monday,Normal Weekday,Metro,6461,Werribee,Northern & Cross-City,D,Flinders Street,Werribee,Newport,-37.84271757,144.8835999,10555,5,13:22:00,13:23:00,0,10,130,120
2023-07-10,Monday,Normal Weekday,Metro,6461,Werribee,Northern & Cross-City,D,Flinders Street,Werribee,Laverton,-37.86369404,144.7726167,21005,6,13:30:40,13:31:00,10,30,120,100
2023-07-10,Monday,Normal Weekday,Metro,6461,Werribee,Northern & Cross-City,D,Flinders Street,Werribee,Aircraft,-37.86660595,144.7608094,22226,7,13:31:40,13:32:00,0,10,100,100
2023-07-10,Monday,Normal Weekday,Metro,6461,Werribee,Northern & Cross-City,D,Flinders Street,Werribee,Williams Landing,-37.86986533,144.7474447,23200,8,13:34:40,13:35:00,10,30,100,70
2023-07-10,Monday,Normal Weekday,Metro,6461,Werribee,Northern & Cross-City,D,Flinders Street,Werribee,Hoppers Crossing,-37.88327618,144.7009549,27665,9,13:38:40,13:39:00,10,30,70,50
2023-07-10,Monday,Normal Weekday,Metro,6461,Werribee,Northern & Cross-City,D,Flinders Street,Werribee,Werribee,-37.89937805,144.661118,31697,10,13:44:00,13:44:00,0,50,50,0
2023-07-10,Monday,Normal Weekday,Metro,6462,Werribee,Northern & Cross-City,U,Werribee,Flinders Street,Werribee,-37.89937805,144.661118,31697,1,12:19:00,12:19:00,40,0,0,40
2023-07-10,Monday,Normal Weekday,Metro,6462,Werribee,Northern & Cross-City,U,Werribee,Flinders Street,Hoppers Crossing,-37.88327618,144.7009549,27665,2,12:21:40,12:22:00,20,0,40,60
2023-07-10,Monday,Normal Weekday,Metro,6462,Werribee,Northern & Cross-City,U,Werribee,Flinders Street,Williams Landing,-37.86986533,144.7474447,23200,3,12:24:40,12:25:00,40,0,60,100
2023-07-10,Monday,Normal Weekday,Metro,6462,Werribee,Northern & Cross-City,U,Werribee,Flinders Street,Aircraft,-37.86660595,144.7608094,22226,4,12:27:40,12:28:00,0,0,100,100
2023-07-10,Monday,Normal Weekday,Metro,6462,Werribee,Northern & Cross-City,U,Werribee,Flinders Street,Laverton,-37.86369404,144.7726167,21005,5,12:29:40,12:30:00,20,0,100,120
2023-07-10,Monday,Normal Weekday,Metro,6462,Werribee,Northern & Cross-City,U,Werribee,Flinders Street,Newport,-37.84271757,144.8835999,10555,6,12:38:40,12:39:00,0,10,120,110
2023-07-10,Monday,Normal Weekday,Metro,6462,Werribee,Northern & Cross-City,U,Werribee,Flinders Street,Footscray,-37.80108298,144.9031992,5623,7,12:44:40,12:45:00,20,10,110,120
2023-07-10,Monday,Normal Weekday,Metro,6462,Werribee,Northern & Cross-City,U,Werribee,Flinders Street,North Melbourne,-37.80630984,144.9415102,1680,8,12:49:40,12:50:00,0,10,120,110
2023-07-10,Monday,Normal Weekday,Metro,6462,Werribee,Northern & Cross-City,U,Werribee,Flinders Street,Southern Cross,-37.81793643,144.9514112,0,9,12:52:40,12:53:00,20,60,110,70
2023-07-10,Monday,Normal Weekday,Metro,6462,Werribee,Northern & Cross-City,U,Werribee,Flinders Street,Flinders Street,-37.81830513,144.9669643,1232,10,12:58:00,12:58:00,0,70,70,0
2023-07-10,Monday,Normal Weekday,Metro,6463,Werribee,Northern & Cross-City,D,Flinders Street,Werribee,Flinders Street,-37.81830513,144.9669643,1232,1,13:24:00,13:24:00,50,0,0,50
2023-07-10,Monday,Normal Weekday,Metro,6463,Werribee,Northern & Cross-City,D,Flinders Street,Werribee,Southern Cross,-37.81793643,144.9514112,0,2,13:27:40,13:28:00,60,0,50,100
2023-07-10,Monday,Normal Weekday,Metro,6463,Werribee,Northern & Cross-City,D,Flinders Street,Werribee,North Melbourne,-37.80630984,144.9415102,1680,3,13:30:40,13:31:00,30,0,100,130
2023-07-10,Monday,Normal Weekday,Metro,6463,Werribee,Northern & Cross-City,D,Flinders Street,Werribee,Footscray,-37.80108298,144.9031992,5623,4,13:35:40,13:36:00,10,20,130,120
2023-07-10,Monday,Normal Weekday,Metro,6463,Werribee,Northern & Cross-City,D,Flinders Street,Werribee,Newport,-37.84271757,144.8835999,10555,5,13:42:00,13:43:00,10,10,120,120
2023-07-10,Monday,Normal Weekday,Metro,6463,Werribee,Northern & Cross-City,D,Flinders Street,Werribee,Laverton,-37.86369404,144.7726167,21005,6,13:50:40,13:51:00,0,30,120,100
2023-07-10,Monday,Normal Weekday,Metro,6463,Werribee,Northern & Cross-City,D,Flinders Street,Werribee,Aircraft,-37.86660595,144.7608094,22226,7,13:51:40,13:52:00,0,0,100,100
2023-07-10,Monday,Normal Weekday,Metro,6463,Werribee,Northern & Cross-City,D,Flinders Street,Werribee,Williams Landing,-37.86986533,144.7474447,23200,8,13:54:40,13:55:00,0,30,100,70
2023-07-10,Monday,Normal Weekday,Metro,6463,Werribee,Northern & Cross-City,D,Flinders Street,Werribee,Hoppers Crossing,-37.88327618,144.7009549,27665,9,13:58:40,13:59:00,10,30,70,50
2023-07-10,Monday,Normal Weekday,Metro,6463,Werribee,Northern & Cross-City,D,Flinders Street,Werribee,Werribee,-37.89937805,144.661118,31697,10,14:04:00,14:04:00,0,50,50,0
2023-07-10,Monday,Normal Weekday,Metro,6464,Werribee,Northern & Cross-City,U,Werribee,Flinders Street,Werribee,-37.89937805,144.661118,31697,1,12:39:00,12:39:00,40,0,0,40
2023-07-10,Monday,Normal Weekday,Metro,6464,Werribee,Northern & Cross-City,U,Werribee,Flinders Street,Hoppers Crossing,-37.88327618,144.7009549,27665,2,12:41:40,12:42:00,20,0,40,50
2023-07-10,Monday,Normal Weekday,Metro,6464,Werribee,Northern & Cross-City,U,Werribee,Flinders Street,Williams Landing,-37.86986533,144.7474447,23200,3,12:44:40,12:45:00,20,0,50,70
2023-07-10,Monday,Normal Weekday,Metro,6464,Werribee,Northern & Cross-City,U,Werribee,Flinders Street,Aircraft,-37.86660595,144.7608094,22226,4,12:47:40,12:48:00,0,0,70,80
2023-07-10,Monday,Normal Weekday,Metro,6464,Werribee,Northern & Cross-City,U,Werribee,Flinders Street,Laverton,-37.86369404,144.7726167,21005,5,12:49:40,12:50:00,20,10,80,90
2023-07-10,Monday,Normal Weekday,Metro,6464,Werribee,Northern & Cross-City,U,Werribee,Flinders Street,Newport,-37.84271757,144.8835999,10555,6,12:58:40,12:59:00,10,10,90,80
2023-07-10,Monday,Normal Weekday,Metro,6464,Werribee,Northern & Cross-City,U,Werribee,Flinders Street,Footscray,-37.80108298,144.9031992,5623,7,13:04:40,13:05:00,20,20,80,90
2023-07-10,Monday,Normal Weekday,Metro,6464,Werribee,Northern & Cross-City,U,Werribee,Flinders Street,North Melbourne,-37.80630984,144.9415102,1680,8,13:09:40,13:10:00,0,10,90,80
2023-07-10,Monday,Normal Weekday,Metro,6464,Werribee,Northern & Cross-City,U,Werribee,Flinders Street,Southern Cross,-37.81793643,144.9514112,0,9,13:12:40,13:13:00,30,40,80,70
2023-07-10,Monday,Normal Weekday,Metro,6464,Werribee,Northern & Cross-City,U,Werribee,Flinders Street,Flinders Street,-37.81830513,144.9669643,1232,10,13:18:00,13:18:00,0,70,70,0
2023-07-10,Monday,Normal Weekday,Metro,6465,Werribee,Northern & Cross-City,D,Flinders Street,Werribee,Flinders Street,-37.81830513,144.9669643,1232,1,13:44:00,13:44:00,100,0,0,100
2023-07-10,Monday,Normal Weekday,Metro,6465,Werribee,Northern & Cross-City,D,Flinders Street,Werribee,Southern Cross,-37.81793643,144.9514112,0,2,13:47:40,13:48:00,60,10,100,150
2023-07-10,Monday,Normal Weekday,Metro,6465,Werribee,Northern & Cross-City,D,Flinders Street,Werribee,North Melbourne,-37.80630984,144.9415102,1680,3,13:50:40,13:51:00,30,10,150,170
2023-07-10,Monday,Normal Weekday,Metro,6465,Werribee,Northern & Cross-City,D,Flinders Street,Werribee,Footscray,-37.80108298,144.9031992,5623,4,13:55:40,13:56:00,20,30,170,150
2023-07-10,Monday,Normal Weekday,Metro,6465,Werribee,Northern & Cross-City,D,Flinders Street,Werribee,Newport,-37.84271757,144.8835999,10555,5,14:02:00,14:03:00,10,10,150,150
2023-07-10,Monday,Normal Weekday,Metro,6465,Werribee,Northern & Cross-City,D,Flinders Street,Werribee,Laverton,-37.86369404,144.7726167,21005,6,14:10:40,14:11:00,10,30,150,130
2023-07-10,Monday,Normal Weekday,Metro,6465,Werribee,Northern & Cross-City,D,Flinders Street,Werribee,Aircraft,-37.86660595,144.7608094,22226,7,14:11:40,14:12:00,0,0,130,130
2023-07-10,Monday,Normal Weekday,Metro,6465,Werribee,Northern & Cross-City,D,Flinders Street,Werribee,Williams Landing,-37.86986533,144.7474447,23200,8,14:14:40,14:15:00,0,30,130,100
2023-07-10,Monday,Normal Weekday,Metro,6465,Werribee,Northern & Cross-City,D,Flinders Street,Werribee,Hoppers Crossing,-37.88327618,144.7009549,27665,9,14:18:40,14:19:00,10,40,100,60
2023-07-10,Monday,Normal Weekday,Metro,6465,Werribee,Northern & Cross-City,D,Flinders Street,Werribee,Werribee,-37.89937805,144.661118,31697,10,14:24:00,14:24:00,0,60,60,0
2023-07-10,Monday,Normal Weekday,Metro,6466,Werribee,Northern & Cross-City,U,Werribee,Flinders Street,Werribee,-37.89937805,144.661118,31697,1,12:59:00,12:59:00,30,0,0,30
2023-07-10,Monday,Normal Weekday,Metro,6466,Werribee,Northern & Cross-City,U,Werribee,Flinders Street,Hoppers Crossing,-37.88327618,144.7009549,27665,2,13:01:40,13:02:00,10,0,30,40
2023-07-10,Monday,Normal Weekday,Metro,6466,Werribee,Northern & Cross-City,U,Werribee,Flinders Street,Williams Landing,-37.86986533,144.7474447,23200,3,13:04:40,13:05:00,30,0,40,60
2023-07-10,Monday,Normal Weekday,Metro,6466,Werribee,Northern & Cross-City,U,Werribee,Flinders Street,Aircraft,-37.86660595,144.7608094,22226,4,13:07:40,13:08:00,10,0,60,70
2023-07-10,Monday,Normal Weekday,Metro,6466,Werribee,Northern & Cross-City,U,Werribee,Flinders Street,Laverton,-37.86369404,144.7726167,21005,5,13:09:40,13:10:00,20,10,70,80
2023-07-10,Monday,Normal Weekday,Metro,6466,Werribee,Northern & Cross-City,U,Werribee,Flinders Street,Newport,-37.84271757,144.8835999,10555,6,13:18:40,13:19:00,10,10,80,80
2023-07-10,Monday,Normal Weekday,Metro,6466,Werribee,Northern & Cross-City,U,Werribee,Flinders Street,Footscray,-37.80108298,144.9031992,5623,7,13:24:40,13:25:00,30,10,80,100
2023-07-10,Monday,Normal Weekday,Metro,6466,Werribee,Northern & Cross-City,U,Werribee,Flinders Street,North Melbourne,-37.80630984,144.9415102,1680,8,13:29:40,13:30:00,0,10,100,90
2023-07-10,Monday,Normal Weekday,Metro,6466,Werribee,Northern & Cross-City,U,Werribee,Flinders Street,Southern Cross,-37.81793643,144.9514112,0,9,13:32:40,13:33:00,20,50,90,60
2023-07-10,Monday,Normal Weekday,Metro,6466,Werribee,Northern & Cross-City,U,Werribee,Flinders Street,Flinders Street,-37.81830513,144.9669643,1232,10,13:38:00,13:38:00,0,60,60,0
2023-07-10,Monday,Normal Weekday,Metro,6467,Werribee,Northern & Cross-City,D,Flinders Street,Werribee,Flinders Street,-37.81830513,144.9669643,1232,1,14:04:00,14:04:00,80,0,0,80
2023-07-10,Monday,Normal Weekday,Metro,6467,Werribee,Northern & Cross-City,D,Flinders Street,Werribee,Southern Cross,-37.81793643,144.9514112,0,2,14:07:40,14:08:00,50,10,80,120
2023-07-10,Monday,Normal Weekday,Metro,6467,Werribee,Northern & Cross-City,D,Flinders Street,Werribee,North Melbourne,-37.80630984,144.9415102,1680,3,14:10:40,14:11:00,30,10,120,140
2023-07-10,Monday,Normal Weekday,Metro,6467,Werribee,Northern & Cross-City,D,Flinders Street,Werribee,Footscray,-37.80108298,144.9031992,5623,4,14:15:40,14:16:00,20,20,140,150
2023-07-10,Monday,Normal Weekday,Metro,6467,Werribee,Northern & Cross-City,D,Flinders Street,Werribee,Newport,-37.84271757,144.8835999,10555,5,14:22:00,14:23:00,10,10,150,150
2023-07-10,Monday,Normal Weekday,Metro,6467,Werribee,Northern & Cross-City,D,Flinders Street,Werribee,Laverton,-37.86369404,144.7726167,21005,6,14:30:40,14:31:00,10,30,150,130
2023-07-10,Monday,Normal Weekday,Metro,6467,Werribee,Northern & Cross-City,D,Flinders Street,Werribee,Aircraft,-37.86660595,144.7608094,22226,7,14:31:40,14:32:00,0,0,130,130
2023-07-10,Monday,Normal Weekday,Metro,6467,Werribee,Northern & Cross-City,D,Flinders Street,Werribee,Williams Landing,-37.86986533,144.7474447,23200,8,14:34:40,14:35:00,0,40,130,100
2023-07-10,Monday,Normal Weekday,Metro,6467,Werribee,Northern & Cross-City,D,Flinders Street,Werribee,Hoppers Crossing,-37.88327618,144.7009549,27665,9,14:38:40,14:39:00,10,40,100,70
2023-07-10,Monday,Normal Weekday,Metro,6467,Werribee,Northern & Cross-City,D,Flinders Street,Werribee,Werribee,-37.89937805,144.661118,31697,10,14:44:00,14:44:00,0,70,70,0
2023-07-10,Monday,Normal Weekday,Metro,6468,Werribee,Northern & Cross-City,U,Werribee,Flinders Street,Werribee,-37.89937805,144.661118,31697,1,13:19:00,13:19:00,30,0,0,30
2023-07-10,Monday,Normal Weekday,Metro,6468,Werribee,Northern & Cross-City,U,Werribee,Flinders Street,Hoppers Crossing,-37.88327618,144.7009549,27665,2,13:21:40,13:22:00,20,0,30,50
2023-07-10,Monday,Normal Weekday,Metro,6468,Werribee,Northern & Cross-City,U,Werribee,Flinders Street,Williams Landing,-37.86986533,144.7474447,23200,3,13:24:40,13:25:00,50,10,50,90
2023-07-10,Monday,Normal Weekday,Metro,6468,Werribee,Northern & Cross-City,U,Werribee,Flinders Street,Aircraft,-37.86660595,144.7608094,22226,4,13:27:40,13:28:00,0,0,90,90
2023-07-10,Monday,Normal Weekday,Metro,6468,Werribee,Northern & Cross-City,U,Werribee,Flinders Street,Laverton,-37.86369404,144.7726167,21005,5,13:29:40,13:30:00,20,10,90,110
2023-07-10,Monday,Normal Weekday,Metro,6468,Werribee,Northern & Cross-City,U,Werribee,Flinders Street,Newport,-37.84271757,144.8835999,10555,6,13:38:40,13:39:00,10,10,110,110
2023-07-10,Monday,Normal Weekday,Metro,6468,Werribee,Northern & Cross-City,U,Werribee,Flinders Street,Footscray,-37.80108298,144.9031992,5623,7,13:44:40,13:45:00,20,20,110,110
2023-07-10,Monday,Normal Weekday,Metro,6468,Werribee,Northern & Cross-City,U,Werribee,Flinders Street,North Melbourne,-37.80630984,144.9415102,1680,8,13:49:40,13:50:00,0,10,110,110
2023-07-10,Monday,Normal Weekday,Metro,6468,Werribee,Northern & Cross-City,U,Werribee,Flinders Street,Southern Cross,-37.81793643,144.9514112,0,9,13:52:40,13:53:00,10,40,110,80
2023-07-10,Monday,Normal Weekday,Metro,6468,Werribee,Northern & Cross-City,U,Werribee,Flinders Street,Flinders Street,-37.81830513,144.9669643,1232,10,13:58:00,13:58:00,0,80,80,0
2023-07-10,Monday,Normal Weekday,Metro,6469,Werribee,Northern & Cross-City,D,Flinders Street,Werribee,Flinders Street,-37.81830513,144.9669643,1232,1,14:24:00,14:24:00,80,0,0,80
2023-07-10,Monday,Normal Weekday,Metro,6469,Werribee,Northern & Cross-City,D,Flinders Street,Werribee,Southern Cross,-37.81793643,144.9514112,0,2,14:27:40,14:28:00,80,0,80,160
2023-07-10,Monday,Normal Weekday,Metro,6469,Werribee,Northern & Cross-City,D,Flinders Street,Werribee,North Melbourne,-37.80630984,144.9415102,1680,3,14:30:40,14:31:00,70,10,160,220
2023-07-10,Monday,Normal Weekday,Metro,6469,Werribee,Northern & Cross-City,D,Flinders Street,Werribee,Footscray,-37.80108298,144.9031992,5623,4,14:35:40,14:36:00,20,20,220,220
2023-07-10,Monday,Normal Weekday,Metro,6469,Werribee,Northern & Cross-City,D,Flinders Street,Werribee,Newport,-37.84271757,144.8835999,10555,5,14:42:00,14:43:00,10,30,220,200
2023-07-10,Monday,Normal Weekday,Metro,6469,Werribee,Northern & Cross-City,D,Flinders Street,Werribee,Laverton,-37.86369404,144.7726167,21005,6,14:50:40,14:51:00,10,30,200,180
2023-07-10,Monday,Normal Weekday,Metro,6469,Werribee,Northern & Cross-City,D,Flinders Street,Werribee,Aircraft,-37.86660595,144.7608094,22226,7,14:51:40,14:52:00,0,10,180,170
2023-07-10,Monday,Normal Weekday,Metro,6469,Werribee,Northern & Cross-City,D,Flinders Street,Werribee,Williams Landing,-37.86986533,144.7474447,23200,8,14:54:40,14:55:00,0,60,170,110
2023-07-10,Monday,Normal Weekday,Metro,6469,Werribee,Northern & Cross-City,D,Flinders Street,Werribee,Hoppers Crossing,-37.88327618,144.7009549,27665,9,14:58:40,14:59:00,10,50,110,80
2023-07-10,Monday,Normal Weekday,Metro,6469,Werribee,Northern & Cross-City,D,Flinders Street,Werribee,Werribee,-37.89937805,144.661118,31697,10,15:04:00,15:04:00,0,80,80,0
2023-07-10,Monday,Normal Weekday,Metro,6470,Werribee,Northern & Cross-City,U,Werribee,Flinders Street,Werribee,-37.89937805,144.661118,31697,1,13:39:00,13:39:00,20,0,0,20
2023-07-10,Monday,Normal Weekday,Metro,6470,Werribee,Northern & Cross-City,U,Werribee,Flinders Street,Hoppers Crossing,-37.88327618,144.7009549,27665,2,13:41:40,13:42:00,20,0,20,40
2023-07-10,Monday,Normal Weekday,Metro,6470,Werribee,Northern & Cross-City,U,Werribee,Flinders Street,Williams Landing,-37.86986533,144.7474447,23200,3,13:44:40,13:45:00,30,0,40,60
2023-07-10,Monday,Normal Weekday,Metro,6470,Werribee,Northern & Cross-City,U,Werribee,Flinders Street,Aircraft,-37.86660595,144.7608094,22226,4,13:47:40,13:48:00,0,0,60,70
2023-07-10,Monday,Normal Weekday,Metro,6470,Werribee,Northern & Cross-City,U,Werribee,Flinders Street,Laverton,-37.86369404,144.7726167,21005,5,13:49:40,13:50:00,20,10,70,70
2023-07-10,Monday,Normal Weekday,Metro,6470,Werribee,Northern & Cross-City,U,Werribee,Flinders Street,Newport,-37.84271757,144.8835999,10555,6,13:58:40,13:59:00,10,0,70,80
2023-07-10,Monday,Normal Weekday,Metro,6470,Werribee,Northern & Cross-City,U,Werribee,Flinders Street,Footscray,-37.80108298,144.9031992,5623,7,14:04:40,14:05:00,40,10,80,110
2023-07-10,Monday,Normal Weekday,Metro,6470,Werribee,Northern & Cross-City,U,Werribee,Flinders Street,North Melbourne,-37.80630984,144.9415102,1680,8,14:09:40,14:10:00,10,10,110,100
2023-07-10,Monday,Normal Weekday,Metro,6470,Werribee,Northern & Cross-City,U,Werribee,Flinders Street,Southern Cross,-37.81793643,144.9514112,0,9,14:12:40,14:13:00,0,50,100,50
2023-07-10,Monday,Normal Weekday,Metro,6470,Werribee,Northern & Cross-City,U,Werribee,Flinders Street,Flinders Street,-37.81830513,144.9669643,1232,10,14:18:00,14:18:00,0,50,50,0
2023-07-10,Monday,Normal Weekday,Metro,6471,Werribee,Northern & Cross-City,D,Flinders Street,Werribee,Flinders Street,-37.81830513,144.9669643,1232,1,14:44:00,14:44:00,120,0,0,120
2023-07-10,Monday,Normal Weekday,Metro,6471,Werribee,Northern & Cross-City,D,Flinders Street,Werribee,Southern Cross,-37.81793643,144.9514112,0,2,14:47:40,14:48:00,100,0,120,220
2023-07-10,Monday,Normal Weekday,Metro,6471,Werribee,Northern & Cross-City,D,Flinders Street,Werribee,North Melbourne,-37.80630984,144.9415102,1680,3,14:50:40,14:51:00,30,10,220,240
2023-07-10,Monday,Normal Weekday,Metro,6471,Werribee,Northern & Cross-City,D,Flinders Street,Werribee,Footscray,-37.80108298,144.9031992,5623,4,14:55:40,14:56:00,30,40,240,230
2023-07-10,Monday,Normal Weekday,Metro,6471,Werribee,Northern & Cross-City,D,Flinders Street,Werribee,Newport,-37.84271757,144.8835999,10555,5,15:02:00,15:03:00,10,10,230,230
2023-07-10,Monday,Normal Weekday,Metro,6471,Werribee,Northern & Cross-City,D,Flinders Street,Werribee,Laverton,-37.86369404,144.7726167,21005,6,15:10:40,15:11:00,0,40,230,190
2023-07-10,Monday,Normal Weekday,Metro,6471,Werribee,Northern & Cross-City,D,Flinders Street,Werribee,Aircraft,-37.86660595,144.7608094,22226,7,15:11:40,15:12:00,0,10,190,190
2023-07-10,Monday,Normal Weekday,Metro,6471,Werribee,Northern & Cross-City,D,Flinders Street,Werribee,Williams Landing,-37.86986533,144.7474447,23200,8,15:14:40,15:15:00,10,80,190,120
2023-07-10,Monday,Normal Weekday,Metro,6471,Werribee,Northern & Cross-City,D,Flinders Street,Werribee,Hoppers Crossing,-37.88327618,144.7009549,27665,9,15:18:40,15:19:00,10,50,120,70
2023-07-10,Monday,Normal Weekday,Metro,6471,Werribee,Northern & Cross-City,D,Flinders Street,Werribee,Werribee,-37.89937805,144.661118,31697,10,15:24:00,15:24:00,0,70,70,0
2023-07-10,Monday,Normal Weekday,Metro,6472,Werribee,Northern & Cross-City,U,Werribee,Flinders Street,Werribee,-37.89937805,144.661118,31697,1,13:59:00,13:59:00,30,0,0,30
2023-07-10,Monday,Normal Weekday,Metro,6472,Werribee,Northern & Cross-City,U,Werribee,Flinders Street,Hoppers Crossing,-37.88327618,144.7009549,27665,2,14:01:40,14:02:00,20,0,30,50
2023-07-10,Monday,Normal Weekday,Metro,6472,Werribee,Northern & Cross-City,U,Werribee,Flinders Street,Williams Landing,-37.86986533,144.7474447,23200,3,14:04:40,14:05:00,10,0,50,60
2023-07-10,Monday,Normal Weekday,Metro,6472,Werribee,Northern & Cross-City,U,Werribee,Flinders Street,Aircraft,-37.86660595,144.7608094,22226,4,14:07:40,14:08:00,0,0,60,60
2023-07-10,Monday,Normal Weekday,Metro,6472,Werribee,Northern & Cross-City,U,Werribee,Flinders Street,Laverton,-37.86369404,144.7726167,21005,5,14:09:40,14:10:00,10,10,60,70
2023-07-10,Monday,Normal Weekday,Metro,6472,Werribee,Northern & Cross-City,U,Werribee,Flinders Street,Newport,-37.84271757,144.8835999,10555,6,14:18:40,14:19:00,10,10,70,70
2023-07-10,Monday,Normal Weekday,Metro,6472,Werribee,Northern & Cross-City,U,Werribee,Flinders Street,Footscray,-37.80108298,144.9031992,5623,7,14:24:40,14:25:00,20,10,70,80
2023-07-10,Monday,Normal Weekday,Metro,6472,Werribee,Northern & Cross-City,U,Werribee,Flinders Street,North Melbourne,-37.80630984,144.9415102,1680,8,14:29:40,14:30:00,0,10,80,70
2023-07-10,Monday,Normal Weekday,Metro,6472,Werribee,Northern & Cross-City,U,Werribee,Flinders Street,Southern Cross,-37.81793643,144.9514112,0,9,14:32:40,14:33:00,30,30,70,70
2023-07-10,Monday,Normal Weekday,Metro,6472,Werribee,Northern & Cross-City,U,Werribee,Flinders Street,Flinders Street,-37.81830513,144.9669643,1232,10,14:38:00,14:38:00,0,70,70,0
2023-07-10,Monday,Normal Weekday,Metro,6473,Werribee,Northern & Cross-City,D,Flinders Street,Werribee,Flinders Street,-37.81830513,144.9669643,1232,1,15:04:00,15:04:00,110,0,0,110
2023-07-10,Monday,Normal Weekday,Metro,6473,Werribee,Northern & Cross-City,D,Flinders Street,Werribee,Southern Cross,-37.81793643,144.9514112,0,2,15:07:40,15:08:00,160,0,110,270
2023-07-10,Monday,Normal Weekday,Metro,6473,Werribee,Northern & Cross-City,D,Flinders Street,Werribee,North Melbourne,-37.80630984,144.9415102,1680,3,15:10:40,15:11:00,40,20,270,290
2023-07-10,Monday,Normal Weekday,Metro,6473,Werribee,Northern & Cross-City,D,Flinders Street,Werribee,Footscray,-37.80108298,144.9031992,5623,4,15:15:40,15:16:00,40,40,290,290
2023-07-10,Monday,Normal Weekday,Metro,6473,Werribee,Northern & Cross-City,D,Flinders Street,Werribee,Newport,-37.84271757,144.8835999,10555,5,15:22:00,15:23:00,20,20,290,300
2023-07-10,Monday,Normal Weekday,Metro,6473,Werribee,Northern & Cross-City,D,Flinders Street,Werribee,Laverton,-37.86369404,144.7726167,21005,6,15:30:40,15:31:00,80,50,300,330
2023-07-10,Monday,Normal Weekday,Metro,6473,Werribee,Northern & Cross-City,D,Flinders Street,Werribee,Aircraft,-37.86660595,144.7608094,22226,7,15:31:40,15:32:00,0,10,330,320
2023-07-10,Monday,Normal Weekday,Metro,6473,Werribee,Northern & Cross-City,D,Flinders Street,Werribee,Williams Landing,-37.86986533,144.7474447,23200,8,15:34:40,15:35:00,20,140,320,200
2023-07-10,Monday,Normal Weekday,Metro,6473,Werribee,Northern & Cross-City,D,Flinders Street,Werribee,Hoppers Crossing,-37.88327618,144.7009549,27665,9,15:38:40,15:39:00,20,80,200,140
2023-07-10,Monday,Normal Weekday,Metro,6473,Werribee,Northern & Cross-City,D,Flinders Street,Werribee,Werribee,-37.89937805,144.661118,31697,10,15:44:00,15:44:00,0,140,140,0
2023-07-10,Monday,Normal Weekday,Metro,6474,Werribee,Northern & Cross-City,U,Werribee,Flinders Street,Werribee,-37.89937805,144.661118,31697,1,14:19:00,14:19:00,40,0,0,40
2023-07-10,Monday,Normal Weekday,Metro,6474,Werribee,Northern & Cross-City,U,Werribee,Flinders Street,Hoppers Crossing,-37.88327618,144.7009549,27665,2,14:21:40,14:22:00,30,10,40,60
2023-07-10,Monday,Normal Weekday,Metro,6474,Werribee,Northern & Cross-City,U,Werribee,Flinders Street,Williams Landing,-37.86986533,144.7474447,23200,3,14:24:40,14:25:00,20,10,60,80
2023-07-10,Monday,Normal Weekday,Metro,6474,Werribee,Northern & Cross-City,U,Werribee,Flinders Street,Aircraft,-37.86660595,144.7608094,22226,4,14:27:40,14:28:00,0,0,80,80
2023-07-10,Monday,Normal Weekday,Metro,6474,Werribee,Northern & Cross-City,U,Werribee,Flinders Street,Laverton,-37.86369404,144.7726167,21005,5,14:29:40,14:30:00,20,0,80,100
2023-07-10,Monday,Normal Weekday,Metro,6474,Werribee,Northern & Cross-City,U,Werribee,Flinders Street,Newport,-37.84271757,144.8835999,10555,6,14:38:40,14:39:00,0,0,100,100
2023-07-10,Monday,Normal Weekday,Metro,6474,Werribee,Northern & Cross-City,U,Werribee,Flinders Street,Footscray,-37.80108298,144.9031992,5623,7,14:44:40,14:45:00,30,20,100,110
2023-07-10,Monday,Normal Weekday,Metro,6474,Werribee,Northern & Cross-City,U,Werribee,Flinders Street,North Melbourne,-37.80630984,144.9415102,1680,8,14:49:40,14:50:00,0,10,110,100
2023-07-10,Monday,Normal Weekday,Metro,6474,Werribee,Northern & Cross-City,U,Werribee,Flinders Street,Southern Cross,-37.81793643,144.9514112,0,9,14:52:40,14:53:00,20,60,100,60
2023-07-10,Monday,Normal Weekday,Metro,6474,Werribee,Northern & Cross-City,U,Werribee,Flinders Street,Flinders Street,-37.81830513,144.9669643,1232,10,14:58:00,14:58:00,0,60,60,0
2023-07-10,Monday,Normal Weekday,Metro,6475,Werribee,Northern & Cross-City,D,Flinders Street,Werribee,Flinders Street,-37.81830513,144.9669643,1232,1,15:24:00,15:24:00,190,0,0,190
2023-07-10,Monday,Normal Weekday,Metro,6475,Werribee,Northern & Cross-City,D,Flinders Street,Werribee,Southern Cross,-37.81793643,144.9514112,0,2,15:27:40,15:28:00,160,20,190,330
2023-07-10,Monday,Normal Weekday,Metro,6475,Werribee,Northern & Cross-City,D,Flinders Street,Werribee,North Melbourne,-37.80630984,144.9415102,1680,3,15:30:40,15:31:00,90,10,330,400
2023-07-10,Monday,Normal Weekday,Metro,6475,Werribee,Northern & Cross-City,D,Flinders Street,Werribee,Footscray,-37.80108298,144.9031992,5623,4,15:35:40,15:36:00,40,40,400,400
2023-07-10,Monday,Normal Weekday,Metro,6475,Werribee,Northern & Cross-City,D,Flinders Street,Werribee,Newport,-37.84271757,144.8835999,10555,5,15:42:00,15:43:00,30,40,400,390
2023-07-10,Monday,Normal Weekday,Metro,6475,Werribee,Northern & Cross-City,D,Flinders Street,Werribee,Laverton,-37.86369404,144.7726167,21005,6,15:50:40,15:51:00,30,50,390,370
2023-07-10,Monday,Normal Weekday,Metro,6475,Werribee,Northern & Cross-City,D,Flinders Street,Werribee,Aircraft,-37.86660595,144.7608094,22226,7,15:51:40,15:52:00,0,20,370,350
2023-07-10,Monday,Normal Weekday,Metro,6475,Werribee,Northern & Cross-City,D,Flinders Street,Werribee,Williams Landing,-37.86986533,144.7474447,23200,8,15:54:40,15:55:00,10,140,350,230
2023-07-10,Monday,Normal Weekday,Metro,6475,Werribee,Northern & Cross-City,D,Flinders Street,Werribee,Hoppers Crossing,-37.88327618,144.7009549,27665,9,15:58:40,15:59:00,0,100,230,130
2023-07-10,Monday,Normal Weekday,Metro,6475,Werribee,Northern & Cross-City,D,Flinders Street,Werribee,Werribee,-37.89937805,144.661118,31697,10,16:04:00,16:04:00,0,130,130,0
2023-07-10,Monday,Normal Weekday,Metro,6476,Werribee,Northern & Cross-City,U,Werribee,Flinders Street,Werribee,-37.89937805,144.661118,31697,1,14:39:00,14:39:00,30,0,0,30
2023-07-10,Monday,Normal Weekday,Metro,6476,Werribee,Northern & Cross-City,U,Werribee,Flinders Street,Hoppers Crossing,-37.88327618,144.7009549,27665,2,14:41:40,14:42:00,20,10,30,50
2023-07-10,Monday,Normal Weekday,Metro,6476,Werribee,Northern & Cross-City,U,Werribee,Flinders Street,Williams Landing,-37.86986533,144.7474447,23200,3,14:44:40,14:45:00,20,10,50,60
2023-07-10,Monday,Normal Weekday,Metro,6476,Werribee,Northern & Cross-City,U,Werribee,Flinders Street,Aircraft,-37.86660595,144.7608094,22226,4,14:47:40,14:48:00,10,0,60,60
2023-07-10,Monday,Normal Weekday,Metro,6476,Werribee,Northern & Cross-City,U,Werribee,Flinders Street,Laverton,-37.86369404,144.7726167,21005,5,14:49:40,14:50:00,10,10,60,70
2023-07-10,Monday,Normal Weekday,Metro,6476,Werribee,Northern & Cross-City,U,Werribee,Flinders Street,Newport,-37.84271757,144.8835999,10555,6,14:58:40,14:59:00,10,10,60,70
2023-07-10,Monday,Normal Weekday,Metro,6476,Werribee,Northern & Cross-City,U,Werribee,Flinders Street,Footscray,-37.80108298,144.9031992,5623,7,15:04:40,15:05:00,20,10,70,80
2023-07-10,Monday,Normal Weekday,Metro,6476,Werribee,Northern & Cross-City,U,Werribee,Flinders Street,North Melbourne,-37.80630984,144.9415102,1680,8,15:09:40,15:10:00,0,20,80,60
2023-07-10,Monday,Normal Weekday,Metro,6476,Werribee,Northern & Cross-City,U,Werribee,Flinders Street,Southern Cross,-37.81793643,144.9514112,0,9,15:12:40,15:13:00,40,30,60,70
2023-07-10,Monday,Normal Weekday,Metro,6476,Werribee,Northern & Cross-City,U,Werribee,Flinders Street,Flinders Street,-37.81830513,144.9669643,1232,10,15:18:00,15:18:00,0,70,70,0
2023-07-10,Monday,Normal Weekday,Metro,6477,Werribee,Northern & Cross-City,D,Flinders Street,Werribee,Flinders Street,-37.81830513,144.9669643,1232,1,15:44:00,15:44:00,260,0,0,260
2023-07-10,Monday,Normal Weekday,Metro,6477,Werribee,Northern & Cross-City,D,Flinders Street,Werribee,Southern Cross,-37.81793643,144.9514112,0,2,15:47:40,15:48:00,240,0,260,500
2023-07-10,Monday,Normal Weekday,Metro,6477,Werribee,Northern & Cross-City,D,Flinders Street,Werribee,North Melbourne,-37.80630984,144.9415102,1680,3,15:50:40,15:51:00,70,10,500,560
2023-07-10,Monday,Normal Weekday,Metro,6477,Werribee,Northern & Cross-City,D,Flinders Street,Werribee,Footscray,-37.80108298,144.9031992,5623,4,15:55:40,15:56:00,80,40,560,600
2023-07-10,Monday,Normal Weekday,Metro,6477,Werribee,Northern & Cross-City,D,Flinders Street,Werribee,Newport,-37.84271757,144.8835999,10555,5,16:01:40,16:02:00,30,50,600,570
2023-07-10,Monday,Normal Weekday,Metro,6477,Werribee,Northern & Cross-City,D,Flinders Street,Werribee,Laverton,-37.86369404,144.7726167,21005,6,16:09:40,16:10:00,10,80,570,510
2023-07-10,Monday,Normal Weekday,Metro,6477,Werribee,Northern & Cross-City,D,Flinders Street,Werribee,Aircraft,-37.86660595,144.7608094,22226,7,16:10:40,16:11:00,0,30,510,480
2023-07-10,Monday,Normal Weekday,Metro,6477,Werribee,Northern & Cross-City,D,Flinders Street,Werribee,Williams Landing,-37.86986533,144.7474447,23200,8,16:13:40,16:14:00,0,210,480,270
2023-07-10,Monday,Normal Weekday,Metro,6477,Werribee,Northern & Cross-City,D,Flinders Street,Werribee,Hoppers Crossing,-37.88327618,144.7009549,27665,9,16:17:40,16:18:00,10,130,270,140
2023-07-10,Monday,Normal Weekday,Metro,6477,Werribee,Northern & Cross-City,D,Flinders Street,Werribee,Werribee,-37.89937805,144.661118,31697,10,16:23:00,16:23:00,0,140,140,0
2023-07-10,Monday,Normal Weekday,Metro,6478,Werribee,Northern & Cross-City,U,Werribee,Flinders Street,Werribee,-37.89937805,144.661118,31697,1,14:59:00,14:59:00,30,0,0,30
2023-07-10,Monday,Normal Weekday,Metro,6478,Werribee,Northern & Cross-City,U,Werribee,Flinders Street,Hoppers Crossing,-37.88327618,144.7009549,27665,2,15:01:40,15:02:00,20,0,30,40
2023-07-10,Monday,Normal Weekday,Metro,6478,Werribee,Northern & Cross-City,U,Werribee,Flinders Street,Williams Landing,-37.86986533,144.7474447,23200,3,15:04:40,15:05:00,30,10,40,60
2023-07-10,Monday,Normal Weekday,Metro,6478,Werribee,Northern & Cross-City,U,Werribee,Flinders Street,Aircraft,-37.86660595,144.7608094,22226,4,15:07:40,15:08:00,0,0,60,60
2023-07-10,Monday,Normal Weekday,Metro,6478,Werribee,Northern & Cross-City,U,Werribee,Flinders Street,Laverton,-37.86369404,144.7726167,21005,5,15:09:40,15:10:00,10,0,60,70
2023-07-10,Monday,Normal Weekday,Metro,6478,Werribee,Northern & Cross-City,U,Werribee,Flinders Street,Newport,-37.84271757,144.8835999,10555,6,15:18:40,15:19:00,0,10,70,70
2023-07-10,Monday,Normal Weekday,Metro,6478,Werribee,Northern & Cross-City,U,Werribee,Flinders Street,Footscray,-37.80108298,144.9031992,5623,7,15:24:40,15:25:00,30,10,70,80
2023-07-10,Monday,Normal Weekday,Metro,6478,Werribee,Northern & Cross-City,U,Werribee,Flinders Street,North Melbourne,-37.80630984,144.9415102,1680,8,15:29:40,15:30:00,10,20,80,70
2023-07-10,Monday,Normal Weekday,Metro,6478,Werribee,Northern & Cross-City,U,Werribee,Flinders Street,Southern Cross,-37.81793643,144.9514112,0,9,15:32:40,15:33:00,60,50,70,80
2023-07-10,Monday,Normal Weekday,Metro,6478,Werribee,Northern & Cross-City,U,Werribee,Flinders Street,Flinders Street,-37.81830513,144.9669643,1232,10,15:38:00,15:38:00,0,80,80,0
2023-07-10,Monday,Normal Weekday,Metro,6479,Werribee,Northern & Cross-City,D,Flinders Street,Werribee,Flinders Street,-37.81830513,144.9669643,1232,1,15:53:00,15:53:00,110,0,0,110
2023-07-10,Monday,Normal Weekday,Metro,6479,Werribee,Northern & Cross-City,D,Flinders Street,Werribee,Southern Cross,-37.81793643,144.9514112,0,2,15:56:40,15:57:00,130,20,110,220
2023-07-10,Monday,Normal Weekday,Metro,6479,Werribee,Northern & Cross-City,D,Flinders Street,Werribee,North Melbourne,-37.80630984,144.9415102,1680,3,15:59:40,16:00:00,20,10,220,240
2023-07-10,Monday,Normal Weekday,Metro,6479,Werribee,Northern & Cross-City,D,Flinders Street,Werribee,Footscray,-37.80108298,144.9031992,5623,4,16:04:40,16:05:00,10,40,240,210
2023-07-10,Monday,Normal Weekday,Metro,6479,Werribee,Northern & Cross-City,D,Flinders Street,Werribee,Newport,-37.84271757,144.8835999,10555,5,16:10:40,16:11:00,10,20,210,200
2023-07-10,Monday,Normal Weekday,Metro,6479,Werribee,Northern & Cross-City,D,Flinders Street,Werribee,Laverton,-37.86369404,144.7726167,21005,6,16:18:40,16:19:00,0,20,200,180
2023-07-10,Monday,Normal Weekday,Metro,6479,Werribee,Northern & Cross-City,D,Flinders Street,Werribee,Aircraft,-37.86660595,144.7608094,22226,7,16:19:40,16:20:00,0,10,180,170
2023-07-10,Monday,Normal Weekday,Metro,6479,Werribee,Northern & Cross-City,D,Flinders Street,Werribee,Williams Landing,-37.86986533,144.7474447,23200,8,16:22:40,16:23:00,0,70,170,100
2023-07-10,Monday,Normal Weekday,Metro,6479,Werribee,Northern & Cross-City,D,Flinders Street,Werribee,Hoppers Crossing,-37.88327618,144.7009549,27665,9,16:26:40,16:27:00,0,40,100,60
2023-07-10,Monday,Normal Weekday,Metro,6479,Werribee,Northern & Cross-City,D,Flinders Street,Werribee,Werribee,-37.89937805,144.661118,31697,10,16:32:00,16:32:00,0,60,60,0
2023-07-10,Monday,Normal Weekday,Metro,6480,Werribee,Northern & Cross-City,U,Werribee,Flinders Street,Werribee,-37.89937805,144.661118,31697,1,15:19:00,15:19:00,40,0,0,40
2023-07-10,Monday,Normal Weekday,Metro,6480,Werribee,Northern & Cross-City,U,Werribee,Flinders Street,Hoppers Crossing,-37.88327618,144.7009549,27665,2,15:21:40,15:22:00,130,10,40,170
2023-07-10,Monday,Normal Weekday,Metro,6480,Werribee,Northern & Cross-City,U,Werribee,Flinders Street,Williams Landing,-37.86986533,144.7474447,23200,3,15:24:40,15:25:00,20,20,170,170
2023-07-10,Monday,Normal Weekday,Metro,6480,Werribee,Northern & Cross-City,U,Werribee,Flinders Street,Aircraft,-37.86660595,144.7608094,22226,4,15:27:40,15:28:00,10,0,170,180
2023-07-10,Monday,Normal Weekday,Metro,6480,Werribee,Northern & Cross-City,U,Werribee,Flinders Street,Laverton,-37.86369404,144.7726167,21005,5,15:29:40,15:30:00,30,10,180,190
2023-07-10,Monday,Normal Weekday,Metro,6480,Werribee,Northern & Cross-City,U,Werribee,Flinders Street,Newport,-37.84271757,144.8835999,10555,6,15:38:40,15:39:00,40,20,190,210
2023-07-10,Monday,Normal Weekday,Metro,6480,Werribee,Northern & Cross-City,U,Werribee,Flinders Street,Footscray,-37.80108298,144.9031992,5623,7,15:44:40,15:45:00,70,80,210,210
2023-07-10,Monday,Normal Weekday,Metro,6480,Werribee,Northern & Cross-City,U,Werribee,Flinders Street,North Melbourne,-37.80630984,144.9415102,1680,8,15:49:40,15:50:00,10,50,210,160
2023-07-10,Monday,Normal Weekday,Metro,6480,Werribee,Northern & Cross-City,U,Werribee,Flinders Street,Southern Cross,-37.81793643,144.9514112,0,9,15:52:40,15:53:00,20,100,160,90
2023-07-10,Monday,Normal Weekday,Metro,6480,Werribee,Northern & Cross-City,U,Werribee,Flinders Street,Flinders Street,-37.81830513,144.9669643,1232,10,15:58:00,15:58:00,0,90,90,0
2023-07-10,Monday,Normal Weekday,Metro,6481,Werribee,Northern & Cross-City,D,Flinders Street,Werribee,Flinders Street,-37.81830513,144.9669643,1232,1,16:03:00,16:03:00,180,0,0,180
2023-07-10,Monday,Normal Weekday,Metro,6481,Werribee,Northern & Cross-City,D,Flinders Street,Werribee,Southern Cross,-37.81793643,144.9514112,0,2,16:06:40,16:07:00,140,0,180,320
2023-07-10,Monday,Normal Weekday,Metro,6481,Werribee,Northern & Cross-City,D,Flinders Street,Werribee,North Melbourne,-37.80630984,144.9415102,1680,3,16:09:40,16:10:00,70,20,320,370
2023-07-10,Monday,Normal Weekday,Metro,6481,Werribee,Northern & Cross-City,D,Flinders Street,Werribee,Footscray,-37.80108298,144.9031992,5623,4,16:14:40,16:15:00,40,60,370,350
2023-07-10,Monday,Normal Weekday,Metro,6481,Werribee,Northern & Cross-City,D,Flinders Street,Werribee,Newport,-37.84271757,144.8835999,10555,5,16:21:40,16:22:00,10,30,350,340
2023-07-10,Monday,Normal Weekday,Metro,6481,Werribee,Northern & Cross-City,D,Flinders Street,Werribee,Laverton,-37.86369404,144.7726167,21005,6,16:30:40,16:31:00,30,50,340,310
2023-07-10,Monday,Normal Weekday,Metro,6481,Werribee,Northern & Cross-City,D,Flinders Street,Werribee,Aircraft,-37.86660595,144.7608094,22226,7,16:31:40,16:32:00,0,30,310,290
2023-07-10,Monday,Normal Weekday,Metro,6481,Werribee,Northern & Cross-City,D,Flinders Street,Werribee,Williams Landing,-37.86986533,144.7474447,23200,8,16:34:40,16:35:00,0,90,290,200
2023-07-10,Monday,Normal Weekday,Metro,6481,Werribee,Northern & Cross-City,D,Flinders Street,Werribee,Hoppers Crossing,-37.88327618,144.7009549,27665,9,16:38:40,16:39:00,0,70,200,130
2023-07-10,Monday,Normal Weekday,Metro,6481,Werribee,Northern & Cross-City,D,Flinders Street,Werribee,Werribee,-37.89937805,144.661118,31697,10,16:44:00,16:44:00,0,130,130,0
2023-07-10,Monday,Normal Weekday,Metro,6482,Werribee,Northern & Cross-City,U,Werribee,Flinders Street,Werribee,-37.89937805,144.661118,31697,1,15:39:00,15:39:00,90,0,0,90
2023-07-10,Monday,Normal Weekday,Metro,6482,Werribee,Northern & Cross-City,U,Werribee,Flinders Street,Hoppers Crossing,-37.88327618,144.7009549,27665,2,15:41:40,15:42:00,150,10,90,230
2023-07-10,Monday,Normal Weekday,Metro,6482,Werribee,Northern & Cross-City,U,Werribee,Flinders Street,Williams Landing,-37.86986533,144.7474447,23200,3,15:44:40,15:45:00,50,40,230,230
2023-07-10,Monday,Normal Weekday,Metro,6482,Werribee,Northern & Cross-City,U,Werribee,Flinders Street,Aircraft,-37.86660595,144.7608094,22226,4,15:47:40,15:48:00,10,0,230,240
2023-07-10,Monday,Normal Weekday,Metro,6482,Werribee,Northern & Cross-City,U,Werribee,Flinders Street,Laverton,-37.86369404,144.7726167,21005,5,15:49:40,15:50:00,30,30,240,250
2023-07-10,Monday,Normal Weekday,Metro,6482,Werribee,Northern & Cross-City,U,Werribee,Flinders Street,Newport,-37.84271757,144.8835999,10555,6,15:59:00,16:00:00,10,20,250,250
2023-07-10,Monday,Normal Weekday,Metro,6482,Werribee,Northern & Cross-City,U,Werribee,Flinders Street,Footscray,-37.80108298,144.9031992,5623,7,16:05:40,16:06:00,20,80,250,180
2023-07-10,Monday,Normal Weekday,Metro,6482,Werribee,Northern & Cross-City,U,Werribee,Flinders Street,North Melbourne,-37.80630984,144.9415102,1680,8,16:11:40,16:12:00,0,30,180,150
2023-07-10,Monday,Normal Weekday,Metro,6482,Werribee,Northern & Cross-City,U,Werribee,Flinders Street,Southern Cross,-37.81793643,144.9514112,0,9,16:14:40,16:15:00,30,70,150,110
2023-07-10,Monday,Normal Weekday,Metro,6482,Werribee,Northern & Cross-City,U,Werribee,Flinders Street,Flinders Street,-37.81830513,144.9669643,1232,10,16:19:00,16:19:00,0,110,110,0
2023-07-10,Monday,Normal Weekday,Metro,6483,Werribee,Northern & Cross-City,D,Flinders Street,Werribee,Flinders Street,-37.81830513,144.9669643,1232,1,16:13:00,16:13:00,240,0,0,240
2023-07-10,Monday,Normal Weekday,Metro,6483,Werribee,Northern & Cross-City,D,Flinders Street,Werribee,Southern Cross,-37.81793643,144.9514112,0,2,16:16:40,16:17:00,250,40,240,440
2023-07-10,Monday,Normal Weekday,Metro,6483,Werribee,Northern & Cross-City,D,Flinders Street,Werribee,North Melbourne,-37.80630984,144.9415102,1680,3,16:19:40,16:20:00,70,20,440,500
2023-07-10,Monday,Normal Weekday,Metro,6483,Werribee,Northern & Cross-City,D,Flinders Street,Werribee,Footscray,-37.80108298,144.9031992,5623,4,16:24:40,16:25:00,50,90,500,450
2023-07-10,Monday,Normal Weekday,Metro,6483,Werribee,Northern & Cross-City,D,Flinders Street,Werribee,Newport,-37.84271757,144.8835999,10555,5,16:31:40,16:32:00,10,60,450,410
2023-07-10,Monday,Normal Weekday,Metro,6483,Werribee,Northern & Cross-City,D,Flinders Street,Werribee,Laverton,-37.86369404,144.7726167,21005,6,16:40:40,16:41:00,0,60,410,350
2023-07-10,Monday,Normal Weekday,Metro,6483,Werribee,Northern & Cross-City,D,Flinders Street,Werribee,Aircraft,-37.86660595,144.7608094,22226,7,16:41:40,16:42:00,0,20,350,340
2023-07-10,Monday,Normal Weekday,Metro,6483,Werribee,Northern & Cross-City,D,Flinders Street,Werribee,Williams Landing,-37.86986533,144.7474447,23200,8,16:44:40,16:45:00,0,140,340,200
2023-07-10,Monday,Normal Weekday,Metro,6483,Werribee,Northern & Cross-City,D,Flinders Street,Werribee,Hoppers Crossing,-37.88327618,144.7009549,27665,9,16:48:40,16:49:00,0,90,200,120
2023-07-10,Monday,Normal Weekday,Metro,6483,Werribee,Northern & Cross-City,D,Flinders Street,Werribee,Werribee,-37.89937805,144.661118,31697,10,16:54:00,16:54:00,0,120,120,0
2023-07-10,Monday,Normal Weekday,Metro,6484,Werribee,Northern & Cross-City,U,Werribee,Flinders Street,Werribee,-37.89937805,144.661118,31697,1,15:59:00,15:59:00,30,0,0,30
2023-07-10,Monday,Normal Weekday,Metro,6484,Werribee,Northern & Cross-City,U,Werribee,Flinders Street,Hoppers Crossing,-37.88327618,144.7009549,27665,2,16:01:40,16:02:00,30,0,30,60
2023-07-10,Monday,Normal Weekday,Metro,6484,Werribee,Northern & Cross-City,U,Werribee,Flinders Street,Williams Landing,-37.86986533,144.7474447,23200,3,16:04:40,16:05:00,30,10,60,80
2023-07-10,Monday,Normal Weekday,Metro,6484,Werribee,Northern & Cross-City,U,Werribee,Flinders Street,Aircraft,-37.86660595,144.7608094,22226,4,16:07:40,16:08:00,10,0,80,100
2023-07-10,Monday,Normal Weekday,Metro,6484,Werribee,Northern & Cross-City,U,Werribee,Flinders Street,Laverton,-37.86369404,144.7726167,21005,5,16:09:40,16:10:00,20,10,100,100
2023-07-10,Monday,Normal Weekday,Metro,6484,Werribee,Northern & Cross-City,U,Werribee,Flinders Street,Newport,-37.84271757,144.8835999,10555,6,16:18:40,16:19:00,10,10,100,100
2023-07-10,Monday,Normal Weekday,Metro,6484,Werribee,Northern & Cross-City,U,Werribee,Flinders Street,Footscray,-37.80108298,144.9031992,5623,7,16:24:40,16:25:00,30,20,100,120
2023-07-10,Monday,Normal Weekday,Metro,6484,Werribee,Northern & Cross-City,U,Werribee,Flinders Street,North Melbourne,-37.80630984,144.9415102,1680,8,16:30:40,16:31:00,10,10,120,110
2023-07-10,Monday,Normal Weekday,Metro,6484,Werribee,Northern & Cross-City,U,Werribee,Flinders Street,Southern Cross,-37.81793643,144.9514112,0,9,16:33:40,16:34:00,20,50,110,80
2023-07-10,Monday,Normal Weekday,Metro,6484,Werribee,Northern & Cross-City,U,Werribee,Flinders Street,Flinders Street,-37.81830513,144.9669643,1232,10,16:38:00,16:38:00,0,80,80,0
2023-07-10,Monday,Normal Weekday,Metro,6485,Werribee,Northern & Cross-City,D,Flinders Street,Werribee,Flinders Street,-37.81830513,144.9669643,1232,1,16:23:00,16:23:00,210,0,0,210
2023-07-10,Monday,Normal Weekday,Metro,6485,Werribee,Northern & Cross-City,D,Flinders Street,Werribee,Southern Cross,-37.81793643,144.9514112,0,2,16:26:40,16:27:00,200,60,210,350
2023-07-10,Monday,Normal Weekday,Metro,6485,Werribee,Northern & Cross-City,D,Flinders Street,Werribee,North Melbourne,-37.80630984,144.9415102,1680,3,16:29:40,16:30:00,70,20,350,400
2023-07-10,Monday,Normal Weekday,Metro,6485,Werribee,Northern & Cross-City,D,Flinders Street,Werribee,Footscray,-37.80108298,144.9031992,5623,4,16:34:40,16:35:00,20,50,400,380
2023-07-10,Monday,Normal Weekday,Metro,6485,Werribee,Northern & Cross-City,D,Flinders Street,Werribee,Newport,-37.84271757,144.8835999,10555,5,16:41:40,16:42:00,10,30,380,350
2023-07-10,Monday,Normal Weekday,Metro,6485,Werribee,Northern & Cross-City,D,Flinders Street,Werribee,Laverton,-37.86369404,144.7726167,21005,6,16:50:40,16:51:00,10,50,350,310
2023-07-10,Monday,Normal Weekday,Metro,6485,Werribee,Northern & Cross-City,D,Flinders Street,Werribee,Aircraft,-37.86660595,144.7608094,22226,7,16:51:40,16:52:00,0,10,310,300
2023-07-10,Monday,Normal Weekday,Metro,6485,Werribee,Northern & Cross-City,D,Flinders Street,Werribee,Williams Landing,-37.86986533,144.7474447,23200,8,16:54:40,16:55:00,0,110,300,190
2023-07-10,Monday,Normal Weekday,Metro,6485,Werribee,Northern & Cross-City,D,Flinders Street,Werribee,Hoppers Crossing,-37.88327618,144.7009549,27665,9,16:58:40,16:59:00,0,80,190,110
2023-07-10,Monday,Normal Weekday,Metro,6485,Werribee,Northern & Cross-City,D,Flinders Street,Werribee,Werribee,-37.89937805,144.661118,31697,10,17:04:00,17:04:00,0,110,110,0
2023-07-10,Monday,Normal Weekday,Metro,6486,Werribee,Northern & Cross-City,U,Werribee,Flinders Street,Werribee,-37.89937805,144.661118,31697,1,16:19:00,16:19:00,40,0,0,40
2023-07-10,Monday,Normal Weekday,Metro,6486,Werribee,Northern & Cross-City,U,Werribee,Flinders Street,Hoppers Crossing,-37.88327618,144.7009549,27665,2,16:21:40,16:22:00,20,0,40,60
2023-07-10,Monday,Normal Weekday,Metro,6486,Werribee,Northern & Cross-City,U,Werribee,Flinders Street,Williams Landing,-37.86986533,144.7474447,23200,3,16:24:40,16:25:00,30,0,60,80
2023-07-10,Monday,Normal Weekday,Metro,6486,Werribee,Northern & Cross-City,U,Werribee,Flinders Street,Aircraft,-37.86660595,144.7608094,22226,4,16:27:40,16:28:00,10,0,80,90
2023-07-10,Monday,Normal Weekday,Metro,6486,Werribee,Northern & Cross-City,U,Werribee,Flinders Street,Laverton,-37.86369404,144.7726167,21005,5,16:29:40,16:30:00,30,10,90,110
2023-07-10,Monday,Normal Weekday,Metro,6486,Werribee,Northern & Cross-City,U,Werribee,Flinders Street,Newport,-37.84271757,144.8835999,10555,6,16:38:40,16:39:00,10,10,110,110
2023-07-10,Monday,Normal Weekday,Metro,6486,Werribee,Northern & Cross-City,U,Werribee,Flinders Street,Footscray,-37.80108298,144.9031992,5623,7,16:44:40,16:45:00,20,10,110,120
2023-07-10,Monday,Normal Weekday,Metro,6486,Werribee,Northern & Cross-City,U,Werribee,Flinders Street,North Melbourne,-37.80630984,144.9415102,1680,8,16:50:40,16:51:00,0,20,120,110
2023-07-10,Monday,Normal Weekday,Metro,6486,Werribee,Northern & Cross-City,U,Werribee,Flinders Street,Southern Cross,-37.81793643,144.9514112,0,9,16:53:40,16:54:00,40,50,110,100
2023-07-10,Monday,Normal Weekday,Metro,6486,Werribee,Northern & Cross-City,U,Werribee,Flinders Street,Flinders Street,-37.81830513,144.9669643,1232,10,16:58:00,16:58:00,0,100,100,0
2023-07-10,Monday,Normal Weekday,Metro,6487,Werribee,Northern & Cross-City,D,Flinders Street,Werribee,Flinders Street,-37.81830513,144.9669643,1232,1,16:33:00,16:33:00,160,0,0,160
2023-07-10,Monday,Normal Weekday,Metro,6487,Werribee,Northern & Cross-City,D,Flinders Street,Werribee,Southern Cross,-37.81793643,144.9514112,0,2,16:36:40,16:37:00,200,0,160,360
2023-07-10,Monday,Normal Weekday,Metro,6487,Werribee,Northern & Cross-City,D,Flinders Street,Werribee,North Melbourne,-37.80630984,144.9415102,1680,3,16:39:40,16:40:00,50,20,360,380
2023-07-10,Monday,Normal Weekday,Metro,6487,Werribee,Northern & Cross-City,D,Flinders Street,Werribee,Footscray,-37.80108298,144.9031992,5623,4,16:44:40,16:45:00,20,30,380,370
2023-07-10,Monday,Normal Weekday,Metro,6487,Werribee,Northern & Cross-City,D,Flinders Street,Werribee,Newport,-37.84271757,144.8835999,10555,5,16:51:40,16:52:00,10,40,370,340
2023-07-10,Monday,Normal Weekday,Metro,6487,Werribee,Northern & Cross-City,D,Flinders Street,Werribee,Laverton,-37.86369404,144.7726167,21005,6,17:00:40,17:01:00,0,60,340,290
2023-07-10,Monday,Normal Weekday,Metro,6487,Werribee,Northern & Cross-City,D,Flinders Street,Werribee,Aircraft,-37.86660595,144.7608094,22226,7,17:01:40,17:02:00,0,10,290,280
2023-07-10,Monday,Normal Weekday,Metro,6487,Werribee,Northern & Cross-City,D,Flinders Street,Werribee,Williams Landing,-37.86986533,144.7474447,23200,8,17:04:40,17:05:00,10,130,280,160
2023-07-10,Monday,Normal Weekday,Metro,6487,Werribee,Northern & Cross-City,D,Flinders Street,Werribee,Hoppers Crossing,-37.88327618,144.7009549,27665,9,17:08:40,17:09:00,0,60,160,100
2023-07-10,Monday,Normal Weekday,Metro,6487,Werribee,Northern & Cross-City,D,Flinders Street,Werribee,Werribee,-37.89937805,144.661118,31697,10,17:14:00,17:14:00,0,100,100,0
2023-07-10,Monday,Normal Weekday,Metro,6488,Werribee,Northern & Cross-City,U,Werribee,Flinders Street,Werribee,-37.89937805,144.661118,31697,1,16:39:00,16:39:00,50,0,0,50
2023-07-10,Monday,Normal Weekday,Metro,6488,Werribee,Northern & Cross-City,U,Werribee,Flinders Street,Hoppers Crossing,-37.88327618,144.7009549,27665,2,16:41:40,16:42:00,30,0,50,70
2023-07-10,Monday,Normal Weekday,Metro,6488,Werribee,Northern & Cross-City,U,Werribee,Flinders Street,Williams Landing,-37.86986533,144.7474447,23200,3,16:44:40,16:45:00,20,10,70,80
2023-07-10,Monday,Normal Weekday,Metro,6488,Werribee,Northern & Cross-City,U,Werribee,Flinders Street,Aircraft,-37.86660595,144.7608094,22226,4,16:47:40,16:48:00,10,0,80,90
2023-07-10,Monday,Normal Weekday,Metro,6488,Werribee,Northern & Cross-City,U,Werribee,Flinders Street,Laverton,-37.86369404,144.7726167,21005,5,16:49:40,16:50:00,20,10,90,100
2023-07-10,Monday,Normal Weekday,Metro,6488,Werribee,Northern & Cross-City,U,Werribee,Flinders Street,Newport,-37.84271757,144.8835999,10555,6,16:58:40,16:59:00,10,10,100,90
2023-07-10,Monday,Normal Weekday,Metro,6488,Werribee,Northern & Cross-City,U,Werribee,Flinders Street,Footscray,-37.80108298,144.9031992,5623,7,17:05:40,17:06:00,20,10,90,110
2023-07-10,Monday,Normal Weekday,Metro,6488,Werribee,Northern & Cross-City,U,Werribee,Flinders Street,North Melbourne,-37.80630984,144.9415102,1680,8,17:11:40,17:12:00,0,20,110,90
2023-07-10,Monday,Normal Weekday,Metro,6488,Werribee,Northern & Cross-City,U,Werribee,Flinders Street,Southern Cross,-37.81793643,144.9514112,0,9,17:14:40,17:15:00,10,40,90,60
2023-07-10,Monday,Normal Weekday,Metro,6488,Werribee,Northern & Cross-City,U,Werribee,Flinders Street,Flinders Street,-37.81830513,144.9669643,1232,10,17:19:00,17:19:00,0,60,60,0
2023-07-10,Monday,Normal Weekday,Metro,6489,Werribee,Northern & Cross-City,D,Flinders Street,Werribee,Flinders Street,-37.81830513,144.9669643,1232,1,16:43:00,16:43:00,200,0,0,200
2023-07-10,Monday,Normal Weekday,Metro,6489,Werribee,Northern & Cross-City,D,Flinders Street,Werribee,Southern Cross,-37.81793643,144.9514112,0,2,16:46:40,16:47:00,230,30,200,400
2023-07-10,Monday,Normal Weekday,Metro,6489,Werribee,Northern & Cross-City,D,Flinders Street,Werribee,North Melbourne,-37.80630984,144.9415102,1680,3,16:49:40,16:50:00,110,20,400,490
2023-07-10,Monday,Normal Weekday,Metro,6489,Werribee,Northern & Cross-City,D,Flinders Street,Werribee,Footscray,-37.80108298,144.9031992,5623,4,16:54:40,16:55:00,30,50,490,470
2023-07-10,Monday,Normal Weekday,Metro,6489,Werribee,Northern & Cross-City,D,Flinders Street,Werribee,Newport,-37.84271757,144.8835999,10555,5,17:01:40,17:02:00,10,40,470,440
2023-07-10,Monday,Normal Weekday,Metro,6489,Werribee,Northern & Cross-City,D,Flinders Street,Werribee,Laverton,-37.86369404,144.7726167,21005,6,17:10:40,17:11:00,10,60,440,380
2023-07-10,Monday,Normal Weekday,Metro,6489,Werribee,Northern & Cross-City,D,Flinders Street,Werribee,Aircraft,-37.86660595,144.7608094,22226,7,17:11:40,17:12:00,0,10,380,370
2023-07-10,Monday,Normal Weekday,Metro,6489,Werribee,Northern & Cross-City,D,Flinders Street,Werribee,Williams Landing,-37.86986533,144.7474447,23200,8,17:14:40,17:15:00,0,140,370,230
2023-07-10,Monday,Normal Weekday,Metro,6489,Werribee,Northern & Cross-City,D,Flinders Street,Werribee,Hoppers Crossing,-37.88327618,144.7009549,27665,9,17:18:40,17:19:00,0,100,230,140
2023-07-10,Monday,Normal Weekday,Metro,6489,Werribee,Northern & Cross-City,D,Flinders Street,Werribee,Werribee,-37.89937805,144.661118,31697,10,17:24:00,17:24:00,0,140,140,0
2023-07-10,Monday,Normal Weekday,Metro,6491,Werribee,Northern & Cross-City,D,Flinders Street,Werribee,Flinders Street,-37.81830513,144.9669643,1232,1,16:53:00,16:53:00,190,0,0,190
2023-07-10,Monday,Normal Weekday,Metro,6491,Werribee,Northern & Cross-City,D,Flinders Street,Werribee,Southern Cross,-37.81793643,144.9514112,0,2,16:56:40,16:57:00,230,0,190,420
2023-07-10,Monday,Normal Weekday,Metro,6491,Werribee,Northern & Cross-City,D,Flinders Street,Werribee,North Melbourne,-37.80630984,144.9415102,1680,3,16:59:40,17:00:00,50,0,420,470
2023-07-10,Monday,Normal Weekday,Metro,6491,Werribee,Northern & Cross-City,D,Flinders Street,Werribee,Footscray,-37.80108298,144.9031992,5623,4,17:04:40,17:05:00,20,50,470,440
2023-07-10,Monday,Normal Weekday,Metro,6491,Werribee,Northern & Cross-City,D,Flinders Street,Werribee,Newport,-37.84271757,144.8835999,10555,5,17:11:40,17:12:00,10,40,440,410
2023-07-10,Monday,Normal Weekday,Metro,6491,Werribee,Northern & Cross-City,D,Flinders Street,Werribee,Laverton,-37.86369404,144.7726167,21005,6,17:20:40,17:21:00,10,60,410,360
2023-07-10,Monday,Normal Weekday,Metro,6491,Werribee,Northern & Cross-City,D,Flinders Street,Werribee,Aircraft,-37.86660595,144.7608094,22226,7,17:21:40,17:22:00,0,10,360,340
2023-07-10,Monday,Normal Weekday,Metro,6491,Werribee,Northern & Cross-City,D,Flinders Street,Werribee,Williams Landing,-37.86986533,144.7474447,23200,8,17:24:40,17:25:00,0,150,340,190
2023-07-10,Monday,Normal Weekday,Metro,6491,Werribee,Northern & Cross-City,D,Flinders Street,Werribee,Hoppers Crossing,-37.88327618,144.7009549,27665,9,17:28:40,17:29:00,0,80,190,110
2023-07-10,Monday,Normal Weekday,Metro,6491,Werribee,Northern & Cross-City,D,Flinders Street,Werribee,Werribee,-37.89937805,144.661118,31697,10,17:34:00,17:34:00,0,110,110,0
2023-07-10,Monday,Normal Weekday,Metro,6492,Werribee,Northern & Cross-City,U,Werribee,Flinders Street,Werribee,-37.89937805,144.661118,31697,1,16:59:00,16:59:00,40,0,0,40
2023-07-10,Monday,Normal Weekday,Metro,6492,Werribee,Northern & Cross-City,U,Werribee,Flinders Street,Hoppers Crossing,-37.88327618,144.7009549,27665,2,17:01:40,17:02:00,30,0,40,60
2023-07-10,Monday,Normal Weekday,Metro,6492,Werribee,Northern & Cross-City,U,Werribee,Flinders Street,Williams Landing,-37.86986533,144.7474447,23200,3,17:04:40,17:05:00,30,0,60,90
2023-07-10,Monday,Normal Weekday,Metro,6492,Werribee,Northern & Cross-City,U,Werribee,Flinders Street,Aircraft,-37.86660595,144.7608094,22226,4,17:07:40,17:08:00,10,0,90,100
2023-07-10,Monday,Normal Weekday,Metro,6492,Werribee,Northern & Cross-City,U,Werribee,Flinders Street,Laverton,-37.86369404,144.7726167,21005,5,17:09:40,17:10:00,20,10,100,110
2023-07-10,Monday,Normal Weekday,Metro,6492,Werribee,Northern & Cross-City,U,Werribee,Flinders Street,Newport,-37.84271757,144.8835999,10555,6,17:18:40,17:19:00,10,10,110,110
2023-07-10,Monday,Normal Weekday,Metro,6492,Werribee,Northern & Cross-City,U,Werribee,Flinders Street,Footscray,-37.80108298,144.9031992,5623,7,17:25:40,17:26:00,40,20,110,140
2023-07-10,Monday,Normal Weekday,Metro,6492,Werribee,Northern & Cross-City,U,Werribee,Flinders Street,North Melbourne,-37.80630984,144.9415102,1680,8,17:31:40,17:32:00,0,20,140,120
2023-07-10,Monday,Normal Weekday,Metro,6492,Werribee,Northern & Cross-City,U,Werribee,Flinders Street,Southern Cross,-37.81793643,144.9514112,0,9,17:34:40,17:35:00,50,60,120,110
2023-07-10,Monday,Normal Weekday,Metro,6492,Werribee,Northern & Cross-City,U,Werribee,Flinders Street,Flinders Street,-37.81830513,144.9669643,1232,10,17:39:00,17:39:00,0,110,110,0
2023-07-10,Monday,Normal Weekday,Metro,6493,Werribee,Northern & Cross-City,D,Flinders Street,Werribee,Flinders Street,-37.81830513,144.9669643,1232,1,17:03:00,17:03:00,220,0,0,220
2023-07-10,Monday,Normal Weekday,Metro,6493,Werribee,Northern & Cross-City,D,Flinders Street,Werribee,Southern Cross,-37.81793643,144.9514112,0,2,17:06:40,17:07:00,310,0,220,520
2023-07-10,Monday,Normal Weekday,Metro,6493,Werribee,Northern & Cross-City,D,Flinders Street,Werribee,North Melbourne,-37.80630984,144.9415102,1680,3,17:09:40,17:10:00,70,30,520,560
2023-07-10,Monday,Normal Weekday,Metro,6493,Werribee,Northern & Cross-City,D,Flinders Street,Werribee,Footscray,-37.80108298,144.9031992,5623,4,17:14:40,17:15:00,30,70,560,520
2023-07-10,Monday,Normal Weekday,Metro,6493,Werribee,Northern & Cross-City,D,Flinders Street,Werribee,Newport,-37.84271757,144.8835999,10555,5,17:21:40,17:22:00,10,50,520,480
2023-07-10,Monday,Normal Weekday,Metro,6493,Werribee,Northern & Cross-City,D,Flinders Street,Werribee,Laverton,-37.86369404,144.7726167,21005,6,17:30:40,17:31:00,0,90,480,400
2023-07-10,Monday,Normal Weekday,Metro,6493,Werribee,Northern & Cross-City,D,Flinders Street,Werribee,Aircraft,-37.86660595,144.7608094,22226,7,17:31:40,17:32:00,0,20,400,380
2023-07-10,Monday,Normal Weekday,Metro,6493,Werribee,Northern & Cross-City,D,Flinders Street,Werribee,Williams Landing,-37.86986533,144.7474447,23200,8,17:34:40,17:35:00,0,150,380,230
2023-07-10,Monday,Normal Weekday,Metro,6493,Werribee,Northern & Cross-City,D,Flinders Street,Werribee,Hoppers Crossing,-37.88327618,144.7009549,27665,9,17:38:40,17:39:00,0,100,230,130
2023-07-10,Monday,Normal Weekday,Metro,6493,Werribee,Northern & Cross-City,D,Flinders Street,Werribee,Werribee,-37.89937805,144.661118,31697,10,17:44:00,17:44:00,0,130,130,0
2023-07-10,Monday,Normal Weekday,Metro,6495,Werribee,Northern & Cross-City,D,Flinders Street,Werribee,Flinders Street,-37.81830513,144.9669643,1232,1,17:13:00,17:13:00,250,0,0,250
2023-07-10,Monday,Normal Weekday,Metro,6495,Werribee,Northern & Cross-City,D,Flinders Street,Werribee,Southern Cross,-37.81793643,144.9514112,0,2,17:16:40,17:17:00,400,10,250,640
2023-07-10,Monday,Normal Weekday,Metro,6495,Werribee,Northern & Cross-City,D,Flinders Street,Werribee,North Melbourne,-37.80630984,144.9415102,1680,3,17:19:40,17:20:00,80,50,640,670
2023-07-10,Monday,Normal Weekday,Metro,6495,Werribee,Northern & Cross-City,D,Flinders Street,Werribee,Footscray,-37.80108298,144.9031992,5623,4,17:24:40,17:25:00,30,70,670,630
2023-07-10,Monday,Normal Weekday,Metro,6495,Werribee,Northern & Cross-City,D,Flinders Street,Werribee,Newport,-37.84271757,144.8835999,10555,5,17:31:40,17:32:00,10,60,630,580
2023-07-10,Monday,Normal Weekday,Metro,6495,Werribee,Northern & Cross-City,D,Flinders Street,Werribee,Laverton,-37.86369404,144.7726167,21005,6,17:40:40,17:41:00,10,80,580,510
2023-07-10,Monday,Normal Weekday,Metro,6495,Werribee,Northern & Cross-City,D,Flinders Street,Werribee,Aircraft,-37.86660595,144.7608094,22226,7,17:41:40,17:42:00,0,20,510,480
2023-07-10,Monday,Normal Weekday,Metro,6495,Werribee,Northern & Cross-City,D,Flinders Street,Werribee,Williams Landing,-37.86986533,144.7474447,23200,8,17:44:40,17:45:00,0,210,480,270
2023-07-10,Monday,Normal Weekday,Metro,6495,Werribee,Northern & Cross-City,D,Flinders Street,Werribee,Hoppers Crossing,-37.88327618,144.7009549,27665,9,17:48:40,17:49:00,0,110,270,160
2023-07-10,Monday,Normal Weekday,Metro,6495,Werribee,Northern & Cross-City,D,Flinders Street,Werribee,Werribee,-37.89937805,144.661118,31697,10,17:54:00,17:54:00,0,160,160,0
2023-07-10,Monday,Normal Weekday,Metro,6496,Werribee,Northern & Cross-City,U,Werribee,Flinders Street,Werribee,-37.89937805,144.661118,31697,1,17:19:00,17:19:00,50,0,0,50
2023-07-10,Monday,Normal Weekday,Metro,6496,Werribee,Northern & Cross-City,U,Werribee,Flinders Street,Hoppers Crossing,-37.88327618,144.7009549,27665,2,17:21:40,17:22:00,20,0,50,60
2023-07-10,Monday,Normal Weekday,Metro,6496,Werribee,Northern & Cross-City,U,Werribee,Flinders Street,Williams Landing,-37.86986533,144.7474447,23200,3,17:24:40,17:25:00,30,0,60,90
2023-07-10,Monday,Normal Weekday,Metro,6496,Werribee,Northern & Cross-City,U,Werribee,Flinders Street,Aircraft,-37.86660595,144.7608094,22226,4,17:27:40,17:28:00,0,0,90,90
2023-07-10,Monday,Normal Weekday,Metro,6496,Werribee,Northern & Cross-City,U,Werribee,Flinders Street,Laverton,-37.86369404,144.7726167,21005,5,17:29:40,17:30:00,20,10,90,90
2023-07-10,Monday,Normal Weekday,Metro,6496,Werribee,Northern & Cross-City,U,Werribee,Flinders Street,Newport,-37.84271757,144.8835999,10555,6,17:38:40,17:39:00,10,10,90,90
2023-07-10,Monday,Normal Weekday,Metro,6496,Werribee,Northern & Cross-City,U,Werribee,Flinders Street,Footscray,-37.80108298,144.9031992,5623,7,17:45:40,17:46:00,30,20,90,100
2023-07-10,Monday,Normal Weekday,Metro,6496,Werribee,Northern & Cross-City,U,Werribee,Flinders Street,North Melbourne,-37.80630984,144.9415102,1680,8,17:51:40,17:52:00,10,20,100,90
2023-07-10,Monday,Normal Weekday,Metro,6496,Werribee,Northern & Cross-City,U,Werribee,Flinders Street,Southern Cross,-37.81793643,144.9514112,0,9,17:54:40,17:55:00,10,50,90,50
2023-07-10,Monday,Normal Weekday,Metro,6496,Werribee,Northern & Cross-City,U,Werribee,Flinders Street,Flinders Street,-37.81830513,144.9669643,1232,10,17:59:00,17:59:00,0,50,50,0
2023-07-10,Monday,Normal Weekday,Metro,6497,Werribee,Northern & Cross-City,D,Flinders Street,Werribee,Flinders Street,-37.81830513,144.9669643,1232,1,17:23:00,17:23:00,320,0,0,320
2023-07-10,Monday,Normal Weekday,Metro,6497,Werribee,Northern & Cross-City,D,Flinders Street,Werribee,Southern Cross,-37.81793643,144.9514112,0,2,17:26:40,17:27:00,320,0,320,640
2023-07-10,Monday,Normal Weekday,Metro,6497,Werribee,Northern & Cross-City,D,Flinders Street,Werribee,North Melbourne,-37.80630984,144.9415102,1680,3,17:29:40,17:30:00,90,20,640,700
2023-07-10,Monday,Normal Weekday,Metro,6497,Werribee,Northern & Cross-City,D,Flinders Street,Werribee,Footscray,-37.80108298,144.9031992,5623,4,17:34:40,17:35:00,30,90,700,640
2023-07-10,Monday,Normal Weekday,Metro,6497,Werribee,Northern & Cross-City,D,Flinders Street,Werribee,Newport,-37.84271757,144.8835999,10555,5,17:41:40,17:42:00,20,60,640,600
2023-07-10,Monday,Normal Weekday,Metro,6497,Werribee,Northern & Cross-City,D,Flinders Street,Werribee,Laverton,-37.86369404,144.7726167,21005,6,17:50:40,17:51:00,0,100,600,510
2023-07-10,Monday,Normal Weekday,Metro,6497,Werribee,Northern & Cross-City,D,Flinders Street,Werribee,Aircraft,-37.86660595,144.7608094,22226,7,17:51:40,17:52:00,0,20,510,480
2023-07-10,Monday,Normal Weekday,Metro,6497,Werribee,Northern & Cross-City,D,Flinders Street,Werribee,Williams Landing,-37.86986533,144.7474447,23200,8,17:54:40,17:55:00,0,220,480,270
2023-07-10,Monday,Normal Weekday,Metro,6497,Werribee,Northern & Cross-City,D,Flinders Street,Werribee,Hoppers Crossing,-37.88327618,144.7009549,27665,9,17:58:40,17:59:00,0,110,270,160
2023-07-10,Monday,Normal Weekday,Metro,6497,Werribee,Northern & Cross-City,D,Flinders Street,Werribee,Werribee,-37.89937805,144.661118,31697,10,18:04:00,18:04:00,0,160,160,0
2023-07-10,Monday,Normal Weekday,Metro,6499,Werribee,Northern & Cross-City,D,Flinders Street,Werribee,Flinders Street,-37.81830513,144.9669643,1232,1,17:33:00,17:33:00,340,0,0,340
2023-07-10,Monday,Normal Weekday,Metro,6499,Werribee,Northern & Cross-City,D,Flinders Street,Werribee,Southern Cross,-37.81793643,144.9514112,0,2,17:36:40,17:37:00,240,20,340,570
2023-07-10,Monday,Normal Weekday,Metro,6499,Werribee,Northern & Cross-City,D,Flinders Street,Werribee,North Melbourne,-37.80630984,144.9415102,1680,3,17:39:40,17:40:00,70,50,570,580
2023-07-10,Monday,Normal Weekday,Metro,6499,Werribee,Northern & Cross-City,D,Flinders Street,Werribee,Footscray,-37.80108298,144.9031992,5623,4,17:44:40,17:45:00,20,70,580,530
2023-07-10,Monday,Normal Weekday,Metro,6499,Werribee,Northern & Cross-City,D,Flinders Street,Werribee,Newport,-37.84271757,144.8835999,10555,5,17:51:40,17:52:00,10,50,530,490
2023-07-10,Monday,Normal Weekday,Metro,6499,Werribee,Northern & Cross-City,D,Flinders Street,Werribee,Laverton,-37.86369404,144.7726167,21005,6,18:00:40,18:01:00,10,90,490,410
2023-07-10,Monday,Normal Weekday,Metro,6499,Werribee,Northern & Cross-City,D,Flinders Street,Werribee,Aircraft,-37.86660595,144.7608094,22226,7,18:01:40,18:02:00,0,20,410,390
2023-07-10,Monday,Normal Weekday,Metro,6499,Werribee,Northern & Cross-City,D,Flinders Street,Werribee,Williams Landing,-37.86986533,144.7474447,23200,8,18:04:40,18:05:00,0,170,390,220
2023-07-10,Monday,Normal Weekday,Metro,6499,Werribee,Northern & Cross-City,D,Flinders Street,Werribee,Hoppers Crossing,-37.88327618,144.7009549,27665,9,18:08:40,18:09:00,0,100,220,130
2023-07-10,Monday,Normal Weekday,Metro,6499,Werribee,Northern & Cross-City,D,Flinders Street,Werribee,Werribee,-37.89937805,144.661118,31697,10,18:14:00,18:14:00,0,130,130,0
2023-07-10,Monday,Normal Weekday,Metro,6500,Werribee,Northern & Cross-City,U,Werribee,Flinders Street,Werribee,-37.89937805,144.661118,31697,1,17:39:00,17:39:00,20,0,0,20
2023-07-10,Monday,Normal Weekday,Metro,6500,Werribee,Northern & Cross-City,U,Werribee,Flinders Street,Hoppers Crossing,-37.88327618,144.7009549,27665,2,17:41:40,17:42:00,20,0,20,40
2023-07-10,Monday,Normal Weekday,Metro,6500,Werribee,Northern & Cross-City,U,Werribee,Flinders Street,Williams Landing,-37.86986533,144.7474447,23200,3,17:44:40,17:45:00,20,0,40,60
2023-07-10,Monday,Normal Weekday,Metro,6500,Werribee,Northern & Cross-City,U,Werribee,Flinders Street,Aircraft,-37.86660595,144.7608094,22226,4,17:47:40,17:48:00,0,0,60,70
2023-07-10,Monday,Normal Weekday,Metro,6500,Werribee,Northern & Cross-City,U,Werribee,Flinders Street,Laverton,-37.86369404,144.7726167,21005,5,17:49:40,17:50:00,10,10,70,70
2023-07-10,Monday,Normal Weekday,Metro,6500,Werribee,Northern & Cross-City,U,Werribee,Flinders Street,Newport,-37.84271757,144.8835999,10555,6,17:58:40,17:59:00,0,10,70,60
2023-07-10,Monday,Normal Weekday,Metro,6500,Werribee,Northern & Cross-City,U,Werribee,Flinders Street,Footscray,-37.80108298,144.9031992,5623,7,18:05:40,18:06:00,30,10,60,80
2023-07-10,Monday,Normal Weekday,Metro,6500,Werribee,Northern & Cross-City,U,Werribee,Flinders Street,North Melbourne,-37.80630984,144.9415102,1680,8,18:11:40,18:12:00,10,10,80,80
2023-07-10,Monday,Normal Weekday,Metro,6500,Werribee,Northern & Cross-City,U,Werribee,Flinders Street,Southern Cross,-37.81793643,144.9514112,0,9,18:14:40,18:15:00,100,40,80,130
2023-07-10,Monday,Normal Weekday,Metro,6500,Werribee,Northern & Cross-City,U,Werribee,Flinders Street,Flinders Street,-37.81830513,144.9669643,1232,10,18:19:00,18:19:00,0,130,130,0
2023-07-10,Monday,Normal Weekday,Metro,6501,Werribee,Northern & Cross-City,D,Flinders Street,Werribee,Flinders Street,-37.81830513,144.9669643,1232,1,17:43:00,17:43:00,290,0,0,290
2023-07-10,Monday,Normal Weekday,Metro,6501,Werribee,Northern & Cross-City,D,Flinders Street,Werribee,Southern Cross,-37.81793643,144.9514112,0,2,17:46:40,17:47:00,270,0,290,550
2023-07-10,Monday,Normal Weekday,Metro,6501,Werribee,Northern & Cross-City,D,Flinders Street,Werribee,North Melbourne,-37.80630984,144.9415102,1680,3,17:49:40,17:50:00,70,20,550,610
2023-07-10,Monday,Normal Weekday,Metro,6501,Werribee,Northern & Cross-City,D,Flinders Street,Werribee,Footscray,-37.80108298,144.9031992,5623,4,17:54:40,17:55:00,30,40,610,600
2023-07-10,Monday,Normal Weekday,Metro,6501,Werribee,Northern & Cross-City,D,Flinders Street,Werribee,Newport,-37.84271757,144.8835999,10555,5,18:01:40,18:02:00,10,50,600,550
2023-07-10,Monday,Normal Weekday,Metro,6501,Werribee,Northern & Cross-City,D,Flinders Street,Werribee,Laverton,-37.86369404,144.7726167,21005,6,18:10:40,18:11:00,10,90,550,470
2023-07-10,Monday,Normal Weekday,Metro,6501,Werribee,Northern & Cross-City,D,Flinders Street,Werribee,Aircraft,-37.86660595,144.7608094,22226,7,18:11:40,18:12:00,0,20,470,450
2023-07-10,Monday,Normal Weekday,Metro,6501,Werribee,Northern & Cross-City,D,Flinders Street,Werribee,Williams Landing,-37.86986533,144.7474447,23200,8,18:14:40,18:15:00,0,200,450,250
2023-07-10,Monday,Normal Weekday,Metro,6501,Werribee,Northern & Cross-City,D,Flinders Street,Werribee,Hoppers Crossing,-37.88327618,144.7009549,27665,9,18:18:40,18:19:00,0,110,250,140
2023-07-10,Monday,Normal Weekday,Metro,6501,Werribee,Northern & Cross-City,D,Flinders Street,Werribee,Werribee,-37.89937805,144.661118,31697,10,18:24:00,18:24:00,0,140,140,0
2023-07-10,Monday,Normal Weekday,Metro,6502,Werribee,Northern & Cross-City,U,Werribee,Flinders Street,Werribee,-37.89937805,144.661118,31697,1,17:50:00,17:50:00,10,0,0,10
2023-07-10,Monday,Normal Weekday,Metro,6502,Werribee,Northern & Cross-City,U,Werribee,Flinders Street,Hoppers Crossing,-37.88327618,144.7009549,27665,2,17:52:40,17:53:00,0,0,10,10
2023-07-10,Monday,Normal Weekday,Metro,6502,Werribee,Northern & Cross-City,U,Werribee,Flinders Street,Williams Landing,-37.86986533,144.7474447,23200,3,17:55:40,17:56:00,0,0,10,20
2023-07-10,Monday,Normal Weekday,Metro,6502,Werribee,Northern & Cross-City,U,Werribee,Flinders Street,Aircraft,-37.86660595,144.7608094,22226,4,17:58:40,17:59:00,0,0,20,20
2023-07-10,Monday,Normal Weekday,Metro,6502,Werribee,Northern & Cross-City,U,Werribee,Flinders Street,Laverton,-37.86369404,144.7726167,21005,5,18:00:40,18:01:00,10,0,20,20
2023-07-10,Monday,Normal Weekday,Metro,6502,Werribee,Northern & Cross-City,U,Werribee,Flinders Street,Newport,-37.84271757,144.8835999,10555,6,18:09:40,18:10:00,10,0,20,30
2023-07-10,Monday,Normal Weekday,Metro,6502,Werribee,Northern & Cross-City,U,Werribee,Flinders Street,Footscray,-37.80108298,144.9031992,5623,7,18:15:40,18:16:00,20,10,30,40
2023-07-10,Monday,Normal Weekday,Metro,6502,Werribee,Northern & Cross-City,U,Werribee,Flinders Street,North Melbourne,-37.80630984,144.9415102,1680,8,18:20:40,18:21:00,0,0,40,40
2023-07-10,Monday,Normal Weekday,Metro,6502,Werribee,Northern & Cross-City,U,Werribee,Flinders Street,Southern Cross,-37.81793643,144.9514112,0,9,18:23:40,18:24:00,20,20,40,30
2023-07-10,Monday,Normal Weekday,Metro,6502,Werribee,Northern & Cross-City,U,Werribee,Flinders Street,Flinders Street,-37.81830513,144.9669643,1232,10,18:28:00,18:28:00,0,30,30,0
2023-07-10,Monday,Normal Weekday,Metro,6503,Werribee,Northern & Cross-City,D,Flinders Street,Werribee,Flinders Street,-37.81830513,144.9669643,1232,1,17:53:00,17:53:00,190,0,0,190
2023-07-10,Monday,Normal Weekday,Metro,6503,Werribee,Northern & Cross-City,D,Flinders Street,Werribee,Southern Cross,-37.81793643,144.9514112,0,2,17:56:40,17:57:00,140,10,190,320
2023-07-10,Monday,Normal Weekday,Metro,6503,Werribee,Northern & Cross-City,D,Flinders Street,Werribee,North Melbourne,-37.80630984,144.9415102,1680,3,17:59:40,18:00:00,40,20,320,340
2023-07-10,Monday,Normal Weekday,Metro,6503,Werribee,Northern & Cross-City,D,Flinders Street,Werribee,Footscray,-37.80108298,144.9031992,5623,4,18:04:40,18:05:00,10,40,340,310
2023-07-10,Monday,Normal Weekday,Metro,6503,Werribee,Northern & Cross-City,D,Flinders Street,Werribee,Newport,-37.84271757,144.8835999,10555,5,18:11:40,18:12:00,0,40,310,270
2023-07-10,Monday,Normal Weekday,Metro,6503,Werribee,Northern & Cross-City,D,Flinders Street,Werribee,Laverton,-37.86369404,144.7726167,21005,6,18:20:40,18:21:00,0,40,270,240
2023-07-10,Monday,Normal Weekday,Metro,6503,Werribee,Northern & Cross-City,D,Flinders Street,Werribee,Aircraft,-37.86660595,144.7608094,22226,7,18:21:40,18:22:00,0,10,240,230
2023-07-10,Monday,Normal Weekday,Metro,6503,Werribee,Northern & Cross-City,D,Flinders Street,Werribee,Williams Landing,-37.86986533,144.7474447,23200,8,18:24:40,18:25:00,0,100,230,130
2023-07-10,Monday,Normal Weekday,Metro,6503,Werribee,Northern & Cross-City,D,Flinders Street,Werribee,Hoppers Crossing,-37.88327618,144.7009549,27665,9,18:28:40,18:29:00,0,50,130,80
2023-07-10,Monday,Normal Weekday,Metro,6503,Werribee,Northern & Cross-City,D,Flinders Street,Werribee,Werribee,-37.89937805,144.661118,31697,10,18:34:00,18:34:00,0,80,80,0
2023-07-10,Monday,Normal Weekday,Metro,6504,Werribee,Northern & Cross-City,U,Werribee,Flinders Street,Werribee,-37.89937805,144.661118,31697,1,17:59:00,17:59:00,10,0,0,10
2023-07-10,Monday,Normal Weekday,Metro,6504,Werribee,Northern & Cross-City,U,Werribee,Flinders Street,Hoppers Crossing,-37.88327618,144.7009549,27665,2,18:01:40,18:02:00,10,0,10,20
2023-07-10,Monday,Normal Weekday,Metro,6504,Werribee,Northern & Cross-City,U,Werribee,Flinders Street,Williams Landing,-37.86986533,144.7474447,23200,3,18:04:40,18:05:00,10,0,20,20
2023-07-10,Monday,Normal Weekday,Metro,6504,Werribee,Northern & Cross-City,U,Werribee,Flinders Street,Aircraft,-37.86660595,144.7608094,22226,4,18:07:40,18:08:00,0,0,20,30
2023-07-10,Monday,Normal Weekday,Metro,6504,Werribee,Northern & Cross-City,U,Werribee,Flinders Street,Laverton,-37.86369404,144.7726167,21005,5,18:09:40,18:10:00,0,0,30,30
2023-07-10,Monday,Normal Weekday,Metro,6504,Werribee,Northern & Cross-City,U,Werribee,Flinders Street,Newport,-37.84271757,144.8835999,10555,6,18:18:40,18:19:00,0,0,30,30
2023-07-10,Monday,Normal Weekday,Metro,6504,Werribee,Northern & Cross-City,U,Werribee,Flinders Street,Footscray,-37.80108298,144.9031992,5623,7,18:24:40,18:25:00,10,10,30,30
2023-07-10,Monday,Normal Weekday,Metro,6504,Werribee,Northern & Cross-City,U,Werribee,Flinders Street,North Melbourne,-37.80630984,144.9415102,1680,8,18:30:40,18:31:00,0,10,30,20
2023-07-10,Monday,Normal Weekday,Metro,6504,Werribee,Northern & Cross-City,U,Werribee,Flinders Street,Southern Cross,-37.81793643,144.9514112,0,9,18:34:40,18:35:00,10,10,20,20
2023-07-10,Monday,Normal Weekday,Metro,6504,Werribee,Northern & Cross-City,U,Werribee,Flinders Street,Flinders Street,-37.81830513,144.9669643,1232,10,18:39:00,18:39:00,0,20,20,0
2023-07-10,Monday,Normal Weekday,Metro,6505,Werribee,Northern & Cross-City,D,Flinders Street,Werribee,Flinders Street,-37.81830513,144.9669643,1232,1,18:03:00,18:03:00,170,0,0,170
2023-07-10,Monday,Normal Weekday,Metro,6505,Werribee,Northern & Cross-City,D,Flinders Street,Werribee,Southern Cross,-37.81793643,144.9514112,0,2,18:06:40,18:07:00,180,0,170,350
2023-07-10,Monday,Normal Weekday,Metro,6505,Werribee,Northern & Cross-City,D,Flinders Street,Werribee,North Melbourne,-37.80630984,144.9415102,1680,3,18:09:40,18:10:00,40,40,350,350
2023-07-10,Monday,Normal Weekday,Metro,6505,Werribee,Northern & Cross-City,D,Flinders Street,Werribee,Footscray,-37.80108298,144.9031992,5623,4,18:14:40,18:15:00,20,40,350,330
2023-07-10,Monday,Normal Weekday,Metro,6505,Werribee,Northern & Cross-City,D,Flinders Street,Werribee,Newport,-37.84271757,144.8835999,10555,5,18:21:40,18:22:00,0,40,330,300
2023-07-10,Monday,Normal Weekday,Metro,6505,Werribee,Northern & Cross-City,D,Flinders Street,Werribee,Laverton,-37.86369404,144.7726167,21005,6,18:30:40,18:31:00,10,50,300,260
2023-07-10,Monday,Normal Weekday,Metro,6505,Werribee,Northern & Cross-City,D,Flinders Street,Werribee,Aircraft,-37.86660595,144.7608094,22226,7,18:31:40,18:32:00,0,20,260,250
2023-07-10,Monday,Normal Weekday,Metro,6505,Werribee,Northern & Cross-City,D,Flinders Street,Werribee,Williams Landing,-37.86986533,144.7474447,23200,8,18:34:40,18:35:00,0,110,250,140
2023-07-10,Monday,Normal Weekday,Metro,6505,Werribee,Northern & Cross-City,D,Flinders Street,Werribee,Hoppers Crossing,-37.88327618,144.7009549,27665,9,18:38:40,18:39:00,0,50,140,90
2023-07-10,Monday,Normal Weekday,Metro,6505,Werribee,Northern & Cross-City,D,Flinders Street,Werribee,Werribee,-37.89937805,144.661118,31697,10,18:44:00,18:44:00,0,90,90,0
2023-07-10,Monday,Normal Weekday,Metro,6507,Werribee,Northern & Cross-City,D,Flinders Street,Werribee,Flinders Street,-37.81830513,144.9669643,1232,1,18:13:00,18:13:00,180,0,0,180
2023-07-10,Monday,Normal Weekday,Metro,6507,Werribee,Northern & Cross-City,D,Flinders Street,Werribee,Southern Cross,-37.81793643,144.9514112,0,2,18:16:40,18:17:00,160,20,180,320
2023-07-10,Monday,Normal Weekday,Metro,6507,Werribee,Northern & Cross-City,D,Flinders Street,Werribee,North Melbourne,-37.80630984,144.9415102,1680,3,18:19:40,18:20:00,30,10,320,340
2023-07-10,Monday,Normal Weekday,Metro,6507,Werribee,Northern & Cross-City,D,Flinders Street,Werribee,Footscray,-37.80108298,144.9031992,5623,4,18:24:40,18:25:00,10,40,340,310
2023-07-10,Monday,Normal Weekday,Metro,6507,Werribee,Northern & Cross-City,D,Flinders Street,Werribee,Newport,-37.84271757,144.8835999,10555,5,18:31:40,18:32:00,10,30,310,290
2023-07-10,Monday,Normal Weekday,Metro,6507,Werribee,Northern & Cross-City,D,Flinders Street,Werribee,Laverton,-37.86369404,144.7726167,21005,6,18:40:40,18:41:00,0,40,290,250
2023-07-10,Monday,Normal Weekday,Metro,6507,Werribee,Northern & Cross-City,D,Flinders Street,Werribee,Aircraft,-37.86660595,144.7608094,22226,7,18:41:40,18:42:00,0,10,250,240
2023-07-10,Monday,Normal Weekday,Metro,6507,Werribee,Northern & Cross-City,D,Flinders Street,Werribee,Williams Landing,-37.86986533,144.7474447,23200,8,18:44:40,18:45:00,0,100,240,140
2023-07-10,Monday,Normal Weekday,Metro,6507,Werribee,Northern & Cross-City,D,Flinders Street,Werribee,Hoppers Crossing,-37.88327618,144.7009549,27665,9,18:48:40,18:49:00,0,60,140,80
2023-07-10,Monday,Normal Weekday,Metro,6507,Werribee,Northern & Cross-City,D,Flinders Street,Werribee,Werribee,-37.89937805,144.661118,31697,10,18:54:00,18:54:00,0,80,80,0
2023-07-10,Monday,Normal Weekday,Metro,6508,Werribee,Northern & Cross-City,U,Werribee,Flinders Street,Werribee,-37.89937805,144.661118,31697,1,18:19:00,18:19:00,20,0,0,20
2023-07-10,Monday,Normal Weekday,Metro,6508,Werribee,Northern & Cross-City,U,Werribee,Flinders Street,Hoppers Crossing,-37.88327618,144.7009549,27665,2,18:21:40,18:22:00,10,0,20,30
2023-07-10,Monday,Normal Weekday,Metro,6508,Werribee,Northern & Cross-City,U,Werribee,Flinders Street,Williams Landing,-37.86986533,144.7474447,23200,3,18:24:40,18:25:00,20,0,30,40
2023-07-10,Monday,Normal Weekday,Metro,6508,Werribee,Northern & Cross-City,U,Werribee,Flinders Street,Aircraft,-37.86660595,144.7608094,22226,4,18:27:40,18:28:00,0,0,40,50
2023-07-10,Monday,Normal Weekday,Metro,6508,Werribee,Northern & Cross-City,U,Werribee,Flinders Street,Laverton,-37.86369404,144.7726167,21005,5,18:29:40,18:30:00,10,10,50,50
2023-07-10,Monday,Normal Weekday,Metro,6508,Werribee,Northern & Cross-City,U,Werribee,Flinders Street,Newport,-37.84271757,144.8835999,10555,6,18:38:40,18:39:00,10,10,50,50
2023-07-10,Monday,Normal Weekday,Metro,6508,Werribee,Northern & Cross-City,U,Werribee,Flinders Street,Footscray,-37.80108298,144.9031992,5623,7,18:44:40,18:45:00,10,10,50,50
2023-07-10,Monday,Normal Weekday,Metro,6508,Werribee,Northern & Cross-City,U,Werribee,Flinders Street,North Melbourne,-37.80630984,144.9415102,1680,8,18:49:40,18:50:00,0,10,50,40
2023-07-10,Monday,Normal Weekday,Metro,6508,Werribee,Northern & Cross-City,U,Werribee,Flinders Street,Southern Cross,-37.81793643,144.9514112,0,9,18:52:40,18:53:00,10,10,40,40
2023-07-10,Monday,Normal Weekday,Metro,6508,Werribee,Northern & Cross-City,U,Werribee,Flinders Street,Flinders Street,-37.81830513,144.9669643,1232,10,18:57:00,18:57:00,0,40,40,0
2023-07-10,Monday,Normal Weekday,Metro,6509,Werribee,Northern & Cross-City,D,Flinders Street,Werribee,Flinders Street,-37.81830513,144.9669643,1232,1,18:23:00,18:23:00,150,0,0,150
2023-07-10,Monday,Normal Weekday,Metro,6509,Werribee,Northern & Cross-City,D,Flinders Street,Werribee,Southern Cross,-37.81793643,144.9514112,0,2,18:26:40,18:27:00,150,0,150,290
2023-07-10,Monday,Normal Weekday,Metro,6509,Werribee,Northern & Cross-City,D,Flinders Street,Werribee,North Melbourne,-37.80630984,144.9415102,1680,3,18:29:40,18:30:00,30,10,290,310
2023-07-10,Monday,Normal Weekday,Metro,6509,Werribee,Northern & Cross-City,D,Flinders Street,Werribee,Footscray,-37.80108298,144.9031992,5623,4,18:34:40,18:35:00,20,40,310,290
2023-07-10,Monday,Normal Weekday,Metro,6509,Werribee,Northern & Cross-City,D,Flinders Street,Werribee,Newport,-37.84271757,144.8835999,10555,5,18:41:40,18:42:00,10,20,290,270
2023-07-10,Monday,Normal Weekday,Metro,6509,Werribee,Northern & Cross-City,D,Flinders Street,Werribee,Laverton,-37.86369404,144.7726167,21005,6,18:50:40,18:51:00,0,60,270,210
2023-07-10,Monday,Normal Weekday,Metro,6509,Werribee,Northern & Cross-City,D,Flinders Street,Werribee,Aircraft,-37.86660595,144.7608094,22226,7,18:51:40,18:52:00,0,10,210,200
2023-07-10,Monday,Normal Weekday,Metro,6509,Werribee,Northern & Cross-City,D,Flinders Street,Werribee,Williams Landing,-37.86986533,144.7474447,23200,8,18:54:40,18:55:00,0,80,200,130
2023-07-10,Monday,Normal Weekday,Metro,6509,Werribee,Northern & Cross-City,D,Flinders Street,Werribee,Hoppers Crossing,-37.88327618,144.7009549,27665,9,18:58:40,18:59:00,0,60,130,70
2023-07-10,Monday,Normal Weekday,Metro,6509,Werribee,Northern & Cross-City,D,Flinders Street,Werribee,Werribee,-37.89937805,144.661118,31697,10,19:04:00,19:04:00,0,70,70,0
2023-07-10,Monday,Normal Weekday,Metro,6510,Werribee,Northern & Cross-City,U,Werribee,Flinders Street,Werribee,-37.89937805,144.661118,31697,1,18:29:00,18:29:00,10,0,0,10
2023-07-10,Monday,Normal Weekday,Metro,6510,Werribee,Northern & Cross-City,U,Werribee,Flinders Street,Hoppers Crossing,-37.88327618,144.7009549,27665,2,18:31:40,18:32:00,10,0,10,10
2023-07-10,Monday,Normal Weekday,Metro,6510,Werribee,Northern & Cross-City,U,Werribee,Flinders Street,Williams Landing,-37.86986533,144.7474447,23200,3,18:34:40,18:35:00,10,0,10,20
2023-07-10,Monday,Normal Weekday,Metro,6510,Werribee,Northern & Cross-City,U,Werribee,Flinders Street,Aircraft,-37.86660595,144.7608094,22226,4,18:37:40,18:38:00,0,0,20,20
2023-07-10,Monday,Normal Weekday,Metro,6510,Werribee,Northern & Cross-City,U,Werribee,Flinders Street,Laverton,-37.86369404,144.7726167,21005,5,18:39:40,18:40:00,0,0,20,20
2023-07-10,Monday,Normal Weekday,Metro,6510,Werribee,Northern & Cross-City,U,Werribee,Flinders Street,Newport,-37.84271757,144.8835999,10555,6,18:48:40,18:49:00,0,0,20,20
2023-07-10,Monday,Normal Weekday,Metro,6510,Werribee,Northern & Cross-City,U,Werribee,Flinders Street,Footscray,-37.80108298,144.9031992,5623,7,18:54:40,18:55:00,10,10,20,30
2023-07-10,Monday,Normal Weekday,Metro,6510,Werribee,Northern & Cross-City,U,Werribee,Flinders Street,North Melbourne,-37.80630984,144.9415102,1680,8,18:59:40,19:00:00,0,0,30,20
2023-07-10,Monday,Normal Weekday,Metro,6510,Werribee,Northern & Cross-City,U,Werribee,Flinders Street,Southern Cross,-37.81793643,144.9514112,0,9,19:02:40,19:03:00,10,10,20,30
2023-07-10,Monday,Normal Weekday,Metro,6510,Werribee,Northern & Cross-City,U,Werribee,Flinders Street,Flinders Street,-37.81830513,144.9669643,1232,10,19:07:00,19:07:00,0,30,30,0
2023-07-10,Monday,Normal Weekday,Metro,6511,Werribee,Northern & Cross-City,D,Flinders Street,Werribee,Flinders Street,-37.81830513,144.9669643,1232,1,18:33:00,18:33:00,130,0,0,130
2023-07-10,Monday,Normal Weekday,Metro,6511,Werribee,Northern & Cross-City,D,Flinders Street,Werribee,Southern Cross,-37.81793643,144.9514112,0,2,18:36:40,18:37:00,110,20,130,220
2023-07-10,Monday,Normal Weekday,Metro,6511,Werribee,Northern & Cross-City,D,Flinders Street,Werribee,North Melbourne,-37.80630984,144.9415102,1680,3,18:39:40,18:40:00,10,0,220,220
2023-07-10,Monday,Normal Weekday,Metro,6511,Werribee,Northern & Cross-City,D,Flinders Street,Werribee,Footscray,-37.80108298,144.9031992,5623,4,18:44:40,18:45:00,10,40,220,190
2023-07-10,Monday,Normal Weekday,Metro,6511,Werribee,Northern & Cross-City,D,Flinders Street,Werribee,Newport,-37.84271757,144.8835999,10555,5,18:51:40,18:52:00,0,20,190,180
2023-07-10,Monday,Normal Weekday,Metro,6511,Werribee,Northern & Cross-City,D,Flinders Street,Werribee,Laverton,-37.86369404,144.7726167,21005,6,19:00:40,19:01:00,0,30,180,150
2023-07-10,Monday,Normal Weekday,Metro,6511,Werribee,Northern & Cross-City,D,Flinders Street,Werribee,Aircraft,-37.86660595,144.7608094,22226,7,19:01:40,19:02:00,0,10,150,140
2023-07-10,Monday,Normal Weekday,Metro,6511,Werribee,Northern & Cross-City,D,Flinders Street,Werribee,Williams Landing,-37.86986533,144.7474447,23200,8,19:04:40,19:05:00,0,60,140,80
2023-07-10,Monday,Normal Weekday,Metro,6511,Werribee,Northern & Cross-City,D,Flinders Street,Werribee,Hoppers Crossing,-37.88327618,144.7009549,27665,9,19:08:40,19:09:00,0,30,80,60
2023-07-10,Monday,Normal Weekday,Metro,6511,Werribee,Northern & Cross-City,D,Flinders Street,Werribee,Werribee,-37.89937805,144.661118,31697,10,19:14:00,19:14:00,0,60,60,0
2023-07-10,Monday,Normal Weekday,Metro,6512,Werribee,Northern & Cross-City,U,Werribee,Flinders Street,Werribee,-37.89937805,144.661118,31697,1,18:39:00,18:39:00,10,0,0,10
2023-07-10,Monday,Normal Weekday,Metro,6512,Werribee,Northern & Cross-City,U,Werribee,Flinders Street,Hoppers Crossing,-37.88327618,144.7009549,27665,2,18:41:40,18:42:00,10,0,10,10
2023-07-10,Monday,Normal Weekday,Metro,6512,Werribee,Northern & Cross-City,U,Werribee,Flinders Street,Williams Landing,-37.86986533,144.7474447,23200,3,18:44:40,18:45:00,10,0,10,20
2023-07-10,Monday,Normal Weekday,Metro,6512,Werribee,Northern & Cross-City,U,Werribee,Flinders Street,Aircraft,-37.86660595,144.7608094,22226,4,18:47:40,18:48:00,0,0,20,20
2023-07-10,Monday,Normal Weekday,Metro,6512,Werribee,Northern & Cross-City,U,Werribee,Flinders Street,Laverton,-37.86369404,144.7726167,21005,5,18:49:40,18:50:00,0,0,20,20
2023-07-10,Monday,Normal Weekday,Metro,6512,Werribee,Northern & Cross-City,U,Werribee,Flinders Street,Newport,-37.84271757,144.8835999,10555,6,18:58:40,18:59:00,0,0,20,20
2023-07-10,Monday,Normal Weekday,Metro,6512,Werribee,Northern & Cross-City,U,Werribee,Flinders Street,Footscray,-37.80108298,144.9031992,5623,7,19:04:40,19:05:00,0,0,20,20
2023-07-10,Monday,Normal Weekday,Metro,6512,Werribee,Northern & Cross-City,U,Werribee,Flinders Street,North Melbourne,-37.80630984,144.9415102,1680,8,19:09:40,19:10:00,0,0,20,20
2023-07-10,Monday,Normal Weekday,Metro,6512,Werribee,Northern & Cross-City,U,Werribee,Flinders Street,Southern Cross,-37.81793643,144.9514112,0,9,19:12:40,19:13:00,10,10,20,20
2023-07-10,Monday,Normal Weekday,Metro,6512,Werribee,Northern & Cross-City,U,Werribee,Flinders Street,Flinders Street,-37.81830513,144.9669643,1232,10,19:17:00,19:17:00,0,20,20,0
2023-07-10,Monday,Normal Weekday,Metro,6513,Werribee,Northern & Cross-City,D,Flinders Street,Werribee,Flinders Street,-37.81830513,144.9669643,1232,1,18:44:00,18:44:00,90,0,0,90
2023-07-10,Monday,Normal Weekday,Metro,6513,Werribee,Northern & Cross-City,D,Flinders Street,Werribee,Southern Cross,-37.81793643,144.9514112,0,2,18:47:40,18:48:00,90,0,90,180
2023-07-10,Monday,Normal Weekday,Metro,6513,Werribee,Northern & Cross-City,D,Flinders Street,Werribee,North Melbourne,-37.80630984,144.9415102,1680,3,18:50:40,18:51:00,20,10,180,190
2023-07-10,Monday,Normal Weekday,Metro,6513,Werribee,Northern & Cross-City,D,Flinders Street,Werribee,Footscray,-37.80108298,144.9031992,5623,4,18:55:40,18:56:00,10,30,190,170
2023-07-10,Monday,Normal Weekday,Metro,6513,Werribee,Northern & Cross-City,D,Flinders Street,Werribee,Newport,-37.84271757,144.8835999,10555,5,19:01:40,19:02:00,0,10,170,160
2023-07-10,Monday,Normal Weekday,Metro,6513,Werribee,Northern & Cross-City,D,Flinders Street,Werribee,Laverton,-37.86369404,144.7726167,21005,6,19:10:40,19:11:00,0,20,160,140
2023-07-10,Monday,Normal Weekday,Metro,6513,Werribee,Northern & Cross-City,D,Flinders Street,Werribee,Aircraft,-37.86660595,144.7608094,22226,7,19:11:40,19:12:00,0,0,140,140
2023-07-10,Monday,Normal Weekday,Metro,6513,Werribee,Northern & Cross-City,D,Flinders Street,Werribee,Williams Landing,-37.86986533,144.7474447,23200,8,19:14:40,19:15:00,0,50,140,90
2023-07-10,Monday,Normal Weekday,Metro,6513,Werribee,Northern & Cross-City,D,Flinders Street,Werribee,Hoppers Crossing,-37.88327618,144.7009549,27665,9,19:18:40,19:19:00,0,40,90,40
2023-07-10,Monday,Normal Weekday,Metro,6513,Werribee,Northern & Cross-City,D,Flinders Street,Werribee,Werribee,-37.89937805,144.661118,31697,10,19:24:00,19:24:00,0,40,40,0
2023-07-10,Monday,Normal Weekday,Metro,6515,Werribee,Northern & Cross-City,D,Flinders Street,Werribee,Flinders Street,-37.81830513,144.9669643,1232,1,18:53:00,18:53:00,60,0,0,60
2023-07-10,Monday,Normal Weekday,Metro,6515,Werribee,Northern & Cross-City,D,Flinders Street,Werribee,Southern Cross,-37.81793643,144.9514112,0,2,18:56:40,18:57:00,50,0,60,100
2023-07-10,Monday,Normal Weekday,Metro,6515,Werribee,Northern & Cross-City,D,Flinders Street,Werribee,North Melbourne,-37.80630984,144.9415102,1680,3,18:59:40,19:00:00,10,10,100,100
2023-07-10,Monday,Normal Weekday,Metro,6515,Werribee,Northern & Cross-City,D,Flinders Street,Werribee,Footscray,-37.80108298,144.9031992,5623,4,19:04:40,19:05:00,10,10,100,100
2023-07-10,Monday,Normal Weekday,Metro,6515,Werribee,Northern & Cross-City,D,Flinders Street,Werribee,Newport,-37.84271757,144.8835999,10555,5,19:10:40,19:11:00,0,10,100,90
2023-07-10,Monday,Normal Weekday,Metro,6515,Werribee,Northern & Cross-City,D,Flinders Street,Werribee,Laverton,-37.86369404,144.7726167,21005,6,19:19:40,19:20:00,0,10,90,80
2023-07-10,Monday,Normal Weekday,Metro,6515,Werribee,Northern & Cross-City,D,Flinders Street,Werribee,Aircraft,-37.86660595,144.7608094,22226,7,19:20:40,19:21:00,0,10,80,70
2023-07-10,Monday,Normal Weekday,Metro,6515,Werribee,Northern & Cross-City,D,Flinders Street,Werribee,Williams Landing,-37.86986533,144.7474447,23200,8,19:23:40,19:24:00,0,20,70,50
2023-07-10,Monday,Normal Weekday,Metro,6515,Werribee,Northern & Cross-City,D,Flinders Street,Werribee,Hoppers Crossing,-37.88327618,144.7009549,27665,9,19:27:40,19:28:00,0,20,50,30
2023-07-10,Monday,Normal Weekday,Metro,6515,Werribee,Northern & Cross-City,D,Flinders Street,Werribee,Werribee,-37.89937805,144.661118,31697,10,19:33:00,19:33:00,0,30,30,0
2023-07-10,Monday,Normal Weekday,Metro,6516,Werribee,Northern & Cross-City,U,Werribee,Flinders Street,Werribee,-37.89937805,144.661118,31697,1,18:59:00,18:59:00,10,0,0,10
2023-07-10,Monday,Normal Weekday,Metro,6516,Werribee,Northern & Cross-City,U,Werribee,Flinders Street,Hoppers Crossing,-37.88327618,144.7009549,27665,2,19:01:40,19:02:00,0,0,10,20
2023-07-10,Monday,Normal Weekday,Metro,6516,Werribee,Northern & Cross-City,U,Werribee,Flinders Street,Williams Landing,-37.86986533,144.7474447,23200,3,19:04:40,19:05:00,10,0,20,30
2023-07-10,Monday,Normal Weekday,Metro,6516,Werribee,Northern & Cross-City,U,Werribee,Flinders Street,Aircraft,-37.86660595,144.7608094,22226,4,19:07:40,19:08:00,10,0,30,30
2023-07-10,Monday,Normal Weekday,Metro,6516,Werribee,Northern & Cross-City,U,Werribee,Flinders Street,Laverton,-37.86369404,144.7726167,21005,5,19:09:40,19:10:00,0,0,30,30
2023-07-10,Monday,Normal Weekday,Metro,6516,Werribee,Northern & Cross-City,U,Werribee,Flinders Street,Newport,-37.84271757,144.8835999,10555,6,19:18:40,19:19:00,0,0,30,30
2023-07-10,Monday,Normal Weekday,Metro,6516,Werribee,Northern & Cross-City,U,Werribee,Flinders Street,Footscray,-37.80108298,144.9031992,5623,7,19:24:40,19:25:00,0,0,30,30
2023-07-10,Monday,Normal Weekday,Metro,6516,Werribee,Northern & Cross-City,U,Werribee,Flinders Street,North Melbourne,-37.80630984,144.9415102,1680,8,19:29:40,19:30:00,0,0,30,30
2023-07-10,Monday,Normal Weekday,Metro,6516,Werribee,Northern & Cross-City,U,Werribee,Flinders Street,Southern Cross,-37.81793643,144.9514112,0,9,19:32:40,19:33:00,10,20,30,20
2023-07-10,Monday,Normal Weekday,Metro,6516,Werribee,Northern & Cross-City,U,Werribee,Flinders Street,Flinders Street,-37.81830513,144.9669643,1232,10,19:37:00,19:37:00,0,20,20,0
2023-07-10,Monday,Normal Weekday,Metro,6517,Werribee,Northern & Cross-City,D,Flinders Street,Werribee,Flinders Street,-37.81830513,144.9669643,1232,1,19:03:00,19:03:00,50,0,0,50
2023-07-10,Monday,Normal Weekday,Metro,6517,Werribee,Northern & Cross-City,D,Flinders Street,Werribee,Southern Cross,-37.81793643,144.9514112,0,2,19:06:40,19:07:00,50,10,50,90
2023-07-10,Monday,Normal Weekday,Metro,6517,Werribee,Northern & Cross-City,D,Flinders Street,Werribee,North Melbourne,-37.80630984,144.9415102,1680,3,19:09:40,19:10:00,10,0,90,100
2023-07-10,Monday,Normal Weekday,Metro,6517,Werribee,Northern & Cross-City,D,Flinders Street,Werribee,Footscray,-37.80108298,144.9031992,5623,4,19:14:40,19:15:00,10,20,100,90
2023-07-10,Monday,Normal Weekday,Metro,6517,Werribee,Northern & Cross-City,D,Flinders Street,Werribee,Newport,-37.84271757,144.8835999,10555,5,19:20:40,19:21:00,0,10,90,80
2023-07-10,Monday,Normal Weekday,Metro,6517,Werribee,Northern & Cross-City,D,Flinders Street,Werribee,Laverton,-37.86369404,144.7726167,21005,6,19:29:40,19:30:00,0,10,80,70
2023-07-10,Monday,Normal Weekday,Metro,6517,Werribee,Northern & Cross-City,D,Flinders Street,Werribee,Aircraft,-37.86660595,144.7608094,22226,7,19:30:40,19:31:00,0,0,70,70
2023-07-10,Monday,Normal Weekday,Metro,6517,Werribee,Northern & Cross-City,D,Flinders Street,Werribee,Williams Landing,-37.86986533,144.7474447,23200,8,19:33:40,19:34:00,0,30,70,40
2023-07-10,Monday,Normal Weekday,Metro,6517,Werribee,Northern & Cross-City,D,Flinders Street,Werribee,Hoppers Crossing,-37.88327618,144.7009549,27665,9,19:37:40,19:38:00,0,10,40,20
2023-07-10,Monday,Normal Weekday,Metro,6517,Werribee,Northern & Cross-City,D,Flinders Street,Werribee,Werribee,-37.89937805,144.661118,31697,10,19:43:00,19:43:00,0,20,20,0
2023-07-10,Monday,Normal Weekday,Metro,6518,Werribee,Northern & Cross-City,U,Werribee,Flinders Street,Werribee,-37.89937805,144.661118,31697,1,19:19:00,19:19:00,10,0,0,10
2023-07-10,Monday,Normal Weekday,Metro,6518,Werribee,Northern & Cross-City,U,Werribee,Flinders Street,Hoppers Crossing,-37.88327618,144.7009549,27665,2,19:21:40,19:22:00,0,0,10,10
2023-07-10,Monday,Normal Weekday,Metro,6518,Werribee,Northern & Cross-City,U,Werribee,Flinders Street,Williams Landing,-37.86986533,144.7474447,23200,3,19:24:40,19:25:00,0,0,10,10
2023-07-10,Monday,Normal Weekday,Metro,6518,Werribee,Northern & Cross-City,U,Werribee,Flinders Street,Aircraft,-37.86660595,144.7608094,22226,4,19:27:40,19:28:00,0,0,10,20
2023-07-10,Monday,Normal Weekday,Metro,6518,Werribee,Northern & Cross-City,U,Werribee,Flinders Street,Laverton,-37.86369404,144.7726167,21005,5,19:29:40,19:30:00,10,0,20,20
2023-07-10,Monday,Normal Weekday,Metro,6518,Werribee,Northern & Cross-City,U,Werribee,Flinders Street,Newport,-37.84271757,144.8835999,10555,6,19:38:40,19:39:00,0,0,20,20
2023-07-10,Monday,Normal Weekday,Metro,6518,Werribee,Northern & Cross-City,U,Werribee,Flinders Street,Footscray,-37.80108298,144.9031992,5623,7,19:44:40,19:45:00,0,0,20,20
2023-07-10,Monday,Normal Weekday,Metro,6518,Werribee,Northern & Cross-City,U,Werribee,Flinders Street,North Melbourne,-37.80630984,144.9415102,1680,8,19:49:40,19:50:00,0,0,20,20
2023-07-10,Monday,Normal Weekday,Metro,6518,Werribee,Northern & Cross-City,U,Werribee,Flinders Street,Southern Cross,-37.81793643,144.9514112,0,9,19:52:40,19:53:00,0,10,20,20
2023-07-10,Monday,Normal Weekday,Metro,6518,Werribee,Northern & Cross-City,U,Werribee,Flinders Street,Flinders Street,-37.81830513,144.9669643,1232,10,19:57:00,19:57:00,0,20,20,0
2023-07-10,Monday,Normal Weekday,Metro,6520,Werribee,Northern & Cross-City,U,Werribee,Flinders Street,Werribee,-37.89937805,144.661118,31697,1,19:37:00,19:37:00,10,0,0,10
2023-07-10,Monday,Normal Weekday,Metro,6520,Werribee,Northern & Cross-City,U,Werribee,Flinders Street,Hoppers Crossing,-37.88327618,144.7009549,27665,2,19:39:40,19:40:00,10,0,10,20
2023-07-10,Monday,Normal Weekday,Metro,6520,Werribee,Northern & Cross-City,U,Werribee,Flinders Street,Williams Landing,-37.86986533,144.7474447,23200,3,19:42:40,19:43:00,10,0,20,30
2023-07-10,Monday,Normal Weekday,Metro,6520,Werribee,Northern & Cross-City,U,Werribee,Flinders Street,Aircraft,-37.86660595,144.7608094,22226,4,19:45:40,19:46:00,0,0,30,30
2023-07-10,Monday,Normal Weekday,Metro,6520,Werribee,Northern & Cross-City,U,Werribee,Flinders Street,Laverton,-37.86369404,144.7726167,21005,5,19:47:40,19:48:00,0,0,30,30
2023-07-10,Monday,Normal Weekday,Metro,6520,Werribee,Northern & Cross-City,U,Werribee,Flinders Street,Newport,-37.84271757,144.8835999,10555,6,19:56:40,19:57:00,0,0,30,30
2023-07-10,Monday,Normal Weekday,Metro,6520,Werribee,Northern & Cross-City,U,Werribee,Flinders Street,Footscray,-37.80108298,144.9031992,5623,7,20:02:40,20:03:00,10,10,30,30
2023-07-10,Monday,Normal Weekday,Metro,6520,Werribee,Northern & Cross-City,U,Werribee,Flinders Street,North Melbourne,-37.80630984,144.9415102,1680,8,20:07:40,20:08:00,0,10,30,20
2023-07-10,Monday,Normal Weekday,Metro,6520,Werribee,Northern & Cross-City,U,Werribee,Flinders Street,Southern Cross,-37.81793643,144.9514112,0,9,20:10:40,20:11:00,10,10,20,20
2023-07-10,Monday,Normal Weekday,Metro,6520,Werribee,Northern & Cross-City,U,Werribee,Flinders Street,Flinders Street,-37.81830513,144.9669643,1232,10,20:15:00,20:15:00,0,20,20,0
2023-07-10,Monday,Normal Weekday,Metro,6530,Werribee,Northern & Cross-City,U,Werribee,Flinders Street,Werribee,-37.89937805,144.661118,31697,1,04:46:00,04:46:00,30,0,0,30
2023-07-10,Monday,Normal Weekday,Metro,6530,Werribee,Northern & Cross-City,U,Werribee,Flinders Street,Hoppers Crossing,-37.88327618,144.7009549,27665,2,04:48:40,04:49:00,20,0,30,40
2023-07-10,Monday,Normal Weekday,Metro,6530,Werribee,Northern & Cross-City,U,Werribee,Flinders Street,Williams Landing,-37.86986533,144.7474447,23200,3,04:51:40,04:52:00,10,0,40,60
2023-07-10,Monday,Normal Weekday,Metro,6530,Werribee,Northern & Cross-City,U,Werribee,Flinders Street,Aircraft,-37.86660595,144.7608094,22226,4,04:54:40,04:55:00,0,0,60,60
2023-07-10,Monday,Normal Weekday,Metro,6530,Werribee,Northern & Cross-City,U,Werribee,Flinders Street,Laverton,-37.86369404,144.7726167,21005,5,04:56:40,04:57:00,10,0,60,70
2023-07-10,Monday,Normal Weekday,Metro,6530,Werribee,Northern & Cross-City,U,Werribee,Flinders Street,Westona,-37.86516348,144.8134936,18533,6,05:00:40,05:01:00,0,0,70,70
2023-07-10,Monday,Normal Weekday,Metro,6530,Werribee,Northern & Cross-City,U,Werribee,Flinders Street,Altona,-37.8671476,144.8296447,17148,7,05:02:40,05:03:00,0,0,70,80
2023-07-10,Monday,Normal Weekday,Metro,6530,Werribee,Northern & Cross-City,U,Werribee,Flinders Street,Seaholme,-37.86784231,144.8409577,16127,8,05:04:40,05:05:00,0,0,80,80
2023-07-10,Monday,Normal Weekday,Metro,6530,Werribee,Northern & Cross-City,U,Werribee,Flinders Street,Newport,-37.84271757,144.8835999,10555,9,05:12:40,05:13:00,0,0,80,80
2023-07-10,Monday,Normal Weekday,Metro,6530,Werribee,Northern & Cross-City,U,Werribee,Flinders Street,Spotswood,-37.83063888,144.8859335,9220,10,05:14:40,05:15:00,0,0,80,80
2023-07-10,Monday,Normal Weekday,Metro,6530,Werribee,Northern & Cross-City,U,Werribee,Flinders Street,Yarraville,-37.81585044,144.8899337,7542,11,05:16:40,05:17:00,0,0,80,80
2023-07-10,Monday,Normal Weekday,Metro,6530,Werribee,Northern & Cross-City,U,Werribee,Flinders Street,Seddon,-37.80900514,144.8956716,6618,12,05:18:40,05:19:00,0,0,80,80
2023-07-10,Monday,Normal Weekday,Metro,6530,Werribee,Northern & Cross-City,U,Werribee,Flinders Street,Footscray,-37.80108298,144.9031992,5623,13,05:20:40,05:21:00,0,10,80,70
2023-07-10,Monday,Normal Weekday,Metro,6530,Werribee,Northern & Cross-City,U,Werribee,Flinders Street,South Kensington,-37.79953087,144.925469,3492,14,05:23:40,05:24:00,0,0,70,70
2023-07-10,Monday,Normal Weekday,Metro,6530,Werribee,Northern & Cross-City,U,Werribee,Flinders Street,North Melbourne,-37.80630984,144.9415102,1680,15,05:26:40,05:27:00,10,10,70,70
2023-07-10,Monday,Normal Weekday,Metro,6530,Werribee,Northern & Cross-City,U,Werribee,Flinders Street,Southern Cross,-37.81793643,144.9514112,0,16,05:29:40,05:30:00,0,40,70,30
2023-07-10,Monday,Normal Weekday,Metro,6530,Werribee,Northern & Cross-City,U,Werribee,Flinders Street,Flinders Street,-37.81830513,144.9669643,1232,17,05:34:00,05:34:00,0,30,30,0
2023-07-10,Monday,Normal Weekday,Metro,6531,Werribee,Northern & Cross-City,D,Flinders Street,Werribee,Flinders Street,-37.81830513,144.9669643,1232,1,19:08:00,19:08:00,40,0,0,40
2023-07-10,Monday,Normal Weekday,Metro,6531,Werribee,Northern & Cross-City,D,Flinders Street,Werribee,Southern Cross,-37.81793643,144.9514112,0,2,19:10:40,19:11:00,40,0,40,80
2023-07-10,Monday,Normal Weekday,Metro,6531,Werribee,Northern & Cross-City,D,Flinders Street,Werribee,North Melbourne,-37.80630984,144.9415102,1680,3,19:13:40,19:14:00,10,10,80,80
2023-07-10,Monday,Normal Weekday,Metro,6531,Werribee,Northern & Cross-City,D,Flinders Street,Werribee,South Kensington,-37.79953087,144.925469,3492,4,19:16:40,19:17:00,0,10,80,70
2023-07-10,Monday,Normal Weekday,Metro,6531,Werribee,Northern & Cross-City,D,Flinders Street,Werribee,Footscray,-37.80108298,144.9031992,5623,5,19:19:40,19:20:00,20,10,70,80
2023-07-10,Monday,Normal Weekday,Metro,6531,Werribee,Northern & Cross-City,D,Flinders Street,Werribee,Seddon,-37.80900514,144.8956716,6618,6,19:20:40,19:21:00,0,0,80,80
2023-07-10,Monday,Normal Weekday,Metro,6531,Werribee,Northern & Cross-City,D,Flinders Street,Werribee,Yarraville,-37.81585044,144.8899337,7542,7,19:22:40,19:23:00,0,10,80,70
2023-07-10,Monday,Normal Weekday,Metro,6531,Werribee,Northern & Cross-City,D,Flinders Street,Werribee,Spotswood,-37.83063888,144.8859335,9220,8,19:24:40,19:25:00,0,0,70,60
2023-07-10,Monday,Normal Weekday,Metro,6531,Werribee,Northern & Cross-City,D,Flinders Street,Werribee,Newport,-37.84271757,144.8835999,10555,9,19:27:40,19:28:00,0,10,60,50
2023-07-10,Monday,Normal Weekday,Metro,6531,Werribee,Northern & Cross-City,D,Flinders Street,Werribee,Seaholme,-37.86784231,144.8409577,16127,10,19:34:40,19:35:00,0,0,50,50
2023-07-10,Monday,Normal Weekday,Metro,6531,Werribee,Northern & Cross-City,D,Flinders Street,Werribee,Altona,-37.8671476,144.8296447,17148,11,19:36:40,19:37:00,0,0,50,50
2023-07-10,Monday,Normal Weekday,Metro,6531,Werribee,Northern & Cross-City,D,Flinders Street,Werribee,Westona,-37.86516348,144.8134936,18533,12,19:39:40,19:40:00,0,10,50,40
2023-07-10,Monday,Normal Weekday,Metro,6531,Werribee,Northern & Cross-City,D,Flinders Street,Werribee,Laverton,-37.86369404,144.7726167,21005,13,19:43:40,19:44:00,0,0,40,30
2023-07-10,Monday,Normal Weekday,Metro,6531,Werribee,Northern & Cross-City,D,Flinders Street,Werribee,Aircraft,-37.86660595,144.7608094,22226,14,19:44:40,19:45:00,0,0,30,30
2023-07-10,Monday,Normal Weekday,Metro,6531,Werribee,Northern & Cross-City,D,Flinders Street,Werribee,Williams Landing,-37.86986533,144.7474447,23200,15,19:46:40,19:47:00,0,20,30,10
2023-07-10,Monday,Normal Weekday,Metro,6531,Werribee,Northern & Cross-City,D,Flinders Street,Werribee,Hoppers Crossing,-37.88327618,144.7009549,27665,16,19:50:40,19:51:00,0,0,10,10
2023-07-10,Monday,Normal Weekday,Metro,6531,Werribee,Northern & Cross-City,D,Flinders Street,Werribee,Werribee,-37.89937805,144.661118,31697,17,19:56:00,19:56:00,0,10,10,0
2023-07-10,Monday,Normal Weekday,Metro,6532,Werribee,Northern & Cross-City,U,Werribee,Flinders Street,Werribee,-37.89937805,144.661118,31697,1,05:06:00,05:06:00,10,0,0,10
2023-07-10,Monday,Normal Weekday,Metro,6532,Werribee,Northern & Cross-City,U,Werribee,Flinders Street,Hoppers Crossing,-37.88327618,144.7009549,27665,2,05:08:40,05:09:00,10,0,10,20
2023-07-10,Monday,Normal Weekday,Metro,6532,Werribee,Northern & Cross-City,U,Werribee,Flinders Street,Williams Landing,-37.86986533,144.7474447,23200,3,05:11:40,05:12:00,10,0,20,30
2023-07-10,Monday,Normal Weekday,Metro,6532,Werribee,Northern & Cross-City,U,Werribee,Flinders Street,Aircraft,-37.86660595,144.7608094,22226,4,05:14:40,05:15:00,0,0,30,30
2023-07-10,Monday,Normal Weekday,Metro,6532,Werribee,Northern & Cross-City,U,Werribee,Flinders Street,Laverton,-37.86369404,144.7726167,21005,5,05:16:40,05:17:00,10,0,30,30
2023-07-10,Monday,Normal Weekday,Metro,6532,Werribee,Northern & Cross-City,U,Werribee,Flinders Street,Westona,-37.86516348,144.8134936,18533,6,05:20:40,05:21:00,0,0,30,30
2023-07-10,Monday,Normal Weekday,Metro,6532,Werribee,Northern & Cross-City,U,Werribee,Flinders Street,Altona,-37.8671476,144.8296447,17148,7,05:22:40,05:23:00,0,0,30,30
2023-07-10,Monday,Normal Weekday,Metro,6532,Werribee,Northern & Cross-City,U,Werribee,Flinders Street,Seaholme,-37.86784231,144.8409577,16127,8,05:24:40,05:25:00,0,0,30,40
2023-07-10,Monday,Normal Weekday,Metro,6532,Werribee,Northern & Cross-City,U,Werribee,Flinders Street,Newport,-37.84271757,144.8835999,10555,9,05:32:40,05:33:00,0,0,40,40
2023-07-10,Monday,Normal Weekday,Metro,6532,Werribee,Northern & Cross-City,U,Werribee,Flinders Street,Spotswood,-37.83063888,144.8859335,9220,10,05:34:40,05:35:00,0,0,40,40
2023-07-10,Monday,Normal Weekday,Metro,6532,Werribee,Northern & Cross-City,U,Werribee,Flinders Street,Yarraville,-37.81585044,144.8899337,7542,11,05:36:40,05:37:00,0,0,40,40
2023-07-10,Monday,Normal Weekday,Metro,6532,Werribee,Northern & Cross-City,U,Werribee,Flinders Street,Seddon,-37.80900514,144.8956716,6618,12,05:38:40,05:39:00,0,0,40,40
2023-07-10,Monday,Normal Weekday,Metro,6532,Werribee,Northern & Cross-City,U,Werribee,Flinders Street,Footscray,-37.80108298,144.9031992,5623,13,05:40:40,05:41:00,20,0,40,60
2023-07-10,Monday,Normal Weekday,Metro,6532,Werribee,Northern & Cross-City,U,Werribee,Flinders Street,South Kensington,-37.79953087,144.925469,3492,14,05:43:40,05:44:00,0,0,60,60
2023-07-10,Monday,Normal Weekday,Metro,6532,Werribee,Northern & Cross-City,U,Werribee,Flinders Street,North Melbourne,-37.80630984,144.9415102,1680,15,05:46:40,05:47:00,0,10,60,50
2023-07-10,Monday,Normal Weekday,Metro,6532,Werribee,Northern & Cross-City,U,Werribee,Flinders Street,Southern Cross,-37.81793643,144.9514112,0,16,05:49:40,05:50:00,10,20,50,40
2023-07-10,Monday,Normal Weekday,Metro,6532,Werribee,Northern & Cross-City,U,Werribee,Flinders Street,Flinders Street,-37.81830513,144.9669643,1232,17,05:54:00,05:54:00,0,40,40,0
2023-07-10,Monday,Normal Weekday,Metro,6533,Werribee,Northern & Cross-City,D,Flinders Street,Werribee,Flinders Street,-37.81830513,144.9669643,1232,1,19:28:00,19:28:00,80,0,0,80
2023-07-10,Monday,Normal Weekday,Metro,6533,Werribee,Northern & Cross-City,D,Flinders Street,Werribee,Southern Cross,-37.81793643,144.9514112,0,2,19:30:40,19:31:00,70,0,80,150
2023-07-10,Monday,Normal Weekday,Metro,6533,Werribee,Northern & Cross-City,D,Flinders Street,Werribee,North Melbourne,-37.80630984,144.9415102,1680,3,19:33:40,19:34:00,20,10,150,170
2023-07-10,Monday,Normal Weekday,Metro,6533,Werribee,Northern & Cross-City,D,Flinders Street,Werribee,South Kensington,-37.79953087,144.925469,3492,4,19:36:40,19:37:00,0,0,170,160
2023-07-10,Monday,Normal Weekday,Metro,6533,Werribee,Northern & Cross-City,D,Flinders Street,Werribee,Footscray,-37.80108298,144.9031992,5623,5,19:39:40,19:40:00,30,20,160,170
2023-07-10,Monday,Normal Weekday,Metro,6533,Werribee,Northern & Cross-City,D,Flinders Street,Werribee,Seddon,-37.80900514,144.8956716,6618,6,19:40:40,19:41:00,0,0,170,160
2023-07-10,Monday,Normal Weekday,Metro,6533,Werribee,Northern & Cross-City,D,Flinders Street,Werribee,Yarraville,-37.81585044,144.8899337,7542,7,19:42:40,19:43:00,0,10,160,160
2023-07-10,Monday,Normal Weekday,Metro,6533,Werribee,Northern & Cross-City,D,Flinders Street,Werribee,Spotswood,-37.83063888,144.8859335,9220,8,19:44:40,19:45:00,0,0,160,150
2023-07-10,Monday,Normal Weekday,Metro,6533,Werribee,Northern & Cross-City,D,Flinders Street,Werribee,Newport,-37.84271757,144.8835999,10555,9,19:47:40,19:48:00,0,10,150,150
2023-07-10,Monday,Normal Weekday,Metro,6533,Werribee,Northern & Cross-City,D,Flinders Street,Werribee,Seaholme,-37.86784231,144.8409577,16127,10,19:54:40,19:55:00,0,0,150,150
2023-07-10,Monday,Normal Weekday,Metro,6533,Werribee,Northern & Cross-City,D,Flinders Street,Werribee,Altona,-37.8671476,144.8296447,17148,11,19:56:40,19:57:00,0,10,150,140
2023-07-10,Monday,Normal Weekday,Metro,6533,Werribee,Northern & Cross-City,D,Flinders Street,Werribee,Westona,-37.86516348,144.8134936,18533,12,19:59:40,20:00:00,0,0,140,140
2023-07-10,Monday,Normal Weekday,Metro,6533,Werribee,Northern & Cross-City,D,Flinders Street,Werribee,Laverton,-37.86369404,144.7726167,21005,13,20:03:40,20:04:00,0,30,140,110
2023-07-10,Monday,Normal Weekday,Metro,6533,Werribee,Northern & Cross-City,D,Flinders Street,Werribee,Aircraft,-37.86660595,144.7608094,22226,14,20:04:40,20:05:00,0,10,110,110
2023-07-10,Monday,Normal Weekday,Metro,6533,Werribee,Northern & Cross-City,D,Flinders Street,Werribee,Williams Landing,-37.86986533,144.7474447,23200,15,20:06:40,20:07:00,0,40,110,70
2023-07-10,Monday,Normal Weekday,Metro,6533,Werribee,Northern & Cross-City,D,Flinders Street,Werribee,Hoppers Crossing,-37.88327618,144.7009549,27665,16,20:10:40,20:11:00,0,20,70,50
2023-07-10,Monday,Normal Weekday,Metro,6533,Werribee,Northern & Cross-City,D,Flinders Street,Werribee,Werribee,-37.89937805,144.661118,31697,17,20:16:00,20:16:00,0,50,50,0
2023-07-10,Monday,Normal Weekday,Metro,6534,Werribee,Northern & Cross-City,U,Werribee,Flinders Street,Werribee,-37.89937805,144.661118,31697,1,19:45:00,19:45:00,0,0,0,0
2023-07-10,Monday,Normal Weekday,Metro,6534,Werribee,Northern & Cross-City,U,Werribee,Flinders Street,Hoppers Crossing,-37.88327618,144.7009549,27665,2,19:47:40,19:48:00,0,0,0,10
2023-07-10,Monday,Normal Weekday,Metro,6534,Werribee,Northern & Cross-City,U,Werribee,Flinders Street,Williams Landing,-37.86986533,144.7474447,23200,3,19:50:40,19:51:00,0,0,10,10
2023-07-10,Monday,Normal Weekday,Metro,6534,Werribee,Northern & Cross-City,U,Werribee,Flinders Street,Aircraft,-37.86660595,144.7608094,22226,4,19:53:40,19:54:00,0,0,10,10
2023-07-10,Monday,Normal Weekday,Metro,6534,Werribee,Northern & Cross-City,U,Werribee,Flinders Street,Laverton,-37.86369404,144.7726167,21005,5,19:55:40,19:56:00,0,0,10,10
2023-07-10,Monday,Normal Weekday,Metro,6534,Werribee,Northern & Cross-City,U,Werribee,Flinders Street,Westona,-37.86516348,144.8134936,18533,6,19:59:40,20:00:00,0,0,10,10
2023-07-10,Monday,Normal Weekday,Metro,6534,Werribee,Northern & Cross-City,U,Werribee,Flinders Street,Altona,-37.8671476,144.8296447,17148,7,20:01:40,20:02:00,0,0,10,10
2023-07-10,Monday,Normal Weekday,Metro,6534,Werribee,Northern & Cross-City,U,Werribee,Flinders Street,Seaholme,-37.86784231,144.8409577,16127,8,20:03:40,20:04:00,0,0,10,10
2023-07-10,Monday,Normal Weekday,Metro,6534,Werribee,Northern & Cross-City,U,Werribee,Flinders Street,Newport,-37.84271757,144.8835999,10555,9,20:11:40,20:12:00,10,0,10,20
2023-07-10,Monday,Normal Weekday,Metro,6534,Werribee,Northern & Cross-City,U,Werribee,Flinders Street,Spotswood,-37.83063888,144.8859335,9220,10,20:13:40,20:14:00,0,0,20,20
2023-07-10,Monday,Normal Weekday,Metro,6534,Werribee,Northern & Cross-City,U,Werribee,Flinders Street,Yarraville,-37.81585044,144.8899337,7542,11,20:15:40,20:16:00,10,0,20,20
2023-07-10,Monday,Normal Weekday,Metro,6534,Werribee,Northern & Cross-City,U,Werribee,Flinders Street,Seddon,-37.80900514,144.8956716,6618,12,20:17:40,20:18:00,0,0,20,20
2023-07-10,Monday,Normal Weekday,Metro,6534,Werribee,Northern & Cross-City,U,Werribee,Flinders Street,Footscray,-37.80108298,144.9031992,5623,13,20:19:40,20:20:00,20,10,20,40
2023-07-10,Monday,Normal Weekday,Metro,6534,Werribee,Northern & Cross-City,U,Werribee,Flinders Street,South Kensington,-37.79953087,144.925469,3492,14,20:22:40,20:23:00,0,0,40,40
2023-07-10,Monday,Normal Weekday,Metro,6534,Werribee,Northern & Cross-City,U,Werribee,Flinders Street,North Melbourne,-37.80630984,144.9415102,1680,15,20:25:40,20:26:00,0,10,40,30
2023-07-10,Monday,Normal Weekday,Metro,6534,Werribee,Northern & Cross-City,U,Werribee,Flinders Street,Southern Cross,-37.81793643,144.9514112,0,16,20:28:40,20:29:00,30,20,30,40
2023-07-10,Monday,Normal Weekday,Metro,6534,Werribee,Northern & Cross-City,U,Werribee,Flinders Street,Flinders Street,-37.81830513,144.9669643,1232,17,20:33:00,20:33:00,0,40,40,0
2023-07-10,Monday,Normal Weekday,Metro,6535,Werribee,Northern & Cross-City,D,Flinders Street,Werribee,Flinders Street,-37.81830513,144.9669643,1232,1,19:48:00,19:48:00,70,0,0,70
2023-07-10,Monday,Normal Weekday,Metro,6535,Werribee,Northern & Cross-City,D,Flinders Street,Werribee,Southern Cross,-37.81793643,144.9514112,0,2,19:50:40,19:51:00,60,10,70,120
2023-07-10,Monday,Normal Weekday,Metro,6535,Werribee,Northern & Cross-City,D,Flinders Street,Werribee,North Melbourne,-37.80630984,144.9415102,1680,3,19:53:40,19:54:00,10,20,120,110
2023-07-10,Monday,Normal Weekday,Metro,6535,Werribee,Northern & Cross-City,D,Flinders Street,Werribee,South Kensington,-37.79953087,144.925469,3492,4,19:56:40,19:57:00,0,0,110,110
2023-07-10,Monday,Normal Weekday,Metro,6535,Werribee,Northern & Cross-City,D,Flinders Street,Werribee,Footscray,-37.80108298,144.9031992,5623,5,19:59:40,20:00:00,10,20,110,110
2023-07-10,Monday,Normal Weekday,Metro,6535,Werribee,Northern & Cross-City,D,Flinders Street,Werribee,Seddon,-37.80900514,144.8956716,6618,6,20:00:40,20:01:00,0,0,110,110
2023-07-10,Monday,Normal Weekday,Metro,6535,Werribee,Northern & Cross-City,D,Flinders Street,Werribee,Yarraville,-37.81585044,144.8899337,7542,7,20:02:40,20:03:00,0,0,110,110
2023-07-10,Monday,Normal Weekday,Metro,6535,Werribee,Northern & Cross-City,D,Flinders Street,Werribee,Spotswood,-37.83063888,144.8859335,9220,8,20:04:40,20:05:00,0,0,110,100
2023-07-10,Monday,Normal Weekday,Metro,6535,Werribee,Northern & Cross-City,D,Flinders Street,Werribee,Newport,-37.84271757,144.8835999,10555,9,20:07:40,20:08:00,0,10,100,90
2023-07-10,Monday,Normal Weekday,Metro,6535,Werribee,Northern & Cross-City,D,Flinders Street,Werribee,Seaholme,-37.86784231,144.8409577,16127,10,20:14:40,20:15:00,0,0,90,90
2023-07-10,Monday,Normal Weekday,Metro,6535,Werribee,Northern & Cross-City,D,Flinders Street,Werribee,Altona,-37.8671476,144.8296447,17148,11,20:16:40,20:17:00,0,0,90,90
2023-07-10,Monday,Normal Weekday,Metro,6535,Werribee,Northern & Cross-City,D,Flinders Street,Werribee,Westona,-37.86516348,144.8134936,18533,12,20:19:40,20:20:00,0,0,90,90
2023-07-10,Monday,Normal Weekday,Metro,6535,Werribee,Northern & Cross-City,D,Flinders Street,Werribee,Laverton,-37.86369404,144.7726167,21005,13,20:23:40,20:24:00,0,10,90,70
2023-07-10,Monday,Normal Weekday,Metro,6535,Werribee,Northern & Cross-City,D,Flinders Street,Werribee,Aircraft,-37.86660595,144.7608094,22226,14,20:24:40,20:25:00,0,0,70,70
2023-07-10,Monday,Normal Weekday,Metro,6535,Werribee,Northern & Cross-City,D,Flinders Street,Werribee,Williams Landing,-37.86986533,144.7474447,23200,15,20:26:40,20:27:00,0,30,70,40
2023-07-10,Monday,Normal Weekday,Metro,6535,Werribee,Northern & Cross-City,D,Flinders Street,Werribee,Hoppers Crossing,-37.88327618,144.7009549,27665,16,20:30:40,20:31:00,0,20,40,20
2023-07-10,Monday,Normal Weekday,Metro,6535,Werribee,Northern & Cross-City,D,Flinders Street,Werribee,Werribee,-37.89937805,144.661118,31697,17,20:36:00,20:36:00,0,20,20,0
2023-07-10,Monday,Normal Weekday,Metro,6536,Werribee,Northern & Cross-City,U,Werribee,Flinders Street,Werribee,-37.89937805,144.661118,31697,1,20:05:00,20:05:00,10,0,0,10
2023-07-10,Monday,Normal Weekday,Metro,6536,Werribee,Northern & Cross-City,U,Werribee,Flinders Street,Hoppers Crossing,-37.88327618,144.7009549,27665,2,20:07:40,20:08:00,0,0,10,10
2023-07-10,Monday,Normal Weekday,Metro,6536,Werribee,Northern & Cross-City,U,Werribee,Flinders Street,Williams Landing,-37.86986533,144.7474447,23200,3,20:10:40,20:11:00,10,0,10,20
2023-07-10,Monday,Normal Weekday,Metro,6536,Werribee,Northern & Cross-City,U,Werribee,Flinders Street,Aircraft,-37.86660595,144.7608094,22226,4,20:13:40,20:14:00,0,0,20,20
2023-07-10,Monday,Normal Weekday,Metro,6536,Werribee,Northern & Cross-City,U,Werribee,Flinders Street,Laverton,-37.86369404,144.7726167,21005,5,20:15:40,20:16:00,0,0,20,20
2023-07-10,Monday,Normal Weekday,Metro,6536,Werribee,Northern & Cross-City,U,Werribee,Flinders Street,Westona,-37.86516348,144.8134936,18533,6,20:19:40,20:20:00,10,0,20,20
2023-07-10,Monday,Normal Weekday,Metro,6536,Werribee,Northern & Cross-City,U,Werribee,Flinders Street,Altona,-37.8671476,144.8296447,17148,7,20:21:40,20:22:00,0,0,20,20
2023-07-10,Monday,Normal Weekday,Metro,6536,Werribee,Northern & Cross-City,U,Werribee,Flinders Street,Seaholme,-37.86784231,144.8409577,16127,8,20:23:40,20:24:00,0,0,20,20
2023-07-10,Monday,Normal Weekday,Metro,6536,Werribee,Northern & Cross-City,U,Werribee,Flinders Street,Newport,-37.84271757,144.8835999,10555,9,20:31:40,20:32:00,0,0,20,30
2023-07-10,Monday,Normal Weekday,Metro,6536,Werribee,Northern & Cross-City,U,Werribee,Flinders Street,Spotswood,-37.83063888,144.8859335,9220,10,20:33:40,20:34:00,0,0,30,30
2023-07-10,Monday,Normal Weekday,Metro,6536,Werribee,Northern & Cross-City,U,Werribee,Flinders Street,Yarraville,-37.81585044,144.8899337,7542,11,20:35:40,20:36:00,0,0,30,30
2023-07-10,Monday,Normal Weekday,Metro,6536,Werribee,Northern & Cross-City,U,Werribee,Flinders Street,Seddon,-37.80900514,144.8956716,6618,12,20:37:40,20:38:00,0,0,30,30
2023-07-10,Monday,Normal Weekday,Metro,6536,Werribee,Northern & Cross-City,U,Werribee,Flinders Street,Footscray,-37.80108298,144.9031992,5623,13,20:39:40,20:40:00,10,10,30,40
2023-07-10,Monday,Normal Weekday,Metro,6536,Werribee,Northern & Cross-City,U,Werribee,Flinders Street,South Kensington,-37.79953087,144.925469,3492,14,20:42:40,20:43:00,0,0,40,40
2023-07-10,Monday,Normal Weekday,Metro,6536,Werribee,Northern & Cross-City,U,Werribee,Flinders Street,North Melbourne,-37.80630984,144.9415102,1680,15,20:45:40,20:46:00,0,0,40,40
2023-07-10,Monday,Normal Weekday,Metro,6536,Werribee,Northern & Cross-City,U,Werribee,Flinders Street,Southern Cross,-37.81793643,144.9514112,0,16,20:48:40,20:49:00,40,20,40,50
2023-07-10,Monday,Normal Weekday,Metro,6536,Werribee,Northern & Cross-City,U,Werribee,Flinders Street,Flinders Street,-37.81830513,144.9669643,1232,17,20:53:00,20:53:00,0,50,50,0
2023-07-10,Monday,Normal Weekday,Metro,6537,Werribee,Northern & Cross-City,D,Flinders Street,Werribee,Flinders Street,-37.81830513,144.9669643,1232,1,20:08:00,20:08:00,70,0,0,70
2023-07-10,Monday,Normal Weekday,Metro,6537,Werribee,Northern & Cross-City,D,Flinders Street,Werribee,Southern Cross,-37.81793643,144.9514112,0,2,20:10:40,20:11:00,40,0,70,100
2023-07-10,Monday,Normal Weekday,Metro,6537,Werribee,Northern & Cross-City,D,Flinders Street,Werribee,North Melbourne,-37.80630984,144.9415102,1680,3,20:13:40,20:14:00,10,10,100,110
2023-07-10,Monday,Normal Weekday,Metro,6537,Werribee,Northern & Cross-City,D,Flinders Street,Werribee,South Kensington,-37.79953087,144.925469,3492,4,20:16:40,20:17:00,0,0,110,100
2023-07-10,Monday,Normal Weekday,Metro,6537,Werribee,Northern & Cross-City,D,Flinders Street,Werribee,Footscray,-37.80108298,144.9031992,5623,5,20:19:40,20:20:00,10,10,100,100
2023-07-10,Monday,Normal Weekday,Metro,6537,Werribee,Northern & Cross-City,D,Flinders Street,Werribee,Seddon,-37.80900514,144.8956716,6618,6,20:20:40,20:21:00,0,0,100,100
2023-07-10,Monday,Normal Weekday,Metro,6537,Werribee,Northern & Cross-City,D,Flinders Street,Werribee,Yarraville,-37.81585044,144.8899337,7542,7,20:22:40,20:23:00,0,0,100,100
2023-07-10,Monday,Normal Weekday,Metro,6537,Werribee,Northern & Cross-City,D,Flinders Street,Werribee,Spotswood,-37.83063888,144.8859335,9220,8,20:24:40,20:25:00,0,0,100,90
2023-07-10,Monday,Normal Weekday,Metro,6537,Werribee,Northern & Cross-City,D,Flinders Street,Werribee,Newport,-37.84271757,144.8835999,10555,9,20:27:40,20:28:00,0,10,90,80
2023-07-10,Monday,Normal Weekday,Metro,6537,Werribee,Northern & Cross-City,D,Flinders Street,Werribee,Seaholme,-37.86784231,144.8409577,16127,10,20:34:40,20:35:00,0,0,80,80
2023-07-10,Monday,Normal Weekday,Metro,6537,Werribee,Northern & Cross-City,D,Flinders Street,Werribee,Altona,-37.8671476,144.8296447,17148,11,20:36:40,20:37:00,10,0,80,90
2023-07-10,Monday,Normal Weekday,Metro,6537,Werribee,Northern & Cross-City,D,Flinders Street,Werribee,Westona,-37.86516348,144.8134936,18533,12,20:39:40,20:40:00,0,10,90,80
2023-07-10,Monday,Normal Weekday,Metro,6537,Werribee,Northern & Cross-City,D,Flinders Street,Werribee,Laverton,-37.86369404,144.7726167,21005,13,20:43:40,20:44:00,0,20,80,70
2023-07-10,Monday,Normal Weekday,Metro,6537,Werribee,Northern & Cross-City,D,Flinders Street,Werribee,Aircraft,-37.86660595,144.7608094,22226,14,20:44:40,20:45:00,0,10,70,60
2023-07-10,Monday,Normal Weekday,Metro,6537,Werribee,Northern & Cross-City,D,Flinders Street,Werribee,Williams Landing,-37.86986533,144.7474447,23200,15,20:46:40,20:47:00,0,30,60,30
2023-07-10,Monday,Normal Weekday,Metro,6537,Werribee,Northern & Cross-City,D,Flinders Street,Werribee,Hoppers Crossing,-37.88327618,144.7009549,27665,16,20:50:40,20:51:00,0,20,30,20
2023-07-10,Monday,Normal Weekday,Metro,6537,Werribee,Northern & Cross-City,D,Flinders Street,Werribee,Werribee,-37.89937805,144.661118,31697,17,20:56:00,20:56:00,0,20,20,0
2023-07-10,Monday,Normal Weekday,Metro,6538,Werribee,Northern & Cross-City,U,Werribee,Flinders Street,Werribee,-37.89937805,144.661118,31697,1,20:25:00,20:25:00,10,0,0,10
2023-07-10,Monday,Normal Weekday,Metro,6538,Werribee,Northern & Cross-City,U,Werribee,Flinders Street,Hoppers Crossing,-37.88327618,144.7009549,27665,2,20:27:40,20:28:00,0,0,10,10
2023-07-10,Monday,Normal Weekday,Metro,6538,Werribee,Northern & Cross-City,U,Werribee,Flinders Street,Williams Landing,-37.86986533,144.7474447,23200,3,20:30:40,20:31:00,10,0,10,20
2023-07-10,Monday,Normal Weekday,Metro,6538,Werribee,Northern & Cross-City,U,Werribee,Flinders Street,Aircraft,-37.86660595,144.7608094,22226,4,20:33:40,20:34:00,0,0,20,20
2023-07-10,Monday,Normal Weekday,Metro,6538,Werribee,Northern & Cross-City,U,Werribee,Flinders Street,Laverton,-37.86369404,144.7726167,21005,5,20:35:40,20:36:00,10,0,20,20
2023-07-10,Monday,Normal Weekday,Metro,6538,Werribee,Northern & Cross-City,U,Werribee,Flinders Street,Westona,-37.86516348,144.8134936,18533,6,20:39:40,20:40:00,0,0,20,20
2023-07-10,Monday,Normal Weekday,Metro,6538,Werribee,Northern & Cross-City,U,Werribee,Flinders Street,Altona,-37.8671476,144.8296447,17148,7,20:41:40,20:42:00,0,0,30,30
2023-07-10,Monday,Normal Weekday,Metro,6538,Werribee,Northern & Cross-City,U,Werribee,Flinders Street,Seaholme,-37.86784231,144.8409577,16127,8,20:43:40,20:44:00,0,0,30,30
2023-07-10,Monday,Normal Weekday,Metro,6538,Werribee,Northern & Cross-City,U,Werribee,Flinders Street,Newport,-37.84271757,144.8835999,10555,9,20:51:40,20:52:00,10,0,30,30
2023-07-10,Monday,Normal Weekday,Metro,6538,Werribee,Northern & Cross-City,U,Werribee,Flinders Street,Spotswood,-37.83063888,144.8859335,9220,10,20:53:40,20:54:00,0,0,30,40
2023-07-10,Monday,Normal Weekday,Metro,6538,Werribee,Northern & Cross-City,U,Werribee,Flinders Street,Yarraville,-37.81585044,144.8899337,7542,11,20:55:40,20:56:00,0,0,40,40
2023-07-10,Monday,Normal Weekday,Metro,6538,Werribee,Northern & Cross-City,U,Werribee,Flinders Street,Seddon,-37.80900514,144.8956716,6618,12,20:57:40,20:58:00,0,0,40,40
2023-07-10,Monday,Normal Weekday,Metro,6538,Werribee,Northern & Cross-City,U,Werribee,Flinders Street,Footscray,-37.80108298,144.9031992,5623,13,20:59:40,21:00:00,10,0,40,50
2023-07-10,Monday,Normal Weekday,Metro,6538,Werribee,Northern & Cross-City,U,Werribee,Flinders Street,South Kensington,-37.79953087,144.925469,3492,14,21:02:40,21:03:00,0,0,50,40
2023-07-10,Monday,Normal Weekday,Metro,6538,Werribee,Northern & Cross-City,U,Werribee,Flinders Street,North Melbourne,-37.80630984,144.9415102,1680,15,21:05:40,21:06:00,0,10,40,40
2023-07-10,Monday,Normal Weekday,Metro,6538,Werribee,Northern & Cross-City,U,Werribee,Flinders Street,Southern Cross,-37.81793643,144.9514112,0,16,21:08:40,21:09:00,10,20,40,30
2023-07-10,Monday,Normal Weekday,Metro,6538,Werribee,Northern & Cross-City,U,Werribee,Flinders Street,Flinders Street,-37.81830513,144.9669643,1232,17,21:13:00,21:13:00,0,30,30,0
2023-07-10,Monday,Normal Weekday,Metro,6539,Werribee,Northern & Cross-City,D,Flinders Street,Werribee,Flinders Street,-37.81830513,144.9669643,1232,1,20:28:00,20:28:00,70,0,0,70
2023-07-10,Monday,Normal Weekday,Metro,6539,Werribee,Northern & Cross-City,D,Flinders Street,Werribee,Southern Cross,-37.81793643,144.9514112,0,2,20:30:40,20:31:00,70,0,70,140
2023-07-10,Monday,Normal Weekday,Metro,6539,Werribee,Northern & Cross-City,D,Flinders Street,Werribee,North Melbourne,-37.80630984,144.9415102,1680,3,20:33:40,20:34:00,10,10,140,140
2023-07-10,Monday,Normal Weekday,Metro,6539,Werribee,Northern & Cross-City,D,Flinders Street,Werribee,South Kensington,-37.79953087,144.925469,3492,4,20:36:40,20:37:00,0,0,140,140
2023-07-10,Monday,Normal Weekday,Metro,6539,Werribee,Northern & Cross-City,D,Flinders Street,Werribee,Footscray,-37.80108298,144.9031992,5623,5,20:39:40,20:40:00,10,20,140,130
2023-07-10,Monday,Normal Weekday,Metro,6539,Werribee,Northern & Cross-City,D,Flinders Street,Werribee,Seddon,-37.80900514,144.8956716,6618,6,20:40:40,20:41:00,0,10,130,120
2023-07-10,Monday,Normal Weekday,Metro,6539,Werribee,Northern & Cross-City,D,Flinders Street,Werribee,Yarraville,-37.81585044,144.8899337,7542,7,20:42:40,20:43:00,0,10,120,120
2023-07-10,Monday,Normal Weekday,Metro,6539,Werribee,Northern & Cross-City,D,Flinders Street,Werribee,Spotswood,-37.83063888,144.8859335,9220,8,20:44:40,20:45:00,0,0,120,120
2023-07-10,Monday,Normal Weekday,Metro,6539,Werribee,Northern & Cross-City,D,Flinders Street,Werribee,Newport,-37.84271757,144.8835999,10555,9,20:47:40,20:48:00,0,10,120,110
2023-07-10,Monday,Normal Weekday,Metro,6539,Werribee,Northern & Cross-City,D,Flinders Street,Werribee,Seaholme,-37.86784231,144.8409577,16127,10,20:54:40,20:55:00,0,0,110,110
2023-07-10,Monday,Normal Weekday,Metro,6539,Werribee,Northern & Cross-City,D,Flinders Street,Werribee,Altona,-37.8671476,144.8296447,17148,11,20:56:40,20:57:00,0,0,110,100
2023-07-10,Monday,Normal Weekday,Metro,6539,Werribee,Northern & Cross-City,D,Flinders Street,Werribee,Westona,-37.86516348,144.8134936,18533,12,20:59:40,21:00:00,0,0,100,100
2023-07-10,Monday,Normal Weekday,Metro,6539,Werribee,Northern & Cross-City,D,Flinders Street,Werribee,Laverton,-37.86369404,144.7726167,21005,13,21:03:40,21:04:00,0,10,100,90
2023-07-10,Monday,Normal Weekday,Metro,6539,Werribee,Northern & Cross-City,D,Flinders Street,Werribee,Aircraft,-37.86660595,144.7608094,22226,14,21:04:40,21:05:00,0,10,90,80
2023-07-10,Monday,Normal Weekday,Metro,6539,Werribee,Northern & Cross-City,D,Flinders Street,Werribee,Williams Landing,-37.86986533,144.7474447,23200,15,21:06:40,21:07:00,0,40,80,40
2023-07-10,Monday,Normal Weekday,Metro,6539,Werribee,Northern & Cross-City,D,Flinders Street,Werribee,Hoppers Crossing,-37.88327618,144.7009549,27665,16,21:10:40,21:11:00,0,30,40,20
2023-07-10,Monday,Normal Weekday,Metro,6539,Werribee,Northern & Cross-City,D,Flinders Street,Werribee,Werribee,-37.89937805,144.661118,31697,17,21:16:00,21:16:00,0,20,20,0
2023-07-10,Monday,Normal Weekday,Metro,6540,Werribee,Northern & Cross-City,U,Werribee,Flinders Street,Werribee,-37.89937805,144.661118,31697,1,20:45:00,20:45:00,0,0,0,0
2023-07-10,Monday,Normal Weekday,Metro,6540,Werribee,Northern & Cross-City,U,Werribee,Flinders Street,Hoppers Crossing,-37.88327618,144.7009549,27665,2,20:47:40,20:48:00,0,0,0,0
2023-07-10,Monday,Normal Weekday,Metro,6540,Werribee,Northern & Cross-City,U,Werribee,Flinders Street,Williams Landing,-37.86986533,144.7474447,23200,3,20:50:40,20:51:00,0,0,0,10
2023-07-10,Monday,Normal Weekday,Metro,6540,Werribee,Northern & Cross-City,U,Werribee,Flinders Street,Aircraft,-37.86660595,144.7608094,22226,4,20:53:40,20:54:00,0,0,10,10
2023-07-10,Monday,Normal Weekday,Metro,6540,Werribee,Northern & Cross-City,U,Werribee,Flinders Street,Laverton,-37.86369404,144.7726167,21005,5,20:55:40,20:56:00,0,0,10,10
2023-07-10,Monday,Normal Weekday,Metro,6540,Werribee,Northern & Cross-City,U,Werribee,Flinders Street,Westona,-37.86516348,144.8134936,18533,6,20:59:40,21:00:00,0,0,10,10
2023-07-10,Monday,Normal Weekday,Metro,6540,Werribee,Northern & Cross-City,U,Werribee,Flinders Street,Altona,-37.8671476,144.8296447,17148,7,21:01:40,21:02:00,0,0,10,10
2023-07-10,Monday,Normal Weekday,Metro,6540,Werribee,Northern & Cross-City,U,Werribee,Flinders Street,Seaholme,-37.86784231,144.8409577,16127,8,21:03:40,21:04:00,0,0,10,10
2023-07-10,Monday,Normal Weekday,Metro,6540,Werribee,Northern & Cross-City,U,Werribee,Flinders Street,Newport,-37.84271757,144.8835999,10555,9,21:11:40,21:12:00,10,0,10,20
2023-07-10,Monday,Normal Weekday,Metro,6540,Werribee,Northern & Cross-City,U,Werribee,Flinders Street,Spotswood,-37.83063888,144.8859335,9220,10,21:13:40,21:14:00,0,0,20,20
2023-07-10,Monday,Normal Weekday,Metro,6540,Werribee,Northern & Cross-City,U,Werribee,Flinders Street,Yarraville,-37.81585044,144.8899337,7542,11,21:15:40,21:16:00,0,0,20,20
2023-07-10,Monday,Normal Weekday,Metro,6540,Werribee,Northern & Cross-City,U,Werribee,Flinders Street,Seddon,-37.80900514,144.8956716,6618,12,21:17:40,21:18:00,0,0,20,20
2023-07-10,Monday,Normal Weekday,Metro,6540,Werribee,Northern & Cross-City,U,Werribee,Flinders Street,Footscray,-37.80108298,144.9031992,5623,13,21:19:40,21:20:00,10,0,20,30
2023-07-10,Monday,Normal Weekday,Metro,6540,Werribee,Northern & Cross-City,U,Werribee,Flinders Street,South Kensington,-37.79953087,144.925469,3492,14,21:22:40,21:23:00,0,0,30,30
2023-07-10,Monday,Normal Weekday,Metro,6540,Werribee,Northern & Cross-City,U,Werribee,Flinders Street,North Melbourne,-37.80630984,144.9415102,1680,15,21:25:40,21:26:00,10,0,30,30
2023-07-10,Monday,Normal Weekday,Metro,6540,Werribee,Northern & Cross-City,U,Werribee,Flinders Street,Southern Cross,-37.81793643,144.9514112,0,16,21:28:40,21:29:00,20,20,30,20
2023-07-10,Monday,Normal Weekday,Metro,6540,Werribee,Northern & Cross-City,U,Werribee,Flinders Street,Flinders Street,-37.81830513,144.9669643,1232,17,21:33:00,21:33:00,0,20,20,0
2023-07-10,Monday,Normal Weekday,Metro,6541,Werribee,Northern & Cross-City,D,Flinders Street,Werribee,Flinders Street,-37.81830513,144.9669643,1232,1,20:48:00,20:48:00,80,0,0,80
2023-07-10,Monday,Normal Weekday,Metro,6541,Werribee,Northern & Cross-City,D,Flinders Street,Werribee,Southern Cross,-37.81793643,144.9514112,0,2,20:50:40,20:51:00,60,0,80,130
2023-07-10,Monday,Normal Weekday,Metro,6541,Werribee,Northern & Cross-City,D,Flinders Street,Werribee,North Melbourne,-37.80630984,144.9415102,1680,3,20:53:40,20:54:00,20,10,130,140
2023-07-10,Monday,Normal Weekday,Metro,6541,Werribee,Northern & Cross-City,D,Flinders Street,Werribee,South Kensington,-37.79953087,144.925469,3492,4,20:56:40,20:57:00,0,10,140,130
2023-07-10,Monday,Normal Weekday,Metro,6541,Werribee,Northern & Cross-City,D,Flinders Street,Werribee,Footscray,-37.80108298,144.9031992,5623,5,20:59:40,21:00:00,10,40,130,100
2023-07-10,Monday,Normal Weekday,Metro,6541,Werribee,Northern & Cross-City,D,Flinders Street,Werribee,Seddon,-37.80900514,144.8956716,6618,6,21:00:40,21:01:00,0,0,100,100
2023-07-10,Monday,Normal Weekday,Metro,6541,Werribee,Northern & Cross-City,D,Flinders Street,Werribee,Yarraville,-37.81585044,144.8899337,7542,7,21:02:40,21:03:00,0,10,100,90
2023-07-10,Monday,Normal Weekday,Metro,6541,Werribee,Northern & Cross-City,D,Flinders Street,Werribee,Spotswood,-37.83063888,144.8859335,9220,8,21:04:40,21:05:00,0,0,90,90
2023-07-10,Monday,Normal Weekday,Metro,6541,Werribee,Northern & Cross-City,D,Flinders Street,Werribee,Newport,-37.84271757,144.8835999,10555,9,21:07:40,21:08:00,0,10,90,80
2023-07-10,Monday,Normal Weekday,Metro,6541,Werribee,Northern & Cross-City,D,Flinders Street,Werribee,Seaholme,-37.86784231,144.8409577,16127,10,21:14:40,21:15:00,0,0,80,80
2023-07-10,Monday,Normal Weekday,Metro,6541,Werribee,Northern & Cross-City,D,Flinders Street,Werribee,Altona,-37.8671476,144.8296447,17148,11,21:16:40,21:17:00,0,0,80,80
2023-07-10,Monday,Normal Weekday,Metro,6541,Werribee,Northern & Cross-City,D,Flinders Street,Werribee,Westona,-37.86516348,144.8134936,18533,12,21:19:40,21:20:00,0,0,80,80
2023-07-10,Monday,Normal Weekday,Metro,6541,Werribee,Northern & Cross-City,D,Flinders Street,Werribee,Laverton,-37.86369404,144.7726167,21005,13,21:23:40,21:24:00,0,20,80,60
2023-07-10,Monday,Normal Weekday,Metro,6541,Werribee,Northern & Cross-City,D,Flinders Street,Werribee,Aircraft,-37.86660595,144.7608094,22226,14,21:24:40,21:25:00,0,0,60,60
2023-07-10,Monday,Normal Weekday,Metro,6541,Werribee,Northern & Cross-City,D,Flinders Street,Werribee,Williams Landing,-37.86986533,144.7474447,23200,15,21:26:40,21:27:00,0,20,60,40
2023-07-10,Monday,Normal Weekday,Metro,6541,Werribee,Northern & Cross-City,D,Flinders Street,Werribee,Hoppers Crossing,-37.88327618,144.7009549,27665,16,21:30:40,21:31:00,0,20,40,20
2023-07-10,Monday,Normal Weekday,Metro,6541,Werribee,Northern & Cross-City,D,Flinders Street,Werribee,Werribee,-37.89937805,144.661118,31697,17,21:36:00,21:36:00,0,20,20,0
2023-07-10,Monday,Normal Weekday,Metro,6542,Werribee,Northern & Cross-City,U,Werribee,Flinders Street,Werribee,-37.89937805,144.661118,31697,1,21:05:00,21:05:00,10,0,0,10
2023-07-10,Monday,Normal Weekday,Metro,6542,Werribee,Northern & Cross-City,U,Werribee,Flinders Street,Hoppers Crossing,-37.88327618,144.7009549,27665,2,21:07:40,21:08:00,0,0,10,10
2023-07-10,Monday,Normal Weekday,Metro,6542,Werribee,Northern & Cross-City,U,Werribee,Flinders Street,Williams Landing,-37.86986533,144.7474447,23200,3,21:10:40,21:11:00,0,0,10,10
2023-07-10,Monday,Normal Weekday,Metro,6542,Werribee,Northern & Cross-City,U,Werribee,Flinders Street,Aircraft,-37.86660595,144.7608094,22226,4,21:13:40,21:14:00,0,0,10,10
2023-07-10,Monday,Normal Weekday,Metro,6542,Werribee,Northern & Cross-City,U,Werribee,Flinders Street,Laverton,-37.86369404,144.7726167,21005,5,21:15:40,21:16:00,0,0,10,10
2023-07-10,Monday,Normal Weekday,Metro,6542,Werribee,Northern & Cross-City,U,Werribee,Flinders Street,Westona,-37.86516348,144.8134936,18533,6,21:19:40,21:20:00,0,0,10,10
2023-07-10,Monday,Normal Weekday,Metro,6542,Werribee,Northern & Cross-City,U,Werribee,Flinders Street,Altona,-37.8671476,144.8296447,17148,7,21:21:40,21:22:00,0,0,10,10
2023-07-10,Monday,Normal Weekday,Metro,6542,Werribee,Northern & Cross-City,U,Werribee,Flinders Street,Seaholme,-37.86784231,144.8409577,16127,8,21:23:40,21:24:00,0,0,10,20
2023-07-10,Monday,Normal Weekday,Metro,6542,Werribee,Northern & Cross-City,U,Werribee,Flinders Street,Newport,-37.84271757,144.8835999,10555,9,21:31:40,21:32:00,0,0,20,20
2023-07-10,Monday,Normal Weekday,Metro,6542,Werribee,Northern & Cross-City,U,Werribee,Flinders Street,Spotswood,-37.83063888,144.8859335,9220,10,21:33:40,21:34:00,0,0,20,20
2023-07-10,Monday,Normal Weekday,Metro,6542,Werribee,Northern & Cross-City,U,Werribee,Flinders Street,Yarraville,-37.81585044,144.8899337,7542,11,21:35:40,21:36:00,0,0,20,20
2023-07-10,Monday,Normal Weekday,Metro,6542,Werribee,Northern & Cross-City,U,Werribee,Flinders Street,Seddon,-37.80900514,144.8956716,6618,12,21:37:40,21:38:00,0,0,20,20
2023-07-10,Monday,Normal Weekday,Metro,6542,Werribee,Northern & Cross-City,U,Werribee,Flinders Street,Footscray,-37.80108298,144.9031992,5623,13,21:39:40,21:40:00,10,0,20,20
2023-07-10,Monday,Normal Weekday,Metro,6542,Werribee,Northern & Cross-City,U,Werribee,Flinders Street,South Kensington,-37.79953087,144.925469,3492,14,21:42:40,21:43:00,0,0,20,30
2023-07-10,Monday,Normal Weekday,Metro,6542,Werribee,Northern & Cross-City,U,Werribee,Flinders Street,North Melbourne,-37.80630984,144.9415102,1680,15,21:45:40,21:46:00,0,10,30,20
2023-07-10,Monday,Normal Weekday,Metro,6542,Werribee,Northern & Cross-City,U,Werribee,Flinders Street,Southern Cross,-37.81793643,144.9514112,0,16,21:48:40,21:49:00,10,10,20,20
2023-07-10,Monday,Normal Weekday,Metro,6542,Werribee,Northern & Cross-City,U,Werribee,Flinders Street,Flinders Street,-37.81830513,144.9669643,1232,17,21:53:00,21:53:00,0,20,20,0
2023-07-10,Monday,Normal Weekday,Metro,6543,Werribee,Northern & Cross-City,D,Flinders Street,Werribee,Flinders Street,-37.81830513,144.9669643,1232,1,21:08:00,21:08:00,110,0,0,110
2023-07-10,Monday,Normal Weekday,Metro,6543,Werribee,Northern & Cross-City,D,Flinders Street,Werribee,Southern Cross,-37.81793643,144.9514112,0,2,21:10:40,21:11:00,140,10,110,250
2023-07-10,Monday,Normal Weekday,Metro,6543,Werribee,Northern & Cross-City,D,Flinders Street,Werribee,North Melbourne,-37.80630984,144.9415102,1680,3,21:13:40,21:14:00,10,40,250,220
2023-07-10,Monday,Normal Weekday,Metro,6543,Werribee,Northern & Cross-City,D,Flinders Street,Werribee,South Kensington,-37.79953087,144.925469,3492,4,21:16:40,21:17:00,0,10,220,210
2023-07-10,Monday,Normal Weekday,Metro,6543,Werribee,Northern & Cross-City,D,Flinders Street,Werribee,Footscray,-37.80108298,144.9031992,5623,5,21:19:40,21:20:00,0,80,210,130
2023-07-10,Monday,Normal Weekday,Metro,6543,Werribee,Northern & Cross-City,D,Flinders Street,Werribee,Seddon,-37.80900514,144.8956716,6618,6,21:20:40,21:21:00,0,10,130,120
2023-07-10,Monday,Normal Weekday,Metro,6543,Werribee,Northern & Cross-City,D,Flinders Street,Werribee,Yarraville,-37.81585044,144.8899337,7542,7,21:22:40,21:23:00,0,10,120,110
2023-07-10,Monday,Normal Weekday,Metro,6543,Werribee,Northern & Cross-City,D,Flinders Street,Werribee,Spotswood,-37.83063888,144.8859335,9220,8,21:24:40,21:25:00,0,0,110,110
2023-07-10,Monday,Normal Weekday,Metro,6543,Werribee,Northern & Cross-City,D,Flinders Street,Werribee,Newport,-37.84271757,144.8835999,10555,9,21:27:40,21:28:00,0,20,110,90
2023-07-10,Monday,Normal Weekday,Metro,6543,Werribee,Northern & Cross-City,D,Flinders Street,Werribee,Seaholme,-37.86784231,144.8409577,16127,10,21:34:40,21:35:00,0,0,90,90
2023-07-10,Monday,Normal Weekday,Metro,6543,Werribee,Northern & Cross-City,D,Flinders Street,Werribee,Altona,-37.8671476,144.8296447,17148,11,21:36:40,21:37:00,0,10,90,80
2023-07-10,Monday,Normal Weekday,Metro,6543,Werribee,Northern & Cross-City,D,Flinders Street,Werribee,Westona,-37.86516348,144.8134936,18533,12,21:39:40,21:40:00,0,0,80,80
2023-07-10,Monday,Normal Weekday,Metro,6543,Werribee,Northern & Cross-City,D,Flinders Street,Werribee,Laverton,-37.86369404,144.7726167,21005,13,21:43:40,21:44:00,0,20,80,60
2023-07-10,Monday,Normal Weekday,Metro,6543,Werribee,Northern & Cross-City,D,Flinders Street,Werribee,Aircraft,-37.86660595,144.7608094,22226,14,21:44:40,21:45:00,0,0,60,60
2023-07-10,Monday,Normal Weekday,Metro,6543,Werribee,Northern & Cross-City,D,Flinders Street,Werribee,Williams Landing,-37.86986533,144.7474447,23200,15,21:46:40,21:47:00,0,30,60,30
2023-07-10,Monday,Normal Weekday,Metro,6543,Werribee,Northern & Cross-City,D,Flinders Street,Werribee,Hoppers Crossing,-37.88327618,144.7009549,27665,16,21:50:40,21:51:00,0,20,30,20
2023-07-10,Monday,Normal Weekday,Metro,6543,Werribee,Northern & Cross-City,D,Flinders Street,Werribee,Werribee,-37.89937805,144.661118,31697,17,21:56:00,21:56:00,0,20,20,0
2023-07-10,Monday,Normal Weekday,Metro,6544,Werribee,Northern & Cross-City,U,Werribee,Flinders Street,Werribee,-37.89937805,144.661118,31697,1,21:25:00,21:25:00,10,0,0,10
2023-07-10,Monday,Normal Weekday,Metro,6544,Werribee,Northern & Cross-City,U,Werribee,Flinders Street,Hoppers Crossing,-37.88327618,144.7009549,27665,2,21:27:40,21:28:00,10,0,10,10
2023-07-10,Monday,Normal Weekday,Metro,6544,Werribee,Northern & Cross-City,U,Werribee,Flinders Street,Williams Landing,-37.86986533,144.7474447,23200,3,21:30:40,21:31:00,0,0,10,10
2023-07-10,Monday,Normal Weekday,Metro,6544,Werribee,Northern & Cross-City,U,Werribee,Flinders Street,Aircraft,-37.86660595,144.7608094,22226,4,21:33:40,21:34:00,0,0,10,10
2023-07-10,Monday,Normal Weekday,Metro,6544,Werribee,Northern & Cross-City,U,Werribee,Flinders Street,Laverton,-37.86369404,144.7726167,21005,5,21:35:40,21:36:00,0,0,10,10
2023-07-10,Monday,Normal Weekday,Metro,6544,Werribee,Northern & Cross-City,U,Werribee,Flinders Street,Westona,-37.86516348,144.8134936,18533,6,21:39:40,21:40:00,0,0,10,10
2023-07-10,Monday,Normal Weekday,Metro,6544,Werribee,Northern & Cross-City,U,Werribee,Flinders Street,Altona,-37.8671476,144.8296447,17148,7,21:41:40,21:42:00,0,0,10,10
2023-07-10,Monday,Normal Weekday,Metro,6544,Werribee,Northern & Cross-City,U,Werribee,Flinders Street,Seaholme,-37.86784231,144.8409577,16127,8,21:43:40,21:44:00,0,0,10,10
2023-07-10,Monday,Normal Weekday,Metro,6544,Werribee,Northern & Cross-City,U,Werribee,Flinders Street,Newport,-37.84271757,144.8835999,10555,9,21:51:40,21:52:00,0,0,10,10
2023-07-10,Monday,Normal Weekday,Metro,6544,Werribee,Northern & Cross-City,U,Werribee,Flinders Street,Spotswood,-37.83063888,144.8859335,9220,10,21:53:40,21:54:00,0,0,10,10
2023-07-10,Monday,Normal Weekday,Metro,6544,Werribee,Northern & Cross-City,U,Werribee,Flinders Street,Yarraville,-37.81585044,144.8899337,7542,11,21:55:40,21:56:00,10,0,10,20
2023-07-10,Monday,Normal Weekday,Metro,6544,Werribee,Northern & Cross-City,U,Werribee,Flinders Street,Seddon,-37.80900514,144.8956716,6618,12,21:57:40,21:58:00,0,0,20,20
2023-07-10,Monday,Normal Weekday,Metro,6544,Werribee,Northern & Cross-City,U,Werribee,Flinders Street,Footscray,-37.80108298,144.9031992,5623,13,21:59:40,22:00:00,10,0,20,30
2023-07-10,Monday,Normal Weekday,Metro,6544,Werribee,Northern & Cross-City,U,Werribee,Flinders Street,South Kensington,-37.79953087,144.925469,3492,14,22:02:40,22:03:00,0,0,30,30
2023-07-10,Monday,Normal Weekday,Metro,6544,Werribee,Northern & Cross-City,U,Werribee,Flinders Street,North Melbourne,-37.80630984,144.9415102,1680,15,22:05:40,22:06:00,0,0,30,30
2023-07-10,Monday,Normal Weekday,Metro,6544,Werribee,Northern & Cross-City,U,Werribee,Flinders Street,Southern Cross,-37.81793643,144.9514112,0,16,22:08:40,22:09:00,10,20,30,20
2023-07-10,Monday,Normal Weekday,Metro,6544,Werribee,Northern & Cross-City,U,Werribee,Flinders Street,Flinders Street,-37.81830513,144.9669643,1232,17,22:13:00,22:13:00,0,20,20,0
2023-07-10,Monday,Normal Weekday,Metro,6545,Werribee,Northern & Cross-City,D,Flinders Street,Werribee,Flinders Street,-37.81830513,144.9669643,1232,1,21:28:00,21:28:00,130,0,0,130
2023-07-10,Monday,Normal Weekday,Metro,6545,Werribee,Northern & Cross-City,D,Flinders Street,Werribee,Southern Cross,-37.81793643,144.9514112,0,2,21:30:40,21:31:00,60,0,130,180
2023-07-10,Monday,Normal Weekday,Metro,6545,Werribee,Northern & Cross-City,D,Flinders Street,Werribee,North Melbourne,-37.80630984,144.9415102,1680,3,21:33:40,21:34:00,40,30,180,190
2023-07-10,Monday,Normal Weekday,Metro,6545,Werribee,Northern & Cross-City,D,Flinders Street,Werribee,South Kensington,-37.79953087,144.925469,3492,4,21:36:40,21:37:00,0,10,190,180
2023-07-10,Monday,Normal Weekday,Metro,6545,Werribee,Northern & Cross-City,D,Flinders Street,Werribee,Footscray,-37.80108298,144.9031992,5623,5,21:39:40,21:40:00,0,50,180,130
2023-07-10,Monday,Normal Weekday,Metro,6545,Werribee,Northern & Cross-City,D,Flinders Street,Werribee,Seddon,-37.80900514,144.8956716,6618,6,21:40:40,21:41:00,0,10,130,130
2023-07-10,Monday,Normal Weekday,Metro,6545,Werribee,Northern & Cross-City,D,Flinders Street,Werribee,Yarraville,-37.81585044,144.8899337,7542,7,21:42:40,21:43:00,0,20,130,110
2023-07-10,Monday,Normal Weekday,Metro,6545,Werribee,Northern & Cross-City,D,Flinders Street,Werribee,Spotswood,-37.83063888,144.8859335,9220,8,21:44:40,21:45:00,0,0,110,100
2023-07-10,Monday,Normal Weekday,Metro,6545,Werribee,Northern & Cross-City,D,Flinders Street,Werribee,Newport,-37.84271757,144.8835999,10555,9,21:47:40,21:48:00,0,20,100,90
2023-07-10,Monday,Normal Weekday,Metro,6545,Werribee,Northern & Cross-City,D,Flinders Street,Werribee,Seaholme,-37.86784231,144.8409577,16127,10,21:54:40,21:55:00,0,0,90,90
2023-07-10,Monday,Normal Weekday,Metro,6545,Werribee,Northern & Cross-City,D,Flinders Street,Werribee,Altona,-37.8671476,144.8296447,17148,11,21:56:40,21:57:00,0,0,90,90
2023-07-10,Monday,Normal Weekday,Metro,6545,Werribee,Northern & Cross-City,D,Flinders Street,Werribee,Westona,-37.86516348,144.8134936,18533,12,21:59:40,22:00:00,0,0,90,90
2023-07-10,Monday,Normal Weekday,Metro,6545,Werribee,Northern & Cross-City,D,Flinders Street,Werribee,Laverton,-37.86369404,144.7726167,21005,13,22:03:40,22:04:00,0,20,90,70
2023-07-10,Monday,Normal Weekday,Metro,6545,Werribee,Northern & Cross-City,D,Flinders Street,Werribee,Aircraft,-37.86660595,144.7608094,22226,14,22:04:40,22:05:00,0,10,70,60
2023-07-10,Monday,Normal Weekday,Metro,6545,Werribee,Northern & Cross-City,D,Flinders Street,Werribee,Williams Landing,-37.86986533,144.7474447,23200,15,22:06:40,22:07:00,0,30,60,40
2023-07-10,Monday,Normal Weekday,Metro,6545,Werribee,Northern & Cross-City,D,Flinders Street,Werribee,Hoppers Crossing,-37.88327618,144.7009549,27665,16,22:10:40,22:11:00,0,20,40,20
2023-07-10,Monday,Normal Weekday,Metro,6545,Werribee,Northern & Cross-City,D,Flinders Street,Werribee,Werribee,-37.89937805,144.661118,31697,17,22:16:00,22:16:00,0,20,20,0
2023-07-10,Monday,Normal Weekday,Metro,6546,Werribee,Northern & Cross-City,U,Werribee,Flinders Street,Werribee,-37.89937805,144.661118,31697,1,21:45:00,21:45:00,0,0,0,0
2023-07-10,Monday,Normal Weekday,Metro,6546,Werribee,Northern & Cross-City,U,Werribee,Flinders Street,Hoppers Crossing,-37.88327618,144.7009549,27665,2,21:47:40,21:48:00,0,0,0,10
2023-07-10,Monday,Normal Weekday,Metro,6546,Werribee,Northern & Cross-City,U,Werribee,Flinders Street,Williams Landing,-37.86986533,144.7474447,23200,3,21:50:40,21:51:00,0,0,10,10
2023-07-10,Monday,Normal Weekday,Metro,6546,Werribee,Northern & Cross-City,U,Werribee,Flinders Street,Aircraft,-37.86660595,144.7608094,22226,4,21:53:40,21:54:00,0,0,10,10
2023-07-10,Monday,Normal Weekday,Metro,6546,Werribee,Northern & Cross-City,U,Werribee,Flinders Street,Laverton,-37.86369404,144.7726167,21005,5,21:55:40,21:56:00,0,0,10,10
2023-07-10,Monday,Normal Weekday,Metro,6546,Werribee,Northern & Cross-City,U,Werribee,Flinders Street,Westona,-37.86516348,144.8134936,18533,6,21:59:40,22:00:00,0,0,10,10
2023-07-10,Monday,Normal Weekday,Metro,6546,Werribee,Northern & Cross-City,U,Werribee,Flinders Street,Altona,-37.8671476,144.8296447,17148,7,22:01:40,22:02:00,10,0,10,20
2023-07-10,Monday,Normal Weekday,Metro,6546,Werribee,Northern & Cross-City,U,Werribee,Flinders Street,Seaholme,-37.86784231,144.8409577,16127,8,22:03:40,22:04:00,0,0,20,20
2023-07-10,Monday,Normal Weekday,Metro,6546,Werribee,Northern & Cross-City,U,Werribee,Flinders Street,Newport,-37.84271757,144.8835999,10555,9,22:11:40,22:12:00,0,0,20,10
2023-07-10,Monday,Normal Weekday,Metro,6546,Werribee,Northern & Cross-City,U,Werribee,Flinders Street,Spotswood,-37.83063888,144.8859335,9220,10,22:13:40,22:14:00,0,0,10,10
2023-07-10,Monday,Normal Weekday,Metro,6546,Werribee,Northern & Cross-City,U,Werribee,Flinders Street,Yarraville,-37.81585044,144.8899337,7542,11,22:15:40,22:16:00,0,0,10,20
2023-07-10,Monday,Normal Weekday,Metro,6546,Werribee,Northern & Cross-City,U,Werribee,Flinders Street,Seddon,-37.80900514,144.8956716,6618,12,22:17:40,22:18:00,0,0,20,20
2023-07-10,Monday,Normal Weekday,Metro,6546,Werribee,Northern & Cross-City,U,Werribee,Flinders Street,Footscray,-37.80108298,144.9031992,5623,13,22:19:40,22:20:00,10,0,20,30
2023-07-10,Monday,Normal Weekday,Metro,6546,Werribee,Northern & Cross-City,U,Werribee,Flinders Street,South Kensington,-37.79953087,144.925469,3492,14,22:22:40,22:23:00,0,0,30,30
2023-07-10,Monday,Normal Weekday,Metro,6546,Werribee,Northern & Cross-City,U,Werribee,Flinders Street,North Melbourne,-37.80630984,144.9415102,1680,15,22:25:40,22:26:00,10,0,30,30
2023-07-10,Monday,Normal Weekday,Metro,6546,Werribee,Northern & Cross-City,U,Werribee,Flinders Street,Southern Cross,-37.81793643,144.9514112,0,16,22:28:40,22:29:00,10,20,30,20
2023-07-10,Monday,Normal Weekday,Metro,6546,Werribee,Northern & Cross-City,U,Werribee,Flinders Street,Flinders Street,-37.81830513,144.9669643,1232,17,22:33:00,22:33:00,0,20,20,0
2023-07-10,Monday,Normal Weekday,Metro,6547,Werribee,Northern & Cross-City,D,Flinders Street,Werribee,Flinders Street,-37.81830513,144.9669643,1232,1,21:48:00,21:48:00,120,0,0,120
2023-07-10,Monday,Normal Weekday,Metro,6547,Werribee,Northern & Cross-City,D,Flinders Street,Werribee,Southern Cross,-37.81793643,144.9514112,0,2,21:50:40,21:51:00,50,10,120,160
2023-07-10,Monday,Normal Weekday,Metro,6547,Werribee,Northern & Cross-City,D,Flinders Street,Werribee,North Melbourne,-37.80630984,144.9415102,1680,3,21:53:40,21:54:00,20,20,160,160
2023-07-10,Monday,Normal Weekday,Metro,6547,Werribee,Northern & Cross-City,D,Flinders Street,Werribee,South Kensington,-37.79953087,144.925469,3492,4,21:56:40,21:57:00,0,10,160,150
2023-07-10,Monday,Normal Weekday,Metro,6547,Werribee,Northern & Cross-City,D,Flinders Street,Werribee,Footscray,-37.80108298,144.9031992,5623,5,21:59:40,22:00:00,10,50,150,110
2023-07-10,Monday,Normal Weekday,Metro,6547,Werribee,Northern & Cross-City,D,Flinders Street,Werribee,Seddon,-37.80900514,144.8956716,6618,6,22:00:40,22:01:00,0,10,110,100
2023-07-10,Monday,Normal Weekday,Metro,6547,Werribee,Northern & Cross-City,D,Flinders Street,Werribee,Yarraville,-37.81585044,144.8899337,7542,7,22:02:40,22:03:00,0,20,100,90
2023-07-10,Monday,Normal Weekday,Metro,6547,Werribee,Northern & Cross-City,D,Flinders Street,Werribee,Spotswood,-37.83063888,144.8859335,9220,8,22:04:40,22:05:00,0,0,90,80
2023-07-10,Monday,Normal Weekday,Metro,6547,Werribee,Northern & Cross-City,D,Flinders Street,Werribee,Newport,-37.84271757,144.8835999,10555,9,22:07:40,22:08:00,0,10,80,80
2023-07-10,Monday,Normal Weekday,Metro,6547,Werribee,Northern & Cross-City,D,Flinders Street,Werribee,Seaholme,-37.86784231,144.8409577,16127,10,22:14:40,22:15:00,0,0,80,80
2023-07-10,Monday,Normal Weekday,Metro,6547,Werribee,Northern & Cross-City,D,Flinders Street,Werribee,Altona,-37.8671476,144.8296447,17148,11,22:16:40,22:17:00,0,0,80,80
2023-07-10,Monday,Normal Weekday,Metro,6547,Werribee,Northern & Cross-City,D,Flinders Street,Werribee,Westona,-37.86516348,144.8134936,18533,12,22:19:40,22:20:00,0,0,80,80
2023-07-10,Monday,Normal Weekday,Metro,6547,Werribee,Northern & Cross-City,D,Flinders Street,Werribee,Laverton,-37.86369404,144.7726167,21005,13,22:23:40,22:24:00,0,20,80,60
2023-07-10,Monday,Normal Weekday,Metro,6547,Werribee,Northern & Cross-City,D,Flinders Street,Werribee,Aircraft,-37.86660595,144.7608094,22226,14,22:24:40,22:25:00,0,10,60,50
2023-07-10,Monday,Normal Weekday,Metro,6547,Werribee,Northern & Cross-City,D,Flinders Street,Werribee,Williams Landing,-37.86986533,144.7474447,23200,15,22:26:40,22:27:00,0,20,50,40
2023-07-10,Monday,Normal Weekday,Metro,6547,Werribee,Northern & Cross-City,D,Flinders Street,Werribee,Hoppers Crossing,-37.88327618,144.7009549,27665,16,22:30:40,22:31:00,0,10,40,30
2023-07-10,Monday,Normal Weekday,Metro,6547,Werribee,Northern & Cross-City,D,Flinders Street,Werribee,Werribee,-37.89937805,144.661118,31697,17,22:36:00,22:36:00,0,30,30,0
2023-07-10,Monday,Normal Weekday,Metro,6548,Werribee,Northern & Cross-City,U,Werribee,Flinders Street,Werribee,-37.89937805,144.661118,31697,1,22:05:00,22:05:00,0,0,0,0
2023-07-10,Monday,Normal Weekday,Metro,6548,Werribee,Northern & Cross-City,U,Werribee,Flinders Street,Hoppers Crossing,-37.88327618,144.7009549,27665,2,22:07:40,22:08:00,10,0,0,10
2023-07-10,Monday,Normal Weekday,Metro,6548,Werribee,Northern & Cross-City,U,Werribee,Flinders Street,Williams Landing,-37.86986533,144.7474447,23200,3,22:10:40,22:11:00,0,0,10,10
2023-07-10,Monday,Normal Weekday,Metro,6548,Werribee,Northern & Cross-City,U,Werribee,Flinders Street,Aircraft,-37.86660595,144.7608094,22226,4,22:13:40,22:14:00,0,0,10,10
2023-07-10,Monday,Normal Weekday,Metro,6548,Werribee,Northern & Cross-City,U,Werribee,Flinders Street,Laverton,-37.86369404,144.7726167,21005,5,22:15:40,22:16:00,0,0,10,10
2023-07-10,Monday,Normal Weekday,Metro,6548,Werribee,Northern & Cross-City,U,Werribee,Flinders Street,Westona,-37.86516348,144.8134936,18533,6,22:19:40,22:20:00,0,0,10,10
2023-07-10,Monday,Normal Weekday,Metro,6548,Werribee,Northern & Cross-City,U,Werribee,Flinders Street,Altona,-37.8671476,144.8296447,17148,7,22:21:40,22:22:00,0,0,10,10
2023-07-10,Monday,Normal Weekday,Metro,6548,Werribee,Northern & Cross-City,U,Werribee,Flinders Street,Seaholme,-37.86784231,144.8409577,16127,8,22:23:40,22:24:00,0,0,10,10
2023-07-10,Monday,Normal Weekday,Metro,6548,Werribee,Northern & Cross-City,U,Werribee,Flinders Street,Newport,-37.84271757,144.8835999,10555,9,22:31:40,22:32:00,10,0,10,20
2023-07-10,Monday,Normal Weekday,Metro,6548,Werribee,Northern & Cross-City,U,Werribee,Flinders Street,Spotswood,-37.83063888,144.8859335,9220,10,22:33:40,22:34:00,0,0,20,20
2023-07-10,Monday,Normal Weekday,Metro,6548,Werribee,Northern & Cross-City,U,Werribee,Flinders Street,Yarraville,-37.81585044,144.8899337,7542,11,22:35:40,22:36:00,0,0,20,20
2023-07-10,Monday,Normal Weekday,Metro,6548,Werribee,Northern & Cross-City,U,Werribee,Flinders Street,Seddon,-37.80900514,144.8956716,6618,12,22:37:40,22:38:00,0,0,20,20
2023-07-10,Monday,Normal Weekday,Metro,6548,Werribee,Northern & Cross-City,U,Werribee,Flinders Street,Footscray,-37.80108298,144.9031992,5623,13,22:39:40,22:40:00,10,0,20,30
2023-07-10,Monday,Normal Weekday,Metro,6548,Werribee,Northern & Cross-City,U,Werribee,Flinders Street,South Kensington,-37.79953087,144.925469,3492,14,22:42:40,22:43:00,0,0,30,30
2023-07-10,Monday,Normal Weekday,Metro,6548,Werribee,Northern & Cross-City,U,Werribee,Flinders Street,North Melbourne,-37.80630984,144.9415102,1680,15,22:45:40,22:46:00,0,10,30,20
2023-07-10,Monday,Normal Weekday,Metro,6548,Werribee,Northern & Cross-City,U,Werribee,Flinders Street,Southern Cross,-37.81793643,144.9514112,0,16,22:48:40,22:49:00,0,10,20,10
2023-07-10,Monday,Normal Weekday,Metro,6548,Werribee,Northern & Cross-City,U,Werribee,Flinders Street,Flinders Street,-37.81830513,144.9669643,1232,17,22:53:00,22:53:00,0,10,10,0
2023-07-10,Monday,Normal Weekday,Metro,6549,Werribee,Northern & Cross-City,D,Flinders Street,Werribee,Flinders Street,-37.81830513,144.9669643,1232,1,22:08:00,22:08:00,100,0,0,100
2023-07-10,Monday,Normal Weekday,Metro,6549,Werribee,Northern & Cross-City,D,Flinders Street,Werribee,Southern Cross,-37.81793643,144.9514112,0,2,22:10:40,22:11:00,60,10,100,150
2023-07-10,Monday,Normal Weekday,Metro,6549,Werribee,Northern & Cross-City,D,Flinders Street,Werribee,North Melbourne,-37.80630984,144.9415102,1680,3,22:13:40,22:14:00,10,40,150,120
2023-07-10,Monday,Normal Weekday,Metro,6549,Werribee,Northern & Cross-City,D,Flinders Street,Werribee,South Kensington,-37.79953087,144.925469,3492,4,22:16:40,22:17:00,0,0,120,110
2023-07-10,Monday,Normal Weekday,Metro,6549,Werribee,Northern & Cross-City,D,Flinders Street,Werribee,Footscray,-37.80108298,144.9031992,5623,5,22:19:40,22:20:00,0,40,110,70
2023-07-10,Monday,Normal Weekday,Metro,6549,Werribee,Northern & Cross-City,D,Flinders Street,Werribee,Seddon,-37.80900514,144.8956716,6618,6,22:20:40,22:21:00,0,0,70,70
2023-07-10,Monday,Normal Weekday,Metro,6549,Werribee,Northern & Cross-City,D,Flinders Street,Werribee,Yarraville,-37.81585044,144.8899337,7542,7,22:22:40,22:23:00,0,10,70,70
2023-07-10,Monday,Normal Weekday,Metro,6549,Werribee,Northern & Cross-City,D,Flinders Street,Werribee,Spotswood,-37.83063888,144.8859335,9220,8,22:24:40,22:25:00,0,0,70,60
2023-07-10,Monday,Normal Weekday,Metro,6549,Werribee,Northern & Cross-City,D,Flinders Street,Werribee,Newport,-37.84271757,144.8835999,10555,9,22:27:40,22:28:00,0,10,60,50
2023-07-10,Monday,Normal Weekday,Metro,6549,Werribee,Northern & Cross-City,D,Flinders Street,Werribee,Seaholme,-37.86784231,144.8409577,16127,10,22:34:40,22:35:00,0,0,50,50
2023-07-10,Monday,Normal Weekday,Metro,6549,Werribee,Northern & Cross-City,D,Flinders Street,Werribee,Altona,-37.8671476,144.8296447,17148,11,22:36:40,22:37:00,0,0,50,50
2023-07-10,Monday,Normal Weekday,Metro,6549,Werribee,Northern & Cross-City,D,Flinders Street,Werribee,Westona,-37.86516348,144.8134936,18533,12,22:39:40,22:40:00,0,0,50,50
2023-07-10,Monday,Normal Weekday,Metro,6549,Werribee,Northern & Cross-City,D,Flinders Street,Werribee,Laverton,-37.86369404,144.7726167,21005,13,22:43:40,22:44:00,0,10,50,40
2023-07-10,Monday,Normal Weekday,Metro,6549,Werribee,Northern & Cross-City,D,Flinders Street,Werribee,Aircraft,-37.86660595,144.7608094,22226,14,22:44:40,22:45:00,0,0,40,30
2023-07-10,Monday,Normal Weekday,Metro,6549,Werribee,Northern & Cross-City,D,Flinders Street,Werribee,Williams Landing,-37.86986533,144.7474447,23200,15,22:46:40,22:47:00,0,10,30,30
2023-07-10,Monday,Normal Weekday,Metro,6549,Werribee,Northern & Cross-City,D,Flinders Street,Werribee,Hoppers Crossing,-37.88327618,144.7009549,27665,16,22:50:40,22:51:00,0,10,30,10
2023-07-10,Monday,Normal Weekday,Metro,6549,Werribee,Northern & Cross-City,D,Flinders Street,Werribee,Werribee,-37.89937805,144.661118,31697,17,22:56:00,22:56:00,0,10,10,0
2023-07-10,Monday,Normal Weekday,Metro,6550,Werribee,Northern & Cross-City,U,Werribee,Flinders Street,Werribee,-37.89937805,144.661118,31697,1,22:25:00,22:25:00,0,0,0,0
2023-07-10,Monday,Normal Weekday,Metro,6550,Werribee,Northern & Cross-City,U,Werribee,Flinders Street,Hoppers Crossing,-37.88327618,144.7009549,27665,2,22:27:40,22:28:00,0,0,0,0
2023-07-10,Monday,Normal Weekday,Metro,6550,Werribee,Northern & Cross-City,U,Werribee,Flinders Street,Williams Landing,-37.86986533,144.7474447,23200,3,22:30:40,22:31:00,0,0,0,0
2023-07-10,Monday,Normal Weekday,Metro,6550,Werribee,Northern & Cross-City,U,Werribee,Flinders Street,Aircraft,-37.86660595,144.7608094,22226,4,22:33:40,22:34:00,0,0,0,0
2023-07-10,Monday,Normal Weekday,Metro,6550,Werribee,Northern & Cross-City,U,Werribee,Flinders Street,Laverton,-37.86369404,144.7726167,21005,5,22:35:40,22:36:00,0,0,0,10
2023-07-10,Monday,Normal Weekday,Metro,6550,Werribee,Northern & Cross-City,U,Werribee,Flinders Street,Westona,-37.86516348,144.8134936,18533,6,22:39:40,22:40:00,0,0,10,10
2023-07-10,Monday,Normal Weekday,Metro,6550,Werribee,Northern & Cross-City,U,Werribee,Flinders Street,Altona,-37.8671476,144.8296447,17148,7,22:41:40,22:42:00,0,0,10,10
2023-07-10,Monday,Normal Weekday,Metro,6550,Werribee,Northern & Cross-City,U,Werribee,Flinders Street,Seaholme,-37.86784231,144.8409577,16127,8,22:43:40,22:44:00,0,0,10,10
2023-07-10,Monday,Normal Weekday,Metro,6550,Werribee,Northern & Cross-City,U,Werribee,Flinders Street,Newport,-37.84271757,144.8835999,10555,9,22:51:40,22:52:00,0,0,10,10
2023-07-10,Monday,Normal Weekday,Metro,6550,Werribee,Northern & Cross-City,U,Werribee,Flinders Street,Spotswood,-37.83063888,144.8859335,9220,10,22:53:40,22:54:00,0,0,10,10
2023-07-10,Monday,Normal Weekday,Metro,6550,Werribee,Northern & Cross-City,U,Werribee,Flinders Street,Yarraville,-37.81585044,144.8899337,7542,11,22:55:40,22:56:00,0,0,10,10
2023-07-10,Monday,Normal Weekday,Metro,6550,Werribee,Northern & Cross-City,U,Werribee,Flinders Street,Seddon,-37.80900514,144.8956716,6618,12,22:57:40,22:58:00,0,0,10,10
2023-07-10,Monday,Normal Weekday,Metro,6550,Werribee,Northern & Cross-City,U,Werribee,Flinders Street,Footscray,-37.80108298,144.9031992,5623,13,22:59:40,23:00:00,0,0,10,10
2023-07-10,Monday,Normal Weekday,Metro,6550,Werribee,Northern & Cross-City,U,Werribee,Flinders Street,South Kensington,-37.79953087,144.925469,3492,14,23:02:40,23:03:00,0,0,10,10
2023-07-10,Monday,Normal Weekday,Metro,6550,Werribee,Northern & Cross-City,U,Werribee,Flinders Street,North Melbourne,-37.80630984,144.9415102,1680,15,23:05:40,23:06:00,0,0,10,10
2023-07-10,Monday,Normal Weekday,Metro,6550,Werribee,Northern & Cross-City,U,Werribee,Flinders Street,Southern Cross,-37.81793643,144.9514112,0,16,23:08:40,23:09:00,0,0,10,10
2023-07-10,Monday,Normal Weekday,Metro,6550,Werribee,Northern & Cross-City,U,Werribee,Flinders Street,Flinders Street,-37.81830513,144.9669643,1232,17,23:13:00,23:13:00,0,10,10,0
2023-07-10,Monday,Normal Weekday,Metro,6551,Werribee,Northern & Cross-City,D,Flinders Street,Werribee,Flinders Street,-37.81830513,144.9669643,1232,1,22:28:00,22:28:00,100,0,0,100
2023-07-10,Monday,Normal Weekday,Metro,6551,Werribee,Northern & Cross-City,D,Flinders Street,Werribee,Southern Cross,-37.81793643,144.9514112,0,2,22:30:40,22:31:00,30,0,100,130
2023-07-10,Monday,Normal Weekday,Metro,6551,Werribee,Northern & Cross-City,D,Flinders Street,Werribee,North Melbourne,-37.80630984,144.9415102,1680,3,22:33:40,22:34:00,20,20,130,120
2023-07-10,Monday,Normal Weekday,Metro,6551,Werribee,Northern & Cross-City,D,Flinders Street,Werribee,South Kensington,-37.79953087,144.925469,3492,4,22:36:40,22:37:00,0,0,120,120
2023-07-10,Monday,Normal Weekday,Metro,6551,Werribee,Northern & Cross-City,D,Flinders Street,Werribee,Footscray,-37.80108298,144.9031992,5623,5,22:39:40,22:40:00,0,40,120,80
2023-07-10,Monday,Normal Weekday,Metro,6551,Werribee,Northern & Cross-City,D,Flinders Street,Werribee,Seddon,-37.80900514,144.8956716,6618,6,22:40:40,22:41:00,0,10,80,70
2023-07-10,Monday,Normal Weekday,Metro,6551,Werribee,Northern & Cross-City,D,Flinders Street,Werribee,Yarraville,-37.81585044,144.8899337,7542,7,22:42:40,22:43:00,0,10,70,70
2023-07-10,Monday,Normal Weekday,Metro,6551,Werribee,Northern & Cross-City,D,Flinders Street,Werribee,Spotswood,-37.83063888,144.8859335,9220,8,22:44:40,22:45:00,0,0,70,60
2023-07-10,Monday,Normal Weekday,Metro,6551,Werribee,Northern & Cross-City,D,Flinders Street,Werribee,Newport,-37.84271757,144.8835999,10555,9,22:47:40,22:48:00,0,10,60,60
2023-07-10,Monday,Normal Weekday,Metro,6551,Werribee,Northern & Cross-City,D,Flinders Street,Werribee,Seaholme,-37.86784231,144.8409577,16127,10,22:54:40,22:55:00,0,0,60,50
2023-07-10,Monday,Normal Weekday,Metro,6551,Werribee,Northern & Cross-City,D,Flinders Street,Werribee,Altona,-37.8671476,144.8296447,17148,11,22:56:40,22:57:00,0,0,50,50
2023-07-10,Monday,Normal Weekday,Metro,6551,Werribee,Northern & Cross-City,D,Flinders Street,Werribee,Westona,-37.86516348,144.8134936,18533,12,22:59:40,23:00:00,0,0,50,50
2023-07-10,Monday,Normal Weekday,Metro,6551,Werribee,Northern & Cross-City,D,Flinders Street,Werribee,Laverton,-37.86369404,144.7726167,21005,13,23:03:40,23:04:00,0,10,50,40
2023-07-10,Monday,Normal Weekday,Metro,6551,Werribee,Northern & Cross-City,D,Flinders Street,Werribee,Aircraft,-37.86660595,144.7608094,22226,14,23:04:40,23:05:00,0,0,40,40
2023-07-10,Monday,Normal Weekday,Metro,6551,Werribee,Northern & Cross-City,D,Flinders Street,Werribee,Williams Landing,-37.86986533,144.7474447,23200,15,23:06:40,23:07:00,0,20,40,20
2023-07-10,Monday,Normal Weekday,Metro,6551,Werribee,Northern & Cross-City,D,Flinders Street,Werribee,Hoppers Crossing,-37.88327618,144.7009549,27665,16,23:10:40,23:11:00,0,10,20,10
2023-07-10,Monday,Normal Weekday,Metro,6551,Werribee,Northern & Cross-City,D,Flinders Street,Werribee,Werribee,-37.89937805,144.661118,31697,17,23:16:00,23:16:00,0,10,10,0
2023-07-10,Monday,Normal Weekday,Metro,6552,Werribee,Northern & Cross-City,U,Werribee,Flinders Street,Werribee,-37.89937805,144.661118,31697,1,22:45:00,22:45:00,0,0,0,0
2023-07-10,Monday,Normal Weekday,Metro,6552,Werribee,Northern & Cross-City,U,Werribee,Flinders Street,Hoppers Crossing,-37.88327618,144.7009549,27665,2,22:47:40,22:48:00,0,0,0,0
2023-07-10,Monday,Normal Weekday,Metro,6552,Werribee,Northern & Cross-City,U,Werribee,Flinders Street,Williams Landing,-37.86986533,144.7474447,23200,3,22:50:40,22:51:00,0,0,0,0
2023-07-10,Monday,Normal Weekday,Metro,6552,Werribee,Northern & Cross-City,U,Werribee,Flinders Street,Aircraft,-37.86660595,144.7608094,22226,4,22:53:40,22:54:00,0,0,0,0
2023-07-10,Monday,Normal Weekday,Metro,6552,Werribee,Northern & Cross-City,U,Werribee,Flinders Street,Laverton,-37.86369404,144.7726167,21005,5,22:55:40,22:56:00,0,0,0,0
2023-07-10,Monday,Normal Weekday,Metro,6552,Werribee,Northern & Cross-City,U,Werribee,Flinders Street,Westona,-37.86516348,144.8134936,18533,6,22:59:40,23:00:00,0,0,0,0
2023-07-10,Monday,Normal Weekday,Metro,6552,Werribee,Northern & Cross-City,U,Werribee,Flinders Street,Altona,-37.8671476,144.8296447,17148,7,23:01:40,23:02:00,0,0,0,0
2023-07-10,Monday,Normal Weekday,Metro,6552,Werribee,Northern & Cross-City,U,Werribee,Flinders Street,Seaholme,-37.86784231,144.8409577,16127,8,23:03:40,23:04:00,0,0,0,0
2023-07-10,Monday,Normal Weekday,Metro,6552,Werribee,Northern & Cross-City,U,Werribee,Flinders Street,Newport,-37.84271757,144.8835999,10555,9,23:11:40,23:12:00,0,0,0,0
2023-07-10,Monday,Normal Weekday,Metro,6552,Werribee,Northern & Cross-City,U,Werribee,Flinders Street,Spotswood,-37.83063888,144.8859335,9220,10,23:13:40,23:14:00,0,0,0,10
2023-07-10,Monday,Normal Weekday,Metro,6552,Werribee,Northern & Cross-City,U,Werribee,Flinders Street,Yarraville,-37.81585044,144.8899337,7542,11,23:15:40,23:16:00,0,0,10,10
2023-07-10,Monday,Normal Weekday,Metro,6552,Werribee,Northern & Cross-City,U,Werribee,Flinders Street,Seddon,-37.80900514,144.8956716,6618,12,23:17:40,23:18:00,0,0,10,10
2023-07-10,Monday,Normal Weekday,Metro,6552,Werribee,Northern & Cross-City,U,Werribee,Flinders Street,Footscray,-37.80108298,144.9031992,5623,13,23:19:40,23:20:00,0,0,10,10
2023-07-10,Monday,Normal Weekday,Metro,6552,Werribee,Northern & Cross-City,U,Werribee,Flinders Street,South Kensington,-37.79953087,144.925469,3492,14,23:22:40,23:23:00,0,0,10,10
2023-07-10,Monday,Normal Weekday,Metro,6552,Werribee,Northern & Cross-City,U,Werribee,Flinders Street,North Melbourne,-37.80630984,144.9415102,1680,15,23:25:40,23:26:00,10,0,10,20
2023-07-10,Monday,Normal Weekday,Metro,6552,Werribee,Northern & Cross-City,U,Werribee,Flinders Street,Southern Cross,-37.81793643,144.9514112,0,16,23:28:40,23:29:00,10,10,20,20
2023-07-10,Monday,Normal Weekday,Metro,6552,Werribee,Northern & Cross-City,U,Werribee,Flinders Street,Flinders Street,-37.81830513,144.9669643,1232,17,23:33:00,23:33:00,0,20,20,0
2023-07-10,Monday,Normal Weekday,Metro,6553,Werribee,Northern & Cross-City,D,Flinders Street,Werribee,Flinders Street,-37.81830513,144.9669643,1232,1,22:48:00,22:48:00,80,0,0,80
2023-07-10,Monday,Normal Weekday,Metro,6553,Werribee,Northern & Cross-City,D,Flinders Street,Werribee,Southern Cross,-37.81793643,144.9514112,0,2,22:50:40,22:51:00,30,10,80,100
2023-07-10,Monday,Normal Weekday,Metro,6553,Werribee,Northern & Cross-City,D,Flinders Street,Werribee,North Melbourne,-37.80630984,144.9415102,1680,3,22:53:40,22:54:00,10,10,100,100
2023-07-10,Monday,Normal Weekday,Metro,6553,Werribee,Northern & Cross-City,D,Flinders Street,Werribee,South Kensington,-37.79953087,144.925469,3492,4,22:56:40,22:57:00,0,0,100,90
2023-07-10,Monday,Normal Weekday,Metro,6553,Werribee,Northern & Cross-City,D,Flinders Street,Werribee,Footscray,-37.80108298,144.9031992,5623,5,22:59:40,23:00:00,0,30,90,70
2023-07-10,Monday,Normal Weekday,Metro,6553,Werribee,Northern & Cross-City,D,Flinders Street,Werribee,Seddon,-37.80900514,144.8956716,6618,6,23:00:40,23:01:00,0,10,70,60
2023-07-10,Monday,Normal Weekday,Metro,6553,Werribee,Northern & Cross-City,D,Flinders Street,Werribee,Yarraville,-37.81585044,144.8899337,7542,7,23:02:40,23:03:00,0,10,60,60
2023-07-10,Monday,Normal Weekday,Metro,6553,Werribee,Northern & Cross-City,D,Flinders Street,Werribee,Spotswood,-37.83063888,144.8859335,9220,8,23:04:40,23:05:00,0,0,60,50
2023-07-10,Monday,Normal Weekday,Metro,6553,Werribee,Northern & Cross-City,D,Flinders Street,Werribee,Newport,-37.84271757,144.8835999,10555,9,23:07:40,23:08:00,0,10,50,50
2023-07-10,Monday,Normal Weekday,Metro,6553,Werribee,Northern & Cross-City,D,Flinders Street,Werribee,Seaholme,-37.86784231,144.8409577,16127,10,23:14:40,23:15:00,0,0,50,40
2023-07-10,Monday,Normal Weekday,Metro,6553,Werribee,Northern & Cross-City,D,Flinders Street,Werribee,Altona,-37.8671476,144.8296447,17148,11,23:16:40,23:17:00,0,0,40,40
2023-07-10,Monday,Normal Weekday,Metro,6553,Werribee,Northern & Cross-City,D,Flinders Street,Werribee,Westona,-37.86516348,144.8134936,18533,12,23:19:40,23:20:00,0,0,40,40
2023-07-10,Monday,Normal Weekday,Metro,6553,Werribee,Northern & Cross-City,D,Flinders Street,Werribee,Laverton,-37.86369404,144.7726167,21005,13,23:23:40,23:24:00,0,10,40,40
2023-07-10,Monday,Normal Weekday,Metro,6553,Werribee,Northern & Cross-City,D,Flinders Street,Werribee,Aircraft,-37.86660595,144.7608094,22226,14,23:24:40,23:25:00,0,0,40,30
2023-07-10,Monday,Normal Weekday,Metro,6553,Werribee,Northern & Cross-City,D,Flinders Street,Werribee,Williams Landing,-37.86986533,144.7474447,23200,15,23:26:40,23:27:00,0,10,30,20
2023-07-10,Monday,Normal Weekday,Metro,6553,Werribee,Northern & Cross-City,D,Flinders Street,Werribee,Hoppers Crossing,-37.88327618,144.7009549,27665,16,23:30:40,23:31:00,0,10,20,20
2023-07-10,Monday,Normal Weekday,Metro,6553,Werribee,Northern & Cross-City,D,Flinders Street,Werribee,Werribee,-37.89937805,144.661118,31697,17,23:36:00,23:36:00,0,20,20,0
2023-07-10,Monday,Normal Weekday,Metro,6554,Werribee,Northern & Cross-City,U,Werribee,Flinders Street,Werribee,-37.89937805,144.661118,31697,1,23:05:00,23:05:00,0,0,0,0
2023-07-10,Monday,Normal Weekday,Metro,6554,Werribee,Northern & Cross-City,U,Werribee,Flinders Street,Hoppers Crossing,-37.88327618,144.7009549,27665,2,23:07:40,23:08:00,0,0,0,0
2023-07-10,Monday,Normal Weekday,Metro,6554,Werribee,Northern & Cross-City,U,Werribee,Flinders Street,Williams Landing,-37.86986533,144.7474447,23200,3,23:10:40,23:11:00,0,0,0,0
2023-07-10,Monday,Normal Weekday,Metro,6554,Werribee,Northern & Cross-City,U,Werribee,Flinders Street,Aircraft,-37.86660595,144.7608094,22226,4,23:13:40,23:14:00,0,0,0,0
2023-07-10,Monday,Normal Weekday,Metro,6554,Werribee,Northern & Cross-City,U,Werribee,Flinders Street,Laverton,-37.86369404,144.7726167,21005,5,23:15:40,23:16:00,0,0,0,0
2023-07-10,Monday,Normal Weekday,Metro,6554,Werribee,Northern & Cross-City,U,Werribee,Flinders Street,Westona,-37.86516348,144.8134936,18533,6,23:19:40,23:20:00,0,0,0,0
2023-07-10,Monday,Normal Weekday,Metro,6554,Werribee,Northern & Cross-City,U,Werribee,Flinders Street,Altona,-37.8671476,144.8296447,17148,7,23:21:40,23:22:00,0,0,0,0
2023-07-10,Monday,Normal Weekday,Metro,6554,Werribee,Northern & Cross-City,U,Werribee,Flinders Street,Seaholme,-37.86784231,144.8409577,16127,8,23:23:40,23:24:00,0,0,0,0
2023-07-10,Monday,Normal Weekday,Metro,6554,Werribee,Northern & Cross-City,U,Werribee,Flinders Street,Newport,-37.84271757,144.8835999,10555,9,23:31:40,23:32:00,0,0,0,0
2023-07-10,Monday,Normal Weekday,Metro,6554,Werribee,Northern & Cross-City,U,Werribee,Flinders Street,Spotswood,-37.83063888,144.8859335,9220,10,23:33:40,23:34:00,0,0,0,0
2023-07-10,Monday,Normal Weekday,Metro,6554,Werribee,Northern & Cross-City,U,Werribee,Flinders Street,Yarraville,-37.81585044,144.8899337,7542,11,23:35:40,23:36:00,0,0,0,0
2023-07-10,Monday,Normal Weekday,Metro,6554,Werribee,Northern & Cross-City,U,Werribee,Flinders Street,Seddon,-37.80900514,144.8956716,6618,12,23:37:40,23:38:00,0,0,0,0
2023-07-10,Monday,Normal Weekday,Metro,6554,Werribee,Northern & Cross-City,U,Werribee,Flinders Street,Footscray,-37.80108298,144.9031992,5623,13,23:39:40,23:40:00,0,0,0,0
2023-07-10,Monday,Normal Weekday,Metro,6554,Werribee,Northern & Cross-City,U,Werribee,Flinders Street,South Kensington,-37.79953087,144.925469,3492,14,23:42:40,23:43:00,0,0,0,0
2023-07-10,Monday,Normal Weekday,Metro,6554,Werribee,Northern & Cross-City,U,Werribee,Flinders Street,North Melbourne,-37.80630984,144.9415102,1680,15,23:45:40,23:46:00,0,0,0,0
2023-07-10,Monday,Normal Weekday,Metro,6554,Werribee,Northern & Cross-City,U,Werribee,Flinders Street,Southern Cross,-37.81793643,144.9514112,0,16,23:48:40,23:49:00,0,0,0,0
2023-07-10,Monday,Normal Weekday,Metro,6554,Werribee,Northern & Cross-City,U,Werribee,Flinders Street,Flinders Street,-37.81830513,144.9669643,1232,17,23:53:00,23:53:00,0,0,0,0
2023-07-10,Monday,Normal Weekday,Metro,6555,Werribee,Northern & Cross-City,D,Flinders Street,Werribee,Flinders Street,-37.81830513,144.9669643,1232,1,23:08:00,23:08:00,50,0,0,50
2023-07-10,Monday,Normal Weekday,Metro,6555,Werribee,Northern & Cross-City,D,Flinders Street,Werribee,Southern Cross,-37.81793643,144.9514112,0,2,23:10:40,23:11:00,20,0,50,70
2023-07-10,Monday,Normal Weekday,Metro,6555,Werribee,Northern & Cross-City,D,Flinders Street,Werribee,North Melbourne,-37.80630984,144.9415102,1680,3,23:13:40,23:14:00,10,20,70,60
2023-07-10,Monday,Normal Weekday,Metro,6555,Werribee,Northern & Cross-City,D,Flinders Street,Werribee,South Kensington,-37.79953087,144.925469,3492,4,23:16:40,23:17:00,0,0,60,60
2023-07-10,Monday,Normal Weekday,Metro,6555,Werribee,Northern & Cross-City,D,Flinders Street,Werribee,Footscray,-37.80108298,144.9031992,5623,5,23:19:40,23:20:00,0,20,60,40
2023-07-10,Monday,Normal Weekday,Metro,6555,Werribee,Northern & Cross-City,D,Flinders Street,Werribee,Seddon,-37.80900514,144.8956716,6618,6,23:20:40,23:21:00,0,0,40,40
2023-07-10,Monday,Normal Weekday,Metro,6555,Werribee,Northern & Cross-City,D,Flinders Street,Werribee,Yarraville,-37.81585044,144.8899337,7542,7,23:22:40,23:23:00,0,0,40,30
2023-07-10,Monday,Normal Weekday,Metro,6555,Werribee,Northern & Cross-City,D,Flinders Street,Werribee,Spotswood,-37.83063888,144.8859335,9220,8,23:24:40,23:25:00,0,0,30,30
2023-07-10,Monday,Normal Weekday,Metro,6555,Werribee,Northern & Cross-City,D,Flinders Street,Werribee,Newport,-37.84271757,144.8835999,10555,9,23:27:40,23:28:00,0,10,30,30
2023-07-10,Monday,Normal Weekday,Metro,6555,Werribee,Northern & Cross-City,D,Flinders Street,Werribee,Seaholme,-37.86784231,144.8409577,16127,10,23:34:40,23:35:00,0,0,30,30
2023-07-10,Monday,Normal Weekday,Metro,6555,Werribee,Northern & Cross-City,D,Flinders Street,Werribee,Altona,-37.8671476,144.8296447,17148,11,23:36:40,23:37:00,0,0,30,20
2023-07-10,Monday,Normal Weekday,Metro,6555,Werribee,Northern & Cross-City,D,Flinders Street,Werribee,Westona,-37.86516348,144.8134936,18533,12,23:39:40,23:40:00,0,0,20,20
2023-07-10,Monday,Normal Weekday,Metro,6555,Werribee,Northern & Cross-City,D,Flinders Street,Werribee,Laverton,-37.86369404,144.7726167,21005,13,23:43:40,23:44:00,0,10,20,20
2023-07-10,Monday,Normal Weekday,Metro,6555,Werribee,Northern & Cross-City,D,Flinders Street,Werribee,Aircraft,-37.86660595,144.7608094,22226,14,23:44:40,23:45:00,0,0,20,20
2023-07-10,Monday,Normal Weekday,Metro,6555,Werribee,Northern & Cross-City,D,Flinders Street,Werribee,Williams Landing,-37.86986533,144.7474447,23200,15,23:46:40,23:47:00,0,10,20,10
2023-07-10,Monday,Normal Weekday,Metro,6555,Werribee,Northern & Cross-City,D,Flinders Street,Werribee,Hoppers Crossing,-37.88327618,144.7009549,27665,16,23:50:40,23:51:00,0,0,10,10
2023-07-10,Monday,Normal Weekday,Metro,6555,Werribee,Northern & Cross-City,D,Flinders Street,Werribee,Werribee,-37.89937805,144.661118,31697,17,23:56:00,23:56:00,0,10,10,0
2023-07-10,Monday,Normal Weekday,Metro,6556,Werribee,Northern & Cross-City,U,Werribee,Flinders Street,Werribee,-37.89937805,144.661118,31697,1,23:25:00,23:25:00,0,0,0,0
2023-07-10,Monday,Normal Weekday,Metro,6556,Werribee,Northern & Cross-City,U,Werribee,Flinders Street,Hoppers Crossing,-37.88327618,144.7009549,27665,2,23:27:40,23:28:00,0,0,0,0
2023-07-10,Monday,Normal Weekday,Metro,6556,Werribee,Northern & Cross-City,U,Werribee,Flinders Street,Williams Landing,-37.86986533,144.7474447,23200,3,23:30:40,23:31:00,0,0,0,0
2023-07-10,Monday,Normal Weekday,Metro,6556,Werribee,Northern & Cross-City,U,Werribee,Flinders Street,Aircraft,-37.86660595,144.7608094,22226,4,23:33:40,23:34:00,0,0,0,0
2023-07-10,Monday,Normal Weekday,Metro,6556,Werribee,Northern & Cross-City,U,Werribee,Flinders Street,Laverton,-37.86369404,144.7726167,21005,5,23:35:40,23:36:00,0,0,0,0
2023-07-10,Monday,Normal Weekday,Metro,6556,Werribee,Northern & Cross-City,U,Werribee,Flinders Street,Westona,-37.86516348,144.8134936,18533,6,23:39:40,23:40:00,0,0,0,0
2023-07-10,Monday,Normal Weekday,Metro,6556,Werribee,Northern & Cross-City,U,Werribee,Flinders Street,Altona,-37.8671476,144.8296447,17148,7,23:41:40,23:42:00,0,0,0,0
2023-07-10,Monday,Normal Weekday,Metro,6556,Werribee,Northern & Cross-City,U,Werribee,Flinders Street,Seaholme,-37.86784231,144.8409577,16127,8,23:43:40,23:44:00,0,0,0,0
2023-07-10,Monday,Normal Weekday,Metro,6556,Werribee,Northern & Cross-City,U,Werribee,Flinders Street,Newport,-37.84271757,144.8835999,10555,9,23:51:40,23:52:00,0,0,0,0
2023-07-10,Monday,Normal Weekday,Metro,6556,Werribee,Northern & Cross-City,U,Werribee,Flinders Street,Spotswood,-37.83063888,144.8859335,9220,10,23:53:40,23:54:00,0,0,0,0
2023-07-10,Monday,Normal Weekday,Metro,6556,Werribee,Northern & Cross-City,U,Werribee,Flinders Street,Yarraville,-37.81585044,144.8899337,7542,11,23:55:40,23:56:00,0,0,0,0
2023-07-10,Monday,Normal Weekday,Metro,6556,Werribee,Northern & Cross-City,U,Werribee,Flinders Street,Seddon,-37.80900514,144.8956716,6618,12,23:57:40,23:58:00,0,0,0,0
2023-07-10,Monday,Normal Weekday,Metro,6556,Werribee,Northern & Cross-City,U,Werribee,Flinders Street,Footscray,-37.80108298,144.9031992,5623,13,23:59:40,00:00:00,0,0,0,0
2023-07-10,Monday,Normal Weekday,Metro,6556,Werribee,Northern & Cross-City,U,Werribee,Flinders Street,South Kensington,-37.79953087,144.925469,3492,14,00:02:40,00:03:00,0,0,0,0
2023-07-10,Monday,Normal Weekday,Metro,6556,Werribee,Northern & Cross-City,U,Werribee,Flinders Street,North Melbourne,-37.80630984,144.9415102,1680,15,00:05:40,00:06:00,0,0,0,10
2023-07-10,Monday,Normal Weekday,Metro,6556,Werribee,Northern & Cross-City,U,Werribee,Flinders Street,Southern Cross,-37.81793643,144.9514112,0,16,00:08:40,00:09:00,0,0,10,0
2023-07-10,Monday,Normal Weekday,Metro,6556,Werribee,Northern & Cross-City,U,Werribee,Flinders Street,Flinders Street,-37.81830513,144.9669643,1232,17,00:13:00,00:13:00,0,0,0,0
2023-07-10,Monday,Normal Weekday,Metro,6557,Werribee,Northern & Cross-City,D,Flinders Street,Werribee,Flinders Street,-37.81830513,144.9669643,1232,1,23:28:00,23:28:00,40,0,0,40
2023-07-10,Monday,Normal Weekday,Metro,6557,Werribee,Northern & Cross-City,D,Flinders Street,Werribee,Southern Cross,-37.81793643,144.9514112,0,2,23:30:40,23:31:00,20,0,40,60
2023-07-10,Monday,Normal Weekday,Metro,6557,Werribee,Northern & Cross-City,D,Flinders Street,Werribee,North Melbourne,-37.80630984,144.9415102,1680,3,23:33:40,23:34:00,10,10,60,60
2023-07-10,Monday,Normal Weekday,Metro,6557,Werribee,Northern & Cross-City,D,Flinders Street,Werribee,South Kensington,-37.79953087,144.925469,3492,4,23:36:40,23:37:00,0,10,60,50
2023-07-10,Monday,Normal Weekday,Metro,6557,Werribee,Northern & Cross-City,D,Flinders Street,Werribee,Footscray,-37.80108298,144.9031992,5623,5,23:39:40,23:40:00,0,20,50,30
2023-07-10,Monday,Normal Weekday,Metro,6557,Werribee,Northern & Cross-City,D,Flinders Street,Werribee,Seddon,-37.80900514,144.8956716,6618,6,23:40:40,23:41:00,0,0,30,30
2023-07-10,Monday,Normal Weekday,Metro,6557,Werribee,Northern & Cross-City,D,Flinders Street,Werribee,Yarraville,-37.81585044,144.8899337,7542,7,23:42:40,23:43:00,0,0,30,30
2023-07-10,Monday,Normal Weekday,Metro,6557,Werribee,Northern & Cross-City,D,Flinders Street,Werribee,Spotswood,-37.83063888,144.8859335,9220,8,23:44:40,23:45:00,0,0,30,20
2023-07-10,Monday,Normal Weekday,Metro,6557,Werribee,Northern & Cross-City,D,Flinders Street,Werribee,Newport,-37.84271757,144.8835999,10555,9,23:47:40,23:48:00,0,10,20,20
2023-07-10,Monday,Normal Weekday,Metro,6557,Werribee,Northern & Cross-City,D,Flinders Street,Werribee,Seaholme,-37.86784231,144.8409577,16127,10,23:54:40,23:55:00,0,0,20,20
2023-07-10,Monday,Normal Weekday,Metro,6557,Werribee,Northern & Cross-City,D,Flinders Street,Werribee,Altona,-37.8671476,144.8296447,17148,11,23:56:40,23:57:00,0,0,20,20
2023-07-10,Monday,Normal Weekday,Metro,6557,Werribee,Northern & Cross-City,D,Flinders Street,Werribee,Westona,-37.86516348,144.8134936,18533,12,23:59:40,00:00:00,0,0,20,20
2023-07-10,Monday,Normal Weekday,Metro,6557,Werribee,Northern & Cross-City,D,Flinders Street,Werribee,Laverton,-37.86369404,144.7726167,21005,13,00:03:40,00:04:00,0,10,20,10
2023-07-10,Monday,Normal Weekday,Metro,6557,Werribee,Northern & Cross-City,D,Flinders Street,Werribee,Aircraft,-37.86660595,144.7608094,22226,14,00:04:40,00:05:00,0,0,10,10
2023-07-10,Monday,Normal Weekday,Metro,6557,Werribee,Northern & Cross-City,D,Flinders Street,Werribee,Williams Landing,-37.86986533,144.7474447,23200,15,00:06:40,00:07:00,0,0,10,10
2023-07-10,Monday,Normal Weekday,Metro,6557,Werribee,Northern & Cross-City,D,Flinders Street,Werribee,Hoppers Crossing,-37.88327618,144.7009549,27665,16,00:10:40,00:11:00,0,0,10,10
2023-07-10,Monday,Normal Weekday,Metro,6557,Werribee,Northern & Cross-City,D,Flinders Street,Werribee,Werribee,-37.89937805,144.661118,31697,17,00:16:00,00:16:00,0,10,10,0
2023-07-10,Monday,Normal Weekday,Metro,6559,Werribee,Northern & Cross-City,D,Flinders Street,Werribee,Flinders Street,-37.81830513,144.9669643,1232,1,23:48:00,23:48:00,20,0,0,20
2023-07-10,Monday,Normal Weekday,Metro,6559,Werribee,Northern & Cross-City,D,Flinders Street,Werribee,Southern Cross,-37.81793643,144.9514112,0,2,23:50:40,23:51:00,20,0,20,50
2023-07-10,Monday,Normal Weekday,Metro,6559,Werribee,Northern & Cross-City,D,Flinders Street,Werribee,North Melbourne,-37.80630984,144.9415102,1680,3,23:53:40,23:54:00,10,10,50,40
2023-07-10,Monday,Normal Weekday,Metro,6559,Werribee,Northern & Cross-City,D,Flinders Street,Werribee,South Kensington,-37.79953087,144.925469,3492,4,23:56:40,23:57:00,0,0,40,40
2023-07-10,Monday,Normal Weekday,Metro,6559,Werribee,Northern & Cross-City,D,Flinders Street,Werribee,Footscray,-37.80108298,144.9031992,5623,5,23:59:40,00:00:00,0,10,40,40
2023-07-10,Monday,Normal Weekday,Metro,6559,Werribee,Northern & Cross-City,D,Flinders Street,Werribee,Seddon,-37.80900514,144.8956716,6618,6,00:00:40,00:01:00,0,0,40,30
2023-07-10,Monday,Normal Weekday,Metro,6559,Werribee,Northern & Cross-City,D,Flinders Street,Werribee,Yarraville,-37.81585044,144.8899337,7542,7,00:02:40,00:03:00,0,0,30,30
2023-07-10,Monday,Normal Weekday,Metro,6559,Werribee,Northern & Cross-City,D,Flinders Street,Werribee,Spotswood,-37.83063888,144.8859335,9220,8,00:04:40,00:05:00,0,0,30,30
2023-07-10,Monday,Normal Weekday,Metro,6559,Werribee,Northern & Cross-City,D,Flinders Street,Werribee,Newport,-37.84271757,144.8835999,10555,9,00:07:40,00:08:00,0,0,30,30
2023-07-10,Monday,Normal Weekday,Metro,6559,Werribee,Northern & Cross-City,D,Flinders Street,Werribee,Seaholme,-37.86784231,144.8409577,16127,10,00:14:40,00:15:00,0,0,30,30
2023-07-10,Monday,Normal Weekday,Metro,6559,Werribee,Northern & Cross-City,D,Flinders Street,Werribee,Altona,-37.8671476,144.8296447,17148,11,00:16:40,00:17:00,0,0,30,30
2023-07-10,Monday,Normal Weekday,Metro,6559,Werribee,Northern & Cross-City,D,Flinders Street,Werribee,Westona,-37.86516348,144.8134936,18533,12,00:19:40,00:20:00,0,0,30,20
2023-07-10,Monday,Normal Weekday,Metro,6559,Werribee,Northern & Cross-City,D,Flinders Street,Werribee,Laverton,-37.86369404,144.7726167,21005,13,00:23:40,00:24:00,0,10,30,20
2023-07-10,Monday,Normal Weekday,Metro,6559,Werribee,Northern & Cross-City,D,Flinders Street,Werribee,Aircraft,-37.86660595,144.7608094,22226,14,00:24:40,00:25:00,0,0,20,20
2023-07-10,Monday,Normal Weekday,Metro,6559,Werribee,Northern & Cross-City,D,Flinders Street,Werribee,Williams Landing,-37.86986533,144.7474447,23200,15,00:26:40,00:27:00,0,0,20,10
2023-07-10,Monday,Normal Weekday,Metro,6559,Werribee,Northern & Cross-City,D,Flinders Street,Werribee,Hoppers Crossing,-37.88327618,144.7009549,27665,16,00:30:40,00:31:00,0,0,10,10
2023-07-10,Monday,Normal Weekday,Metro,6559,Werribee,Northern & Cross-City,D,Flinders Street,Werribee,Werribee,-37.89937805,144.661118,31697,17,00:36:00,00:36:00,0,10,10,0
2023-07-10,Monday,Normal Weekday,Metro,6561,Werribee,Northern & Cross-City,D,Flinders Street,Werribee,Flinders Street,-37.81830513,144.9669643,1232,1,00:08:00,00:08:00,20,0,0,20
2023-07-10,Monday,Normal Weekday,Metro,6561,Werribee,Northern & Cross-City,D,Flinders Street,Werribee,Southern Cross,-37.81793643,144.9514112,0,2,00:10:40,00:11:00,10,0,20,30
2023-07-10,Monday,Normal Weekday,Metro,6561,Werribee,Northern & Cross-City,D,Flinders Street,Werribee,North Melbourne,-37.80630984,144.9415102,1680,3,00:13:40,00:14:00,0,10,30,30
2023-07-10,Monday,Normal Weekday,Metro,6561,Werribee,Northern & Cross-City,D,Flinders Street,Werribee,South Kensington,-37.79953087,144.925469,3492,4,00:16:40,00:17:00,0,0,30,30
2023-07-10,Monday,Normal Weekday,Metro,6561,Werribee,Northern & Cross-City,D,Flinders Street,Werribee,Footscray,-37.80108298,144.9031992,5623,5,00:19:40,00:20:00,0,20,30,10
2023-07-10,Monday,Normal Weekday,Metro,6561,Werribee,Northern & Cross-City,D,Flinders Street,Werribee,Seddon,-37.80900514,144.8956716,6618,6,00:20:40,00:21:00,0,0,10,10
2023-07-10,Monday,Normal Weekday,Metro,6561,Werribee,Northern & Cross-City,D,Flinders Street,Werribee,Yarraville,-37.81585044,144.8899337,7542,7,00:22:40,00:23:00,0,0,10,10
2023-07-10,Monday,Normal Weekday,Metro,6561,Werribee,Northern & Cross-City,D,Flinders Street,Werribee,Spotswood,-37.83063888,144.8859335,9220,8,00:24:40,00:25:00,0,0,10,10
2023-07-10,Monday,Normal Weekday,Metro,6561,Werribee,Northern & Cross-City,D,Flinders Street,Werribee,Newport,-37.84271757,144.8835999,10555,9,00:27:40,00:28:00,0,0,10,10
2023-07-10,Monday,Normal Weekday,Metro,6561,Werribee,Northern & Cross-City,D,Flinders Street,Werribee,Seaholme,-37.86784231,144.8409577,16127,10,00:34:40,00:35:00,0,0,10,10
2023-07-10,Monday,Normal Weekday,Metro,6561,Werribee,Northern & Cross-City,D,Flinders Street,Werribee,Altona,-37.8671476,144.8296447,17148,11,00:36:40,00:37:00,0,0,10,10
2023-07-10,Monday,Normal Weekday,Metro,6561,Werribee,Northern & Cross-City,D,Flinders Street,Werribee,Westona,-37.86516348,144.8134936,18533,12,00:39:40,00:40:00,0,0,10,10
2023-07-10,Monday,Normal Weekday,Metro,6561,Werribee,Northern & Cross-City,D,Flinders Street,Werribee,Laverton,-37.86369404,144.7726167,21005,13,00:43:40,00:44:00,0,0,10,10
2023-07-10,Monday,Normal Weekday,Metro,6561,Werribee,Northern & Cross-City,D,Flinders Street,Werribee,Aircraft,-37.86660595,144.7608094,22226,14,00:44:40,00:45:00,0,0,10,0
2023-07-10,Monday,Normal Weekday,Metro,6561,Werribee,Northern & Cross-City,D,Flinders Street,Werribee,Williams Landing,-37.86986533,144.7474447,23200,15,00:46:40,00:47:00,0,0,0,0
2023-07-10,Monday,Normal Weekday,Metro,6561,Werribee,Northern & Cross-City,D,Flinders Street,Werribee,Hoppers Crossing,-37.88327618,144.7009549,27665,16,00:50:40,00:51:00,0,0,0,0
2023-07-10,Monday,Normal Weekday,Metro,6561,Werribee,Northern & Cross-City,D,Flinders Street,Werribee,Werribee,-37.89937805,144.661118,31697,17,00:56:00,00:56:00,0,0,0,0
